{"type": "FeatureCollection", "features": [{"type": "Feature", "geometry": {"type": "Polygon", "coordinates": [[[85.0118412, 25.6353061], [85.0120397, 25.6353424], [85.0128759, 25.6352978], [85.0136209, 25.6353474], [85.0179795, 25.6349731], [85.0178537, 25.6320191], [85.020376, 25.6325873], [85.0210687, 25.6310968], [85.022151, 25.6304571], [85.0211687, 25.6288024], [85.020498, 25.628528], [85.0206309, 25.6279058], [85.0205239, 25.6268227], [85.0244555, 25.6256697], [85.0246382, 25.6260765], [85.025364, 25.6258396], [85.0254327, 25.6264372], [85.0251124, 25.626592], [85.0251666, 25.6269629], [85.0248812, 25.6269691], [85.0247067, 25.6264353], [85.0238176, 25.6266316], [85.0238502, 25.6269876], [85.0226925, 25.6276137], [85.0231309, 25.629013], [85.0248111, 25.6286602], [85.0250608, 25.6296703], [85.0261522, 25.6295636], [85.0262706, 25.6278897], [85.0257926, 25.6277204], [85.0260837, 25.626966], [85.0264066, 25.6267237], [85.026396, 25.6261664], [85.0259936, 25.6262116], [85.0259246, 25.625839], [85.025877, 25.6253939], [85.0261946, 25.6243617], [85.0291423, 25.6237301], [85.0292117, 25.6229515], [85.0326056, 25.6223239], [85.0322338, 25.6210741], [85.0317506, 25.6210751], [85.0316759, 25.6206527], [85.0282019, 25.6175813], [85.0272905, 25.6178501], [85.0264447, 25.6169794], [85.0269365, 25.6166001], [85.0259241, 25.6157749], [85.025835, 25.6155852], [85.0260938, 25.6153843], [85.0254857, 25.614502], [85.0252455, 25.6145582], [85.0248766, 25.6137323], [85.0243999, 25.6138364], [85.0235856, 25.6136775], [85.0229448, 25.6138202], [85.0229388, 25.6144071], [85.0225839, 25.6144873], [85.0225019, 25.6151046], [85.0221289, 25.614929], [85.0218592, 25.6149716], [85.0217628, 25.6151818], [85.0214586, 25.6151107], [85.0211432, 25.6140731], [85.0209048, 25.6140904], [85.0207912, 25.6138195], [85.021084, 25.6135457], [85.0209762, 25.6129982], [85.0225811, 25.6126402], [85.0226327, 25.6122927], [85.0196569, 25.6094251], [85.0199486, 25.6090354], [85.0201753, 25.6091336], [85.0213457, 25.6096408], [85.0226163, 25.6092015], [85.0222907, 25.6087511], [85.0223814, 25.6076918], [85.0230148, 25.6078129], [85.0226407, 25.6099281], [85.0221685, 25.6101271], [85.0228668, 25.6104545], [85.0238938, 25.6114068], [85.0244355, 25.6113127], [85.0246754, 25.6117571], [85.0245723, 25.6122753], [85.0252206, 25.613305], [85.0255014, 25.6131721], [85.0254623, 25.6129828], [85.0258062, 25.6128602], [85.0259614, 25.613268], [85.0263797, 25.6130698], [85.0264635, 25.6126259], [85.0285557, 25.6119733], [85.0284106, 25.6108023], [85.028692, 25.6106856], [85.0289664, 25.6113687], [85.0292847, 25.6112212], [85.0291628, 25.6105528], [85.029441, 25.6104696], [85.0297641, 25.6112961], [85.0300246, 25.6112075], [85.0304431, 25.612274], [85.0301309, 25.6122906], [85.0303257, 25.6128583], [85.0293974, 25.6131361], [85.0290375, 25.6124114], [85.0279736, 25.6127661], [85.0278752, 25.6124464], [85.027058, 25.6127557], [85.0270212, 25.6129979], [85.027258, 25.6138555], [85.0277339, 25.6141355], [85.0281783, 25.6146599], [85.0287876, 25.6147379], [85.0289993, 25.6151987], [85.0296786, 25.6151385], [85.0297526, 25.615376], [85.0326212, 25.6153709], [85.0326974, 25.6167922], [85.0348794, 25.6166855], [85.0366213, 25.6160083], [85.0364187, 25.6156957], [85.0346054, 25.6143112], [85.0342525, 25.6102272], [85.0350528, 25.6102013], [85.0350279, 25.6094312], [85.036626, 25.6093308], [85.0373976, 25.6099877], [85.0378175, 25.6110636], [85.0396092, 25.6110185], [85.0392946, 25.6103014], [85.0387325, 25.6102789], [85.037729, 25.6086847], [85.0386747, 25.607688], [85.0393263, 25.6077739], [85.0405396, 25.6083669], [85.0408437, 25.6094449], [85.041711, 25.6094753], [85.0420831, 25.6088359], [85.0464079, 25.6084094], [85.0463645, 25.6059439], [85.0487557, 25.6056614], [85.050364, 25.6067855], [85.0505941, 25.6075316], [85.0531713, 25.6073837], [85.0531394, 25.6064663], [85.0525574, 25.6066156], [85.051202, 25.6059744], [85.0515646, 25.6047123], [85.0528176, 25.604893], [85.0527776, 25.6042301], [85.0519548, 25.6041945], [85.0519511, 25.603196], [85.0529938, 25.6020748], [85.0539171, 25.6020635], [85.0542235, 25.6028832], [85.0553465, 25.6030016], [85.0555144, 25.6036056], [85.0565749, 25.6036843], [85.0571465, 25.604195], [85.0573222, 25.6046364], [85.0583591, 25.6044478], [85.0584883, 25.6041599], [85.0578337, 25.6015474], [85.0560568, 25.6017306], [85.055927, 25.6015094], [85.0549049, 25.598098], [85.0531443, 25.5980155], [85.0531984, 25.5989992], [85.0523718, 25.5991814], [85.052205, 25.5988924], [85.051076, 25.5987274], [85.0514407, 25.5978952], [85.0523365, 25.5971042], [85.0527019, 25.5962248], [85.053394, 25.5956342], [85.0535465, 25.5950524], [85.053674, 25.5945534], [85.0550669, 25.5939055], [85.0545617, 25.5924761], [85.0527685, 25.5931383], [85.0529011, 25.5942224], [85.0526282, 25.5952669], [85.0517017, 25.5954998], [85.0518018, 25.5959657], [85.0501272, 25.5966413], [85.0498937, 25.5956717], [85.0509948, 25.5954197], [85.0510237, 25.5949652], [85.0507239, 25.5948749], [85.0504818, 25.5933546], [85.0498754, 25.5928906], [85.0494006, 25.590667], [85.0488637, 25.5897193], [85.0489043, 25.588288], [85.0493016, 25.5882646], [85.0503389, 25.5899516], [85.0512562, 25.5899147], [85.0513162, 25.5887803], [85.0534108, 25.5887371], [85.0533256, 25.5874007], [85.0482059, 25.5870095], [85.0485472, 25.5886526], [85.048631, 25.5892821], [85.0471118, 25.5896097], [85.0473284, 25.5909521], [85.0468729, 25.5914647], [85.0474966, 25.5929147], [85.0467181, 25.5936704], [85.0467008, 25.5946362], [85.0455113, 25.5949807], [85.0458545, 25.5961658], [85.0455785, 25.596329], [85.0441339, 25.595711], [85.0434592, 25.5969281], [85.0424652, 25.5965144], [85.040972, 25.5948192], [85.0416975, 25.5938838], [85.0415814, 25.591492], [85.0403042, 25.5884195], [85.0397945, 25.5881599], [85.0385699, 25.5884211], [85.0381845, 25.5871566], [85.0366446, 25.5876212], [85.0356607, 25.5873177], [85.0351442, 25.5879317], [85.0344712, 25.5879386], [85.035563, 25.5929778], [85.0358752, 25.5942079], [85.0334519, 25.5948047], [85.0322471, 25.5933562], [85.0321485, 25.5928448], [85.0330603, 25.5926108], [85.0326751, 25.5911675], [85.031465, 25.5913229], [85.0309797, 25.5902163], [85.0302738, 25.590394], [85.0283237, 25.5886929], [85.0279079, 25.5830255], [85.027816, 25.5809629], [85.030983, 25.5814359], [85.0314949, 25.5808069], [85.0337361, 25.5810864], [85.034204, 25.5788391], [85.0340002, 25.5777838], [85.0333504, 25.5779128], [85.0332525, 25.5773802], [85.0354875, 25.5771596], [85.0372447, 25.5767681], [85.0370001, 25.5759452], [85.0364325, 25.5761075], [85.0363802, 25.57597], [85.0367095, 25.5758666], [85.0363365, 25.5748735], [85.0348681, 25.5732087], [85.0339552, 25.5725128], [85.034956, 25.571954], [85.0351574, 25.5718572], [85.0349516, 25.5714835], [85.0358223, 25.5711232], [85.035867, 25.5713605], [85.0354086, 25.5715442], [85.0356481, 25.5717716], [85.0360143, 25.5715979], [85.0364527, 25.5715761], [85.0364065, 25.5711681], [85.0370387, 25.5709862], [85.0369788, 25.570597], [85.0368071, 25.5706597], [85.0360013, 25.5709839], [85.0356035, 25.5698263], [85.0359623, 25.5696207], [85.0363772, 25.5704454], [85.037015, 25.570253], [85.0368625, 25.5698398], [85.0365561, 25.5698842], [85.0365049, 25.5697278], [85.0366983, 25.5696491], [85.0367815, 25.5697527], [85.0369634, 25.5697065], [85.0372854, 25.5704556], [85.0370977, 25.5705401], [85.0373118, 25.5711217], [85.0379723, 25.5710076], [85.0381168, 25.5716125], [85.0382672, 25.5715849], [85.0383256, 25.5717725], [85.0374624, 25.5719072], [85.0375529, 25.5721934], [85.0377158, 25.5722509], [85.0377789, 25.5723903], [85.0381817, 25.5723377], [85.0380953, 25.5719745], [85.038217, 25.5719509], [85.0383296, 25.5720091], [85.0384646, 25.5723434], [85.0383728, 25.5724072], [85.0383951, 25.572513], [85.0381448, 25.5725844], [85.0382098, 25.5728983], [85.0380769, 25.5729083], [85.0380467, 25.5727679], [85.0377176, 25.5728617], [85.0375471, 25.5729286], [85.0378903, 25.5736158], [85.0382688, 25.5742355], [85.038407, 25.5741411], [85.038555, 25.5743855], [85.0383822, 25.5745], [85.0385161, 25.5747848], [85.0384536, 25.5748648], [85.0386274, 25.5750106], [85.0388729, 25.5748625], [85.0391762, 25.5753443], [85.0395569, 25.5751419], [85.0398221, 25.5755276], [85.0400323, 25.5754451], [85.0405341, 25.5752206], [85.040445, 25.5750491], [85.0405482, 25.575003], [85.0406647, 25.575174], [85.0408151, 25.5750993], [85.0410577, 25.5754622], [85.0411037, 25.5754269], [85.0411609, 25.5755293], [85.0410198, 25.5755911], [85.0409091, 25.5754644], [85.0406755, 25.5755657], [85.0407545, 25.5756758], [85.0407828, 25.5757605], [85.0410921, 25.5759114], [85.0412327, 25.5760223], [85.0414517, 25.5758468], [85.0413362, 25.5756467], [85.0414228, 25.5755794], [85.04116, 25.5751866], [85.0412603, 25.5751055], [85.0412115, 25.574951], [85.041317, 25.5748801], [85.0419942, 25.5745741], [85.0422052, 25.5748137], [85.0425991, 25.5746102], [85.0421669, 25.5740988], [85.0417764, 25.5743194], [85.041678, 25.5741448], [85.0411671, 25.5744516], [85.0411445, 25.5745859], [85.0412041, 25.5747599], [85.0409782, 25.5748643], [85.0409125, 25.5747392], [85.0407743, 25.5747968], [85.0407076, 25.574717], [85.0408162, 25.5746008], [85.0410679, 25.574423], [85.0407393, 25.5737772], [85.0403277, 25.5739022], [85.0405698, 25.5745893], [85.040391, 25.5747017], [85.0404703, 25.5748959], [85.0403831, 25.5749392], [85.0402753, 25.5747426], [85.040024, 25.5749278], [85.0401224, 25.575058], [85.0398138, 25.5752137], [85.0397055, 25.5750389], [85.0397675, 25.574872], [85.0399594, 25.5747903], [85.0396538, 25.5742606], [85.0395095, 25.5742788], [85.0394473, 25.5741242], [85.0391097, 25.5742462], [85.0391818, 25.5744476], [85.0390899, 25.5744603], [85.0389924, 25.574278], [85.0388761, 25.5743108], [85.0386216, 25.5737427], [85.0385295, 25.5737628], [85.038483, 25.5736326], [85.0387433, 25.5735025], [85.038888, 25.5734903], [85.038936, 25.5737392], [85.0392435, 25.5736687], [85.039146, 25.5733677], [85.0395168, 25.5733031], [85.0394073, 25.5731006], [85.0393054, 25.5730596], [85.0391169, 25.5731037], [85.0390721, 25.5732086], [85.0386458, 25.5733191], [85.0385954, 25.5731216], [85.038394, 25.5731756], [85.0383686, 25.5730495], [85.0385907, 25.5729968], [85.0385187, 25.5727033], [85.0386282, 25.5726231], [85.0385986, 25.5725289], [85.0387792, 25.5724873], [85.0386952, 25.5721898], [85.0387808, 25.572167], [85.0389106, 25.5723312], [85.0392398, 25.5723075], [85.0393561, 25.5728027], [85.0396004, 25.5727472], [85.0396634, 25.572875], [85.0400448, 25.5727857], [85.0400297, 25.5726599], [85.0398808, 25.5726825], [85.0398261, 25.5725612], [85.0399721, 25.5725201], [85.0399072, 25.5723908], [85.0400734, 25.5723204], [85.0399504, 25.571942], [85.0397367, 25.5719313], [85.0396991, 25.5718037], [85.0398111, 25.5716938], [85.0397361, 25.5714576], [85.039115, 25.5716963], [85.0389302, 25.571207], [85.0395489, 25.570946], [85.0394596, 25.5708278], [85.0393587, 25.5708499], [85.0392809, 25.5705596], [85.0389585, 25.5706044], [85.0387666, 25.5707103], [85.0388812, 25.5709547], [85.0383591, 25.5711304], [85.0383023, 25.5709834], [85.0381527, 25.5709589], [85.0380929, 25.5707427], [85.0382624, 25.5706673], [85.0383607, 25.5708952], [85.0385911, 25.5708375], [85.0386136, 25.5707306], [85.0388264, 25.5706156], [85.0388054, 25.5705474], [85.0393224, 25.570369], [85.0392181, 25.5700459], [85.0393417, 25.5699932], [85.0392257, 25.5696541], [85.0389556, 25.5697588], [85.0390013, 25.5699261], [85.0389173, 25.5699697], [85.0388381, 25.5698111], [85.0385436, 25.5699055], [85.0388317, 25.5703563], [85.0384619, 25.5705541], [85.0383801, 25.5704205], [85.0385587, 25.5703549], [85.0384796, 25.5701248], [85.0383553, 25.5698375], [85.0387389, 25.5696947], [85.038588, 25.5693967], [85.0375705, 25.5697076], [85.0374903, 25.5695032], [85.0377268, 25.5694101], [85.037606, 25.5690195], [85.0364653, 25.5694539], [85.0359629, 25.5685238], [85.0363483, 25.5682989], [85.0364836, 25.5684359], [85.0369165, 25.5682925], [85.0369712, 25.5684186], [85.0371655, 25.5683686], [85.0372835, 25.5688896], [85.0375581, 25.5688646], [85.0377659, 25.5688178], [85.0379633, 25.569317], [85.0386793, 25.5690352], [85.038502, 25.568703], [85.0390265, 25.5684735], [85.0399908, 25.5682416], [85.0399065, 25.5681049], [85.0395682, 25.5681686], [85.0394949, 25.5680193], [85.0397735, 25.5678905], [85.040061, 25.5678071], [85.0399217, 25.567541], [85.0401157, 25.5674495], [85.0400328, 25.5673035], [85.039733, 25.5674724], [85.0396025, 25.5674945], [85.0390224, 25.5674327], [85.0386187, 25.5676528], [85.0388217, 25.5680976], [85.0388734, 25.5682427], [85.038599, 25.5683767], [85.0382023, 25.5678196], [85.0379789, 25.5679526], [85.0378121, 25.5680125], [85.037818, 25.5681252], [85.0376764, 25.5681682], [85.0375632, 25.5678082], [85.0379571, 25.5676452], [85.0378093, 25.5671541], [85.0366757, 25.5674267], [85.0362559, 25.5667181], [85.0367363, 25.5665066], [85.0366136, 25.5662103], [85.0368228, 25.5660976], [85.0373023, 25.5669125], [85.0379767, 25.5666836], [85.0378271, 25.5661797], [85.0375856, 25.566173], [85.0374056, 25.5657413], [85.0376911, 25.5656471], [85.037569, 25.5653829], [85.0373661, 25.5654762], [85.0371805, 25.5651859], [85.0378364, 25.5649183], [85.0384089, 25.5646491], [85.0383175, 25.5643933], [85.0384825, 25.564287], [85.0381997, 25.5638855], [85.0377873, 25.5635592], [85.0376044, 25.5638918], [85.0379065, 25.5643218], [85.0380382, 25.5645516], [85.0371426, 25.5648333], [85.0370137, 25.564564], [85.0366786, 25.5646794], [85.0365044, 25.5644903], [85.0368066, 25.5643251], [85.0365944, 25.5640597], [85.0362124, 25.5642379], [85.0351309, 25.5627438], [85.0346317, 25.56301], [85.0345376, 25.5627795], [85.0349044, 25.5625395], [85.0348488, 25.5621505], [85.0340944, 25.5626153], [85.0338889, 25.5623479], [85.0342992, 25.5620667], [85.0339745, 25.5615535], [85.0328476, 25.5622176], [85.0331108, 25.562452], [85.0329757, 25.5626059], [85.0337527, 25.5629634], [85.0340023, 25.5633137], [85.0337298, 25.5635503], [85.0338096, 25.5636754], [85.0335629, 25.5638741], [85.0333516, 25.5637187], [85.0331192, 25.5638439], [85.0324989, 25.5634647], [85.0327801, 25.5631701], [85.032308, 25.5629252], [85.0326432, 25.5625755], [85.0320526, 25.5615527], [85.0326108, 25.5611992], [85.0330979, 25.5612182], [85.033326, 25.5614306], [85.0336564, 25.561168], [85.0339588, 25.5612025], [85.0343805, 25.5610136], [85.0342131, 25.5605971], [85.0334355, 25.5610346], [85.0333348, 25.5608904], [85.0341056, 25.5603937], [85.0338719, 25.5601399], [85.033671, 25.5602462], [85.0333181, 25.5598222], [85.0331815, 25.559897], [85.0329941, 25.5596836], [85.0334198, 25.5594377], [85.0339304, 25.5590861], [85.0340475, 25.5592248], [85.0337799, 25.5594828], [85.0338635, 25.5597448], [85.0342444, 25.5595263], [85.0345006, 25.559816], [85.0346826, 25.5597855], [85.0348489, 25.5599466], [85.0343624, 25.5603348], [85.0343949, 25.560574], [85.0350939, 25.56142], [85.0353041, 25.561216], [85.0361698, 25.5616963], [85.036328, 25.5614872], [85.0364709, 25.5614365], [85.0371396, 25.5622264], [85.0384377, 25.5637596], [85.0387291, 25.5640945], [85.039594, 25.5651789], [85.0395667, 25.5656343], [85.040489, 25.566827], [85.0408128, 25.5666223], [85.0421036, 25.5681206], [85.0422464, 25.5685454], [85.0430927, 25.5696388], [85.0442414, 25.5713546], [85.0456649, 25.5729837], [85.0445104, 25.5742684], [85.0449456, 25.5752692], [85.0452172, 25.5752176], [85.0453365, 25.5754469], [85.0461005, 25.5757875], [85.046669, 25.5765406], [85.0466875, 25.5772688], [85.0482299, 25.5772512], [85.0488644, 25.5768613], [85.049583, 25.5763128], [85.048795, 25.5754546], [85.0493754, 25.5750607], [85.0464472, 25.5723916], [85.0445359, 25.5704401], [85.0427217, 25.5679838], [85.0421644, 25.5668108], [85.0408256, 25.5643298], [85.0408532, 25.5643054], [85.0411495, 25.5644769], [85.0412183, 25.5642759], [85.0417403, 25.5639336], [85.0419633, 25.5641551], [85.0424031, 25.5639638], [85.0421037, 25.5634736], [85.0434351, 25.5619589], [85.0436849, 25.5624235], [85.0438612, 25.5624085], [85.0439021, 25.5624643], [85.0445031, 25.5622677], [85.043951, 25.5612828], [85.0445468, 25.5605804], [85.0446009, 25.5607643], [85.045946, 25.5604895], [85.0459155, 25.5603444], [85.0461267, 25.5602718], [85.0471623, 25.5606406], [85.0473943, 25.5605994], [85.0474345, 25.5609217], [85.0471519, 25.5609324], [85.0472577, 25.5611496], [85.0473388, 25.5611549], [85.0477947, 25.5610629], [85.0479315, 25.561668], [85.0475273, 25.5617373], [85.0475935, 25.5618697], [85.0481683, 25.5618193], [85.0483585, 25.5618697], [85.0483538, 25.5620416], [85.0478002, 25.5620366], [85.0478386, 25.5622292], [85.0481364, 25.5622992], [85.0484071, 25.5622892], [85.048545, 25.562569], [85.0487375, 25.5625473], [85.0486458, 25.5620462], [85.048463, 25.5613322], [85.048746, 25.5611811], [85.0486826, 25.5607737], [85.0490839, 25.5607044], [85.0490755, 25.5605511], [85.0498745, 25.560431], [85.0498735, 25.5603282], [85.0497585, 25.5603397], [85.0497432, 25.5602726], [85.0496295, 25.5602182], [85.0492522, 25.5602791], [85.0492347, 25.5602111], [85.0488487, 25.5602713], [85.0488308, 25.5601304], [85.0493929, 25.5600501], [85.0494387, 25.5599695], [85.0496231, 25.559943], [85.0497641, 25.5602128], [85.0501819, 25.5601196], [85.0501663, 25.5599437], [85.0500837, 25.5599602], [85.0500099, 25.5596689], [85.0506949, 25.5594573], [85.050757, 25.5596676], [85.0513091, 25.5595336], [85.051378, 25.5597415], [85.0505105, 25.5599169], [85.050546, 25.5602108], [85.0506363, 25.5602133], [85.0508853, 25.5602591], [85.0509346, 25.5606036], [85.0505329, 25.5607281], [85.0505583, 25.5609167], [85.0506824, 25.5609201], [85.0506927, 25.5610039], [85.0515335, 25.56087], [85.0516866, 25.5613443], [85.0514126, 25.561459], [85.0514635, 25.5619746], [85.0517141, 25.5619744], [85.0519308, 25.5625917], [85.0516402, 25.5627051], [85.0516246, 25.5627967], [85.0513832, 25.5628046], [85.0513236, 25.5627105], [85.0509227, 25.5626548], [85.0509688, 25.5629771], [85.0507857, 25.5630215], [85.0508147, 25.5632132], [85.0506497, 25.5632443], [85.0505379, 25.5626939], [85.0504232, 25.5623756], [85.0501096, 25.5624549], [85.0499547, 25.5624661], [85.0499177, 25.5623076], [85.0494521, 25.5623753], [85.0494963, 25.5621651], [85.0489605, 25.5621986], [85.0490149, 25.5624364], [85.0491278, 25.5628608], [85.0492165, 25.5628841], [85.04928, 25.5630136], [85.0499084, 25.5628131], [85.0499441, 25.5626965], [85.0501208, 25.5626604], [85.0503018, 25.5633911], [85.0506057, 25.5633544], [85.0506795, 25.5637154], [85.0502133, 25.5637657], [85.050243, 25.5639731], [85.0505072, 25.5639326], [85.0505857, 25.5641863], [85.0510094, 25.5641465], [85.0510807, 25.5643953], [85.0501881, 25.5645865], [85.0502628, 25.5653846], [85.0498541, 25.5650989], [85.0497485, 25.5643962], [85.0493673, 25.5644497], [85.0493527, 25.5645922], [85.0491257, 25.5646373], [85.0490921, 25.5644797], [85.0486773, 25.5645292], [85.0486319, 25.5642999], [85.0484441, 25.5643008], [85.048417, 25.5639894], [85.0485416, 25.5639298], [85.0484704, 25.5636483], [85.0483589, 25.5636659], [85.0483251, 25.5634811], [85.0485082, 25.5634323], [85.048481, 25.5632741], [85.0484589, 25.5627816], [85.0478586, 25.562867], [85.0478073, 25.5624468], [85.0474267, 25.5624203], [85.0474378, 25.5627233], [85.0471509, 25.562842], [85.0473195, 25.563653], [85.0476884, 25.563564], [85.0477602, 25.5640906], [85.047315, 25.564139], [85.0473884, 25.5643403], [85.0475257, 25.5643454], [85.0476724, 25.5647597], [85.04818, 25.5647038], [85.0482731, 25.5655232], [85.0485236, 25.5655315], [85.0484033, 25.5649713], [85.0485893, 25.5649295], [85.0488634, 25.5648785], [85.0490024, 25.566103], [85.0495245, 25.5660176], [85.049593, 25.5662674], [85.0506317, 25.5661437], [85.050668, 25.5663923], [85.051117, 25.5662934], [85.0511738, 25.5666711], [85.0515015, 25.5666304], [85.0515415, 25.5667713], [85.0521427, 25.5667984], [85.0523085, 25.5675832], [85.0529641, 25.5674652], [85.053031, 25.5677593], [85.0525175, 25.5679], [85.0525737, 25.5681317], [85.0519724, 25.5682786], [85.0521557, 25.5686565], [85.0518788, 25.5687031], [85.0516098, 25.5679549], [85.0520439, 25.5678407], [85.0518249, 25.5673132], [85.0509771, 25.5675171], [85.0509333, 25.5671858], [85.0503206, 25.5673779], [85.050875, 25.5688822], [85.0517532, 25.5689574], [85.0517556, 25.5692116], [85.0527254, 25.5693856], [85.0532184, 25.5693178], [85.0529879, 25.5683621], [85.0532056, 25.5683334], [85.0542281, 25.5687114], [85.0544504, 25.5685901], [85.0543277, 25.5678501], [85.0540812, 25.5678794], [85.0539827, 25.5673728], [85.0534074, 25.5674827], [85.0533212, 25.5671092], [85.0531761, 25.5670945], [85.0530855, 25.5668416], [85.0528561, 25.5668633], [85.0527614, 25.5663512], [85.0523587, 25.5664283], [85.0523348, 25.566346], [85.0527654, 25.5662243], [85.0527259, 25.5659648], [85.0531787, 25.5658845], [85.0532369, 25.5659747], [85.054071, 25.5657796], [85.0540159, 25.5656028], [85.0549816, 25.5654634], [85.0547062, 25.5641799], [85.0551583, 25.5641275], [85.0551624, 25.5639051], [85.0548857, 25.5639116], [85.0548387, 25.5635533], [85.0551343, 25.5634824], [85.0553451, 25.5640762], [85.0554715, 25.564687], [85.0557066, 25.5646196], [85.0556514, 25.5639125], [85.055646, 25.5637781], [85.0560552, 25.5636869], [85.055922, 25.5631547], [85.0561487, 25.5630971], [85.0563518, 25.5636946], [85.0564502, 25.5642167], [85.0567324, 25.5641338], [85.0566601, 25.5638865], [85.05687, 25.5638163], [85.0567704, 25.5634938], [85.0569198, 25.5634654], [85.0571763, 25.5643554], [85.0563855, 25.5644825], [85.0564505, 25.5646207], [85.0566927, 25.56459], [85.0567779, 25.5648462], [85.0568356, 25.5648282], [85.0568871, 25.5650035], [85.056771, 25.5650371], [85.0568715, 25.5653001], [85.0572347, 25.5652373], [85.0573152, 25.5656215], [85.0571214, 25.5656639], [85.0572349, 25.5661129], [85.057381, 25.5660753], [85.0577578, 25.566012], [85.0577226, 25.5659012], [85.0579423, 25.5658814], [85.0580966, 25.5658689], [85.0580885, 25.5654931], [85.0584882, 25.5654851], [85.0585902, 25.5659115], [85.058493, 25.5659242], [85.0586804, 25.5661989], [85.058849, 25.5661335], [85.0588118, 25.5658736], [85.0591451, 25.5658623], [85.0592143, 25.5660839], [85.0595304, 25.5660798], [85.0596025, 25.5666365], [85.0593541, 25.5666822], [85.0594462, 25.5669671], [85.0592374, 25.5670213], [85.0595146, 25.5676049], [85.0596141, 25.5675736], [85.0596743, 25.5677075], [85.0600265, 25.5676475], [85.0599806, 25.5675288], [85.0609045, 25.5672924], [85.0609239, 25.5673725], [85.0614355, 25.5673078], [85.0613653, 25.5670402], [85.0614758, 25.5669838], [85.0613821, 25.5667025], [85.0611456, 25.5667516], [85.0610747, 25.5664821], [85.0609441, 25.5665121], [85.060944, 25.5666598], [85.0603271, 25.5667733], [85.0603001, 25.5666836], [85.0607888, 25.5665725], [85.0607459, 25.5662885], [85.0611327, 25.5661998], [85.061095, 25.5660511], [85.0613773, 25.5660041], [85.06142, 25.566216], [85.0615836, 25.5661749], [85.0615558, 25.5660635], [85.0616346, 25.5659627], [85.0615563, 25.5656459], [85.0619848, 25.5655737], [85.0619089, 25.5653559], [85.0618841, 25.565069], [85.0614994, 25.5651086], [85.061459, 25.5648621], [85.060581, 25.5649822], [85.0605372, 25.5647728], [85.0622976, 25.5644112], [85.062385, 25.5650038], [85.0624583, 25.5652307], [85.0630556, 25.5650931], [85.0631202, 25.5653558], [85.0629204, 25.5653979], [85.0629161, 25.5654559], [85.0621526, 25.5656204], [85.062201, 25.5658504], [85.0625325, 25.5658084], [85.0626402, 25.5658552], [85.0631371, 25.5657202], [85.0631555, 25.5658925], [85.0633913, 25.5660729], [85.0638808, 25.5659837], [85.0646164, 25.5658315], [85.0645264, 25.5654058], [85.0637888, 25.5654586], [85.0637226, 25.565212], [85.0641748, 25.5650322], [85.0644426, 25.564787], [85.0645818, 25.5647444], [85.0644309, 25.5643284], [85.0647809, 25.564223], [85.0650844, 25.5648407], [85.0647626, 25.5649183], [85.064811, 25.5653063], [85.0650956, 25.5652821], [85.065125, 25.5657235], [85.0655117, 25.5656877], [85.0655874, 25.5655518], [85.0664051, 25.5656131], [85.0664281, 25.5652295], [85.0660444, 25.5651854], [85.0661814, 25.5646879], [85.0657646, 25.5647262], [85.0657026, 25.5648776], [85.0653423, 25.5650152], [85.0651853, 25.5645089], [85.0655501, 25.5644169], [85.0655186, 25.5642579], [85.0657844, 25.5642041], [85.0657871, 25.5638785], [85.0665971, 25.563744], [85.066663, 25.5640533], [85.066936, 25.5639961], [85.0672194, 25.5636612], [85.0671176, 25.5632905], [85.0674436, 25.5630704], [85.0672692, 25.5627593], [85.0671872, 25.5625143], [85.0667649, 25.5624648], [85.0667183, 25.5623306], [85.0671333, 25.5623059], [85.0670682, 25.5619799], [85.0671545, 25.5619881], [85.0672304, 25.5622599], [85.067591, 25.5621272], [85.0680573, 25.5626513], [85.0676004, 25.5628638], [85.0677112, 25.5633324], [85.067561, 25.5634339], [85.0673484, 25.5637805], [85.0673757, 25.5640893], [85.0671356, 25.5641716], [85.0671995, 25.5643061], [85.0668597, 25.5643788], [85.0670759, 25.5651259], [85.067231, 25.5650947], [85.0672615, 25.5653003], [85.0670958, 25.5653231], [85.0670866, 25.565666], [85.06735, 25.5656176], [85.067616, 25.5656337], [85.0676886, 25.5653364], [85.0680431, 25.565223], [85.0682359, 25.5659192], [85.068439, 25.565914], [85.0685192, 25.56608], [85.0695402, 25.5658335], [85.069622, 25.5661943], [85.0698631, 25.5661453], [85.0699421, 25.5663344], [85.0706662, 25.5661416], [85.0707595, 25.5663405], [85.0709264, 25.5662074], [85.070863, 25.5657282], [85.0712069, 25.565681], [85.0712435, 25.5655477], [85.0713453, 25.5655284], [85.0713655, 25.5656667], [85.071809, 25.5656601], [85.0718125, 25.5654516], [85.0716727, 25.565434], [85.0716252, 25.5651894], [85.0715984, 25.5648541], [85.0713946, 25.5648365], [85.0713967, 25.5647212], [85.0717217, 25.564737], [85.0717074, 25.5645854], [85.0719813, 25.5646194], [85.0719924, 25.5647334], [85.0718284, 25.5647514], [85.0718692, 25.5651144], [85.0719645, 25.5651197], [85.0719707, 25.5651919], [85.0720856, 25.5651946], [85.0721174, 25.5655141], [85.0723711, 25.5654856], [85.0724433, 25.5655546], [85.0725511, 25.5657984], [85.0730454, 25.5657418], [85.0733489, 25.5658643], [85.0736645, 25.5658517], [85.0737301, 25.5662457], [85.0733669, 25.5663042], [85.0732877, 25.5659854], [85.0730945, 25.5659861], [85.0730925, 25.5660793], [85.0729688, 25.5661047], [85.0730139, 25.566352], [85.072622, 25.5664453], [85.0724979, 25.5663416], [85.0713891, 25.5665019], [85.0713186, 25.5663813], [85.0712999, 25.566146], [85.0710491, 25.5662988], [85.0710869, 25.566475], [85.0708592, 25.5666543], [85.0703054, 25.5667928], [85.0698906, 25.5670072], [85.0702006, 25.5673197], [85.0706756, 25.5672091], [85.0708182, 25.5675555], [85.0709121, 25.567553], [85.070974, 25.5682756], [85.071411, 25.5680319], [85.0713587, 25.56778], [85.0711636, 25.5678074], [85.0711085, 25.5675272], [85.0711781, 25.5674851], [85.0715719, 25.5674506], [85.0721015, 25.5673425], [85.0721404, 25.5674972], [85.072028, 25.5675735], [85.0721576, 25.5680775], [85.0731024, 25.5678827], [85.0731555, 25.5677335], [85.0733406, 25.5677202], [85.0735193, 25.5683142], [85.0737794, 25.5682381], [85.0735672, 25.5673622], [85.074178, 25.5672462], [85.0742569, 25.5676541], [85.0745487, 25.5676165], [85.074618, 25.5678934], [85.0741558, 25.5680008], [85.0742644, 25.5681117], [85.0745271, 25.5680837], [85.0746173, 25.5682987], [85.0748701, 25.5682626], [85.0748323, 25.5680354], [85.0754586, 25.5679519], [85.0755271, 25.568188], [85.0760551, 25.5681631], [85.0760214, 25.5679665], [85.0769196, 25.5677795], [85.0768568, 25.5674817], [85.0772198, 25.567376], [85.0774662, 25.567271], [85.0774009, 25.5669506], [85.0771817, 25.5669325], [85.0771091, 25.5667653], [85.0767406, 25.5667735], [85.0766367, 25.5662116], [85.0764816, 25.5662609], [85.0765085, 25.5660785], [85.0773659, 25.5659918], [85.0774462, 25.566077], [85.0781237, 25.5660522], [85.078142, 25.5664524], [85.0785981, 25.5663983], [85.0786944, 25.566577], [85.0788384, 25.5665452], [85.0787575, 25.5660542], [85.0784323, 25.5660496], [85.0783997, 25.5658032], [85.0779322, 25.565816], [85.0779296, 25.5655048], [85.0788433, 25.5654535], [85.078884, 25.5657681], [85.079656, 25.5656539], [85.0796887, 25.5655574], [85.0795325, 25.5651465], [85.0790473, 25.5651314], [85.0760542, 25.5613304], [85.0770031, 25.5605151], [85.0775691, 25.5608922], [85.0779765, 25.5604264], [85.0783826, 25.5605164], [85.0790358, 25.5613186], [85.0795743, 25.5611226], [85.0795269, 25.5604196], [85.0800384, 25.5603248], [85.0803622, 25.5588505], [85.083261, 25.558557], [85.086687, 25.5588902], [85.0878385, 25.5592429], [85.0881558, 25.5603942], [85.0866198, 25.5608494], [85.0868329, 25.5613604], [85.0852033, 25.5619557], [85.0832089, 25.5631863], [85.0833899, 25.5637855], [85.0838131, 25.5639309], [85.0847014, 25.5637254], [85.0849127, 25.5640176], [85.0853662, 25.5637888], [85.0856426, 25.5636979], [85.085823, 25.5641294], [85.0859906, 25.5640899], [85.0860355, 25.5642116], [85.0858489, 25.5642979], [85.085978, 25.5647151], [85.0862116, 25.5647002], [85.0863212, 25.5649738], [85.0862144, 25.564998], [85.0859979, 25.5647686], [85.0856519, 25.5648478], [85.0852536, 25.5644275], [85.0847168, 25.5646111], [85.0847704, 25.5648319], [85.0844988, 25.5649099], [85.0845638, 25.5652048], [85.0848019, 25.5651439], [85.0855443, 25.5649746], [85.0858001, 25.5651981], [85.0859838, 25.5651505], [85.0860747, 25.5653372], [85.0859373, 25.5653776], [85.0858325, 25.5652839], [85.0856556, 25.5653095], [85.0850427, 25.5655402], [85.0850552, 25.5656763], [85.0847422, 25.5657835], [85.0848675, 25.5660244], [85.08514, 25.5660672], [85.0857079, 25.5658541], [85.0859266, 25.5662196], [85.0863228, 25.5660605], [85.0861796, 25.5656982], [85.0864396, 25.5656225], [85.086632, 25.5662407], [85.086597, 25.5663551], [85.0864938, 25.566451], [85.0862462, 25.5665689], [85.0861319, 25.5663819], [85.0856181, 25.5665917], [85.0855238, 25.566452], [85.0853963, 25.5664986], [85.0852992, 25.5662911], [85.0849633, 25.5665087], [85.0851857, 25.566722], [85.0853029, 25.5666991], [85.0854917, 25.5665952], [85.0858263, 25.5670527], [85.0860208, 25.566995], [85.086154, 25.5672084], [85.0868059, 25.5669103], [85.0869776, 25.5673388], [85.0865547, 25.5674427], [85.0861831, 25.5676512], [85.0863752, 25.567822], [85.0867116, 25.5676523], [85.0867768, 25.5677994], [85.0866273, 25.5679152], [85.0868813, 25.5680973], [85.087683, 25.5676424], [85.0873608, 25.5671577], [85.0870948, 25.5665634], [85.0873172, 25.5664631], [85.087173, 25.5661108], [85.0877741, 25.5658312], [85.0878962, 25.5660152], [85.0890706, 25.5654598], [85.0902421, 25.5677819], [85.0909175, 25.5680072], [85.0923118, 25.567656], [85.0941323, 25.5670271], [85.0942, 25.5664993], [85.094445, 25.56648], [85.0947005, 25.566697], [85.0953994, 25.566514], [85.0949729, 25.5651954], [85.0988496, 25.5630649], [85.1005664, 25.5638186], [85.1002501, 25.5643695], [85.1003432, 25.564885], [85.099524, 25.5651472], [85.1000054, 25.5657294], [85.1014708, 25.5650272], [85.1020797, 25.564609], [85.1029753, 25.56466], [85.1031319, 25.5644976], [85.1019376, 25.5640395], [85.1020672, 25.5632204], [85.1028585, 25.5634755], [85.1044331, 25.564435], [85.104376, 25.564936], [85.1047327, 25.565197], [85.1054461, 25.5650523], [85.1066842, 25.5703398], [85.1058606, 25.5705542], [85.1058832, 25.5712241], [85.1068683, 25.5712914], [85.1070415, 25.5704403], [85.1072673, 25.5704317], [85.1073721, 25.5709038], [85.1082254, 25.5707965], [85.1082033, 25.5706275], [85.1085373, 25.5705208], [85.1086273, 25.570802], [85.1092279, 25.5706716], [85.1091481, 25.5703648], [85.1098441, 25.5701975], [85.1105195, 25.5700394], [85.1104726, 25.5703595], [85.1102101, 25.5702978], [85.1099173, 25.5704431], [85.1100621, 25.5705884], [85.1102725, 25.5705516], [85.1103949, 25.5709912], [85.1108921, 25.5707595], [85.1109573, 25.5708855], [85.1113914, 25.5708182], [85.1115205, 25.5710196], [85.1113538, 25.5710703], [85.1114438, 25.5719591], [85.1112442, 25.572037], [85.1110289, 25.5716768], [85.1108002, 25.5719801], [85.1108404, 25.572066], [85.1110917, 25.5720582], [85.1111198, 25.5722474], [85.110264, 25.572485], [85.1102271, 25.5724065], [85.1097301, 25.5723812], [85.1096307, 25.5720214], [85.1094386, 25.5720607], [85.109425, 25.5721952], [85.1092228, 25.5722228], [85.1091785, 25.5720459], [85.1092752, 25.5720355], [85.1092423, 25.5718755], [85.1095737, 25.5718182], [85.1095501, 25.5717152], [85.1086265, 25.5718418], [85.1090056, 25.572125], [85.1090348, 25.5722596], [85.1092976, 25.5725103], [85.1094421, 25.5725068], [85.1095039, 25.5729336], [85.1097406, 25.5728869], [85.1097201, 25.5726543], [85.109823, 25.5726532], [85.1098437, 25.5728553], [85.1100668, 25.572755], [85.1102965, 25.5727407], [85.1104959, 25.5736931], [85.111069, 25.5736354], [85.1110041, 25.5733921], [85.1111903, 25.5733795], [85.1113516, 25.5738156], [85.1115668, 25.5738076], [85.1116319, 25.5738623], [85.1120155, 25.5737951], [85.1118044, 25.5731], [85.1114112, 25.5727637], [85.1114512, 25.5725028], [85.1120316, 25.5725435], [85.111902, 25.5721152], [85.112363, 25.5720293], [85.1129659, 25.5733491], [85.112452, 25.5737594], [85.1129538, 25.574358], [85.1133391, 25.574995], [85.1136935, 25.5748058], [85.1134555, 25.5741768], [85.1145899, 25.5737371], [85.1143587, 25.5732732], [85.1145684, 25.5731769], [85.1144536, 25.5729795], [85.113749, 25.5731904], [85.1133396, 25.573187], [85.1133078, 25.5729387], [85.1135363, 25.5726499], [85.1134703, 25.5723019], [85.1140683, 25.5721464], [85.1139562, 25.5719142], [85.1138732, 25.570532], [85.1144825, 25.5704392], [85.1144429, 25.570054], [85.1148128, 25.5701263], [85.1147828, 25.5706287], [85.11488, 25.5711654], [85.1161078, 25.5709489], [85.1162677, 25.5712502], [85.1164312, 25.5712361], [85.1165529, 25.5715985], [85.1168506, 25.5714623], [85.1167407, 25.5712362], [85.1166567, 25.5710456], [85.1170414, 25.5709585], [85.1172587, 25.571481], [85.1175818, 25.5713115], [85.117636, 25.5713969], [85.1172763, 25.5715951], [85.1175441, 25.5721209], [85.1170166, 25.5724288], [85.1171696, 25.5726032], [85.1174499, 25.5723962], [85.1177668, 25.5729587], [85.1170374, 25.5733707], [85.1172751, 25.5736461], [85.1180202, 25.5732556], [85.1183611, 25.5727271], [85.118856, 25.5724642], [85.1192308, 25.5723597], [85.1192853, 25.571858], [85.1210113, 25.571393], [85.1210402, 25.5716645], [85.1225984, 25.5716092], [85.1230117, 25.5717071], [85.1231681, 25.5720524], [85.1235321, 25.5719936], [85.1233698, 25.5694885], [85.1211649, 25.5699299], [85.120879, 25.5683504], [85.122487, 25.566908], [85.1233107, 25.5654489], [85.1229427, 25.5646316], [85.119361, 25.5647338], [85.1190071, 25.5641591], [85.1180444, 25.5642357], [85.1180019, 25.5651041], [85.1172799, 25.5648743], [85.1165721, 25.5636738], [85.1192336, 25.5625755], [85.1198989, 25.5616687], [85.1197291, 25.5611196], [85.117733, 25.5613878], [85.1175631, 25.5605193], [85.1191203, 25.5597531], [85.1191486, 25.55914], [85.1195733, 25.5582333], [85.118823, 25.5559855], [85.1183134, 25.5551297], [85.1177188, 25.5533289], [85.1171808, 25.5514642], [85.1164305, 25.5514003], [85.1162323, 25.5506595], [85.1166964, 25.5505488], [85.1162324, 25.5496647], [85.1150394, 25.5500106], [85.1150573, 25.5474536], [85.1157085, 25.5451673], [85.1162465, 25.5443243], [85.1160908, 25.5427404], [85.1150573, 25.5429448], [85.1138115, 25.5417952], [85.1135426, 25.5409138], [85.1158935, 25.5400974], [85.1175914, 25.5397363], [85.1177129, 25.5401156], [85.1174231, 25.5403558], [85.1176849, 25.540805], [85.1180869, 25.5407606], [85.1184519, 25.5403575], [85.1228896, 25.5389546], [85.1230919, 25.5393989], [85.1226578, 25.5397741], [85.1227981, 25.5404556], [85.1202201, 25.5411354], [85.1201842, 25.5415106], [85.1199443, 25.5415923], [85.1197983, 25.5410442], [85.1190257, 25.5412734], [85.119545, 25.543775], [85.1184266, 25.5442349], [85.1190354, 25.5465084], [85.1209749, 25.5485265], [85.1212016, 25.5488461], [85.1232994, 25.548446], [85.1247795, 25.5482206], [85.126279, 25.548861], [85.1259448, 25.5498448], [85.1250342, 25.5505483], [85.1251679, 25.5522049], [85.1228577, 25.5529585], [85.1222773, 25.5530735], [85.1234948, 25.555117], [85.1237198, 25.5569134], [85.1241243, 25.557216], [85.1239317, 25.5574543], [85.1229785, 25.557248], [85.122546, 25.5574378], [85.1219258, 25.5568319], [85.1226435, 25.559232], [85.1229163, 25.5592334], [85.122476, 25.5577977], [85.1232102, 25.5577888], [85.1234494, 25.558489], [85.1238087, 25.5590923], [85.124219, 25.5590141], [85.1241851, 25.5586856], [85.1246173, 25.5583556], [85.124189, 25.5567653], [85.1244574, 25.5564325], [85.1250379, 25.5563941], [85.1244877, 25.5541345], [85.1253229, 25.5542465], [85.1255926, 25.5522813], [85.1261426, 25.5523288], [85.1262273, 25.5536322], [85.1276267, 25.5544051], [85.1285361, 25.5543881], [85.1286533, 25.5561624], [85.1283487, 25.5565969], [85.1288744, 25.5578118], [85.1294123, 25.557799], [85.1293274, 25.5561643], [85.1298866, 25.556055], [85.1304458, 25.5564452], [85.130998, 25.5562111], [85.1300282, 25.5549642], [85.1307715, 25.5547309], [85.1315237, 25.5557379], [85.1325744, 25.5542906], [85.1348816, 25.5531456], [85.1362946, 25.5535407], [85.1363438, 25.5554393], [85.1348807, 25.5556239], [85.1336129, 25.5569335], [85.1339187, 25.557534], [85.1348819, 25.5574167], [85.1350091, 25.5576501], [85.1334153, 25.5584025], [85.1328918, 25.5577847], [85.1315641, 25.5580928], [85.1316066, 25.5593061], [85.1307997, 25.5591783], [85.1308138, 25.5609408], [85.1318156, 25.5614995], [85.1322414, 25.5613203], [85.1324597, 25.5604234], [85.1331384, 25.5603148], [85.1331598, 25.5626095], [85.1326862, 25.5632887], [85.1306676, 25.5624891], [85.1301051, 25.5612709], [85.1282851, 25.5617057], [85.1285064, 25.5623902], [85.1299869, 25.5625419], [85.1307248, 25.5648106], [85.1298948, 25.5659563], [85.1292045, 25.5657655], [85.1295491, 25.564479], [85.1292374, 25.5634942], [85.1281992, 25.5632584], [85.1284407, 25.5653461], [85.1276424, 25.5653169], [85.1275591, 25.564907], [85.1271887, 25.5649361], [85.1277179, 25.5668066], [85.1293752, 25.567185], [85.1303777, 25.5665071], [85.13036, 25.5668548], [85.1294343, 25.5677153], [85.129698, 25.5680519], [85.1304008, 25.5681266], [85.1305543, 25.5676132], [85.1323994, 25.5673029], [85.1325614, 25.5679169], [85.1334397, 25.5676654], [85.133418, 25.5674576], [85.1342513, 25.5672373], [85.1346485, 25.5672606], [85.1348518, 25.567848], [85.1351591, 25.5678359], [85.1352311, 25.5686142], [85.1352662, 25.5689922], [85.1357333, 25.5687996], [85.1354213, 25.567996], [85.1360152, 25.5678362], [85.1353893, 25.5640855], [85.1377842, 25.5638614], [85.1398555, 25.5652757], [85.1409916, 25.5653923], [85.141832, 25.5646258], [85.1428655, 25.5644553], [85.1439613, 25.5658338], [85.1448901, 25.5717621], [85.1497618, 25.573137], [85.1499031, 25.5699293], [85.1512724, 25.5632126], [85.1525145, 25.5626118], [85.1530732, 25.5611352], [85.1535133, 25.5612483], [85.1584626, 25.5629433], [85.1590243, 25.5624322], [85.1627271, 25.56331], [85.1627359, 25.564092], [85.1628835, 25.5642753], [85.1635979, 25.5642386], [85.1638079, 25.5635165], [85.1640083, 25.5635127], [85.1638675, 25.5639376], [85.1640226, 25.5642876], [85.1635944, 25.5649353], [85.1635195, 25.5652202], [85.1629796, 25.5653138], [85.1630088, 25.5678646], [85.1629405, 25.5684468], [85.1627376, 25.5687779], [85.1638158, 25.5688058], [85.1638092, 25.568339], [85.1642957, 25.5683179], [85.1643374, 25.56986], [85.1636015, 25.5699618], [85.1636181, 25.5701639], [85.1625744, 25.5702671], [85.1625345, 25.5705064], [85.164027, 25.5704133], [85.1640989, 25.5701941], [85.1643526, 25.5701405], [85.1643986, 25.5707953], [85.1647936, 25.5708013], [85.1648317, 25.5710472], [85.1652591, 25.5710602], [85.1653265, 25.571457], [85.1655098, 25.571513], [85.1655683, 25.5718005], [85.165019, 25.5719083], [85.1650183, 25.572038], [85.1656097, 25.5719718], [85.1659071, 25.5720551], [85.1658169, 25.5713877], [85.1661483, 25.5713614], [85.1663238, 25.5720125], [85.1666868, 25.5720062], [85.1668034, 25.5724444], [85.1657081, 25.5724193], [85.1652266, 25.5724842], [85.1653068, 25.5729553], [85.165582, 25.5729317], [85.1655596, 25.5726096], [85.1657707, 25.5726251], [85.1658333, 25.5727869], [85.1676901, 25.5727145], [85.1677685, 25.5730618], [85.17344, 25.5728272], [85.1734323, 25.5731434], [85.1716153, 25.5733789], [85.1717796, 25.5745709], [85.1713468, 25.5746443], [85.1713003, 25.575008], [85.1699965, 25.5751239], [85.1690361, 25.5759173], [85.1691521, 25.5773275], [85.1694221, 25.5778192], [85.1697303, 25.5778048], [85.1697941, 25.5781783], [85.1702896, 25.577996], [85.1701653, 25.577387], [85.1703717, 25.5772972], [85.1717312, 25.5772986], [85.1717772, 25.5781285], [85.1717917, 25.5783622], [85.1715388, 25.5783758], [85.171394, 25.5781175], [85.171139, 25.578174], [85.1713097, 25.5788127], [85.1702796, 25.5790314], [85.1702282, 25.578785], [85.1698178, 25.5788336], [85.1697584, 25.5785333], [85.1695115, 25.5785516], [85.1694059, 25.5784822], [85.1691377, 25.5784799], [85.1692285, 25.5789667], [85.1689668, 25.5790316], [85.1688662, 25.5785067], [85.1685692, 25.5785502], [85.1689959, 25.5793854], [85.1694507, 25.5793223], [85.1695628, 25.5798404], [85.1682657, 25.5801427], [85.1683198, 25.5805009], [85.1687598, 25.5804449], [85.168832, 25.5806209], [85.1685903, 25.5807568], [85.1682725, 25.580835], [85.1681878, 25.5805459], [85.1676627, 25.5806579], [85.167683, 25.5807275], [85.166706, 25.580974], [85.166734, 25.5814009], [85.1670507, 25.5813931], [85.1671051, 25.5816618], [85.1674271, 25.581622], [85.1673786, 25.5814175], [85.1679987, 25.5811547], [85.1683353, 25.581102], [85.1683197, 25.580987], [85.1686434, 25.5809179], [85.1689322, 25.5808729], [85.1690344, 25.5814022], [85.1687211, 25.58156], [85.1688429, 25.5817431], [85.1691428, 25.58178], [85.169267, 25.5822131], [85.1699067, 25.5820018], [85.1708233, 25.5819784], [85.1709235, 25.5821757], [85.1711572, 25.582107], [85.1709019, 25.580965], [85.1705202, 25.5798229], [85.17035, 25.5792405], [85.1713794, 25.5791338], [85.1714765, 25.5793943], [85.1716266, 25.5793625], [85.1718188, 25.5799453], [85.1716145, 25.5801545], [85.1719132, 25.5816407], [85.1722684, 25.5816138], [85.1725376, 25.5827931], [85.1734127, 25.5828155], [85.1728697, 25.5813539], [85.1723372, 25.5792341], [85.172539, 25.5790101], [85.1724581, 25.578747], [85.1738257, 25.5783788], [85.1738751, 25.5782259], [85.1741311, 25.5781854], [85.1742551, 25.5783522], [85.1744207, 25.5783097], [85.1745295, 25.5786157], [85.1743486, 25.5787364], [85.17417, 25.5787541], [85.1739833, 25.5786099], [85.1733469, 25.5787819], [85.1735893, 25.5794712], [85.1734088, 25.5795871], [85.1734516, 25.5797748], [85.1739278, 25.5798123], [85.1739872, 25.5798872], [85.1731016, 25.580088], [85.173528, 25.5812206], [85.1737931, 25.5811359], [85.1735907, 25.5806548], [85.1737312, 25.580519], [85.1749696, 25.5802576], [85.1750756, 25.5789028], [85.175013, 25.578706], [85.1755382, 25.5785635], [85.1755411, 25.5783672], [85.1763941, 25.5781844], [85.176429, 25.5779826], [85.1760571, 25.5780686], [85.1756643, 25.5780175], [85.1756522, 25.5777463], [85.176274, 25.5777103], [85.1760649, 25.5770869], [85.1760141, 25.5768079], [85.1786264, 25.5762252], [85.178551, 25.5759437], [85.1772197, 25.5760657], [85.1770992, 25.5757173], [85.1786459, 25.575394], [85.1778732, 25.5734176], [85.1750903, 25.5737597], [85.1750085, 25.574757], [85.1745469, 25.5748362], [85.1745551, 25.5731294], [85.1781306, 25.5724895], [85.1797134, 25.5722032], [85.1798715, 25.5725054], [85.1802903, 25.5725555], [85.1803783, 25.5727397], [85.1801944, 25.5729095], [85.180296, 25.5735953], [85.1793228, 25.5740027], [85.1795834, 25.5741252], [85.1799186, 25.5740628], [85.1805238, 25.5737701], [85.1811592, 25.5737147], [85.1813093, 25.5739222], [85.1818873, 25.5742192], [85.1823347, 25.5741577], [85.1825771, 25.5736929], [85.1839977, 25.5732666], [85.1841264, 25.5738299], [85.1828966, 25.5742766], [85.1829769, 25.5746883], [85.1842792, 25.5741452], [85.1846515, 25.5755349], [85.1837528, 25.5764358], [85.1839619, 25.5770158], [85.1844166, 25.5768403], [85.1841626, 25.5763184], [85.184653, 25.5761059], [85.1849306, 25.5769757], [85.1853517, 25.577514], [85.1896164, 25.57651], [85.1913775, 25.5787724], [85.1907561, 25.5789367], [85.1914734, 25.5807509], [85.1920952, 25.5805341], [85.1920775, 25.5800068], [85.1919553, 25.580016], [85.191905, 25.5796013], [85.191721, 25.579487], [85.191908, 25.5786769], [85.1922029, 25.5786839], [85.1923086, 25.5788474], [85.1930353, 25.5786344], [85.1934577, 25.5792134], [85.1940498, 25.5790511], [85.1942415, 25.5795535], [85.1965046, 25.579077], [85.1966025, 25.5793282], [85.1967764, 25.5799823], [85.1966268, 25.5800058], [85.1967242, 25.5803445], [85.1965432, 25.5804383], [85.1963066, 25.5800235], [85.1955619, 25.5801823], [85.1956857, 25.5806347], [85.194939, 25.5809532], [85.1949368, 25.5810761], [85.1935703, 25.5813863], [85.1934871, 25.5809484], [85.1930099, 25.5811741], [85.1926787, 25.5812023], [85.1923054, 25.5808219], [85.1918892, 25.5809236], [85.1920364, 25.5811664], [85.1922632, 25.5812426], [85.1923766, 25.581723], [85.1928447, 25.5816247], [85.1929545, 25.5818362], [85.1932414, 25.5818319], [85.1934631, 25.5820886], [85.1941323, 25.5820287], [85.1939891, 25.5816537], [85.1944721, 25.5815987], [85.1948924, 25.5821603], [85.1941336, 25.5824206], [85.1942167, 25.5825481], [85.1947904, 25.5824753], [85.1948268, 25.5826743], [85.1946766, 25.5827179], [85.1947379, 25.5828889], [85.1944485, 25.5829877], [85.1942854, 25.582841], [85.1938823, 25.5829485], [85.1939659, 25.5831799], [85.1935981, 25.5833033], [85.1937429, 25.5836473], [85.1945249, 25.5834052], [85.1944773, 25.5832007], [85.1947834, 25.5831199], [85.1948751, 25.5833123], [85.1953195, 25.5831622], [85.1954485, 25.5834873], [85.1967867, 25.5832228], [85.1968323, 25.5834794], [85.1950109, 25.5838912], [85.1950297, 25.5843999], [85.1990998, 25.5836608], [85.199497, 25.5835968], [85.1997533, 25.5842506], [85.2001995, 25.5841938], [85.2000244, 25.5836911], [85.2002667, 25.5836215], [85.2002502, 25.583408], [85.2004477, 25.5833797], [85.2007557, 25.5839141], [85.201352, 25.5837019], [85.2012235, 25.5832519], [85.2034337, 25.5828894], [85.2034818, 25.5832168], [85.2047665, 25.5827377], [85.2049511, 25.5834028], [85.2056709, 25.5829644], [85.2055464, 25.5824666], [85.205772, 25.5823697], [85.2055624, 25.5817409], [85.2065963, 25.5814961], [85.2067742, 25.5818407], [85.2077567, 25.5816036], [85.2077439, 25.5815013], [85.2081696, 25.5813957], [85.2082796, 25.5816349], [85.210214, 25.5816387], [85.2137124, 25.5811291], [85.216892, 25.5803611], [85.2276237, 25.5765677], [85.228945, 25.5791775], [85.2296416, 25.5789902], [85.229593, 25.5783298], [85.2301639, 25.5783313], [85.230444, 25.5783764], [85.2306715, 25.5783497], [85.2306813, 25.5784621], [85.2304829, 25.5784959], [85.2305908, 25.5789835], [85.2311526, 25.5787953], [85.231264, 25.5792241], [85.2315076, 25.5794738], [85.2318059, 25.5794571], [85.2316478, 25.5787232], [85.2313754, 25.5787353], [85.2313177, 25.5783145], [85.2315712, 25.5781625], [85.2315404, 25.5779512], [85.2310193, 25.5778937], [85.230961, 25.5775205], [85.2310339, 25.5766639], [85.2300531, 25.576766], [85.229745, 25.5761578], [85.2285272, 25.576833], [85.2280751, 25.5761662], [85.2306024, 25.5751242], [85.2298703, 25.5728895], [85.2309069, 25.5725994], [85.2314987, 25.5739705], [85.2328016, 25.5735044], [85.232666, 25.5727787], [85.2336824, 25.5723485], [85.234133, 25.5756692], [85.2353454, 25.5756499], [85.2356863, 25.5766905], [85.2351495, 25.577698], [85.2324934, 25.5780585], [85.2323731, 25.5781107], [85.2324695, 25.579308], [85.2336762, 25.5795778], [85.2342583, 25.5812683], [85.2354077, 25.5806795], [85.2360539, 25.5804092], [85.2362821, 25.5808124], [85.2367828, 25.5806234], [85.2368367, 25.5799775], [85.2379787, 25.5797133], [85.240298, 25.5774818], [85.2412199, 25.5774799], [85.242446, 25.5789938], [85.2474837, 25.5761196], [85.2493423, 25.5749141], [85.2524399, 25.573135], [85.2546451, 25.5717128], [85.2556238, 25.5718285], [85.2565591, 25.5704338], [85.2578875, 25.5692956], [85.2579719, 25.5692233], [85.2601769, 25.5673341], [85.2608559, 25.5682695], [85.261324, 25.5682668], [85.2617836, 25.5686782], [85.2618885, 25.5687114], [85.2622557, 25.568524], [85.2630779, 25.5691397], [85.2635066, 25.5692811], [85.2636748, 25.5696994], [85.2641902, 25.5698946], [85.2640638, 25.5702287], [85.2631012, 25.5712064], [85.2616172, 25.5729621], [85.2614095, 25.5732], [85.2613191, 25.5733036], [85.2611327, 25.5735171], [85.2603248, 25.5744426], [85.2598355, 25.5749196], [85.2593998, 25.5753444], [85.2592479, 25.5755156], [85.2590547, 25.5757757], [85.259043, 25.5757869], [85.2588361, 25.5759862], [85.2587704, 25.5759644], [85.2587637, 25.5759716], [85.258635, 25.5761095], [85.2585076, 25.5759849], [85.2582166, 25.5761567], [85.2581334, 25.5761071], [85.2579081, 25.5762547], [85.2576426, 25.5759305], [85.2574843, 25.5760491], [85.2579242, 25.5765595], [85.2578424, 25.5766418], [85.2576808, 25.5768857], [85.2578233, 25.5771835], [85.2568007, 25.5781561], [85.2567333, 25.5782255], [85.25602, 25.5789599], [85.2524665, 25.5826186], [85.2482093, 25.5864811], [85.2447731, 25.5894746], [85.2428867, 25.5911178], [85.2407697, 25.5929873], [85.2394176, 25.5938843], [85.2405779, 25.5940219], [85.2411127, 25.5937688], [85.2416801, 25.5934077], [85.2419018, 25.5941683], [85.2382062, 25.5967886], [85.2374255, 25.59777], [85.2344656, 25.5991233], [85.2323116, 25.6001081], [85.232374, 25.6005922], [85.2296103, 25.601532], [85.2291991, 25.6016447], [85.2289939, 25.6014524], [85.2280834, 25.6017574], [85.2266306, 25.6008442], [85.2255784, 25.6013938], [85.2254502, 25.6026192], [85.2249531, 25.6028372], [85.2244888, 25.6018111], [85.2231957, 25.6024818], [85.2238087, 25.603639], [85.2227067, 25.6041724], [85.2219773, 25.60365], [85.2133199, 25.6079628], [85.2024602, 25.6138407], [85.1924647, 25.6174526], [85.1925035, 25.6176062], [85.1914046, 25.6179796], [85.1913316, 25.6178673], [85.1913092, 25.6178329], [85.1904421, 25.6181399], [85.1892213, 25.618459], [85.1880347, 25.6186859], [85.18578, 25.6192323], [85.1850605, 25.6192713], [85.1802376, 25.6204355], [85.1797138, 25.6205142], [85.1771337, 25.6210314], [85.1770858, 25.6209041], [85.1721271, 25.6218168], [85.1643801, 25.6220164], [85.15651, 25.6222461], [85.155015, 25.6222897], [85.152123, 25.6224893], [85.1478303, 25.6227852], [85.1462939, 25.6224652], [85.1455668, 25.6226393], [85.1437548, 25.6224737], [85.1378402, 25.6218707], [85.1355228, 25.6219381], [85.1319904, 25.6235121], [85.1310115, 25.624243], [85.1251432, 25.6266729], [85.1195475, 25.6304267], [85.1165784, 25.6331309], [85.1155574, 25.6340639], [85.1167472, 25.6354153], [85.112273, 25.6393561], [85.1110713, 25.6384017], [85.1092771, 25.6397257], [85.1073187, 25.6415547], [85.1056841, 25.6430565], [85.104266, 25.6444438], [85.1009811, 25.646779], [85.0975398, 25.6488008], [85.096017, 25.6497146], [85.0956682, 25.6495262], [85.0946069, 25.6496409], [85.0942701, 25.6457741], [85.0929515, 25.645853], [85.0923551, 25.6459816], [85.0921004, 25.6461305], [85.091909, 25.6478129], [85.0916738, 25.6486589], [85.0912039, 25.649342], [85.0903526, 25.6502135], [85.089726, 25.6504768], [85.0898766, 25.6507475], [85.0898571, 25.6509378], [85.0896839, 25.6510479], [85.0801193, 25.6510341], [85.0746874, 25.6501894], [85.0687956, 25.6488034], [85.0662692, 25.6480672], [85.0630276, 25.6464629], [85.0587114, 25.6441145], [85.0524985, 25.6416864], [85.0485337, 25.6406566], [85.0430238, 25.6394343], [85.037882, 25.638621], [85.0318651, 25.6382328], [85.0242693, 25.6375963], [85.0159857, 25.6383735], [85.0123083, 25.6386178], [85.0118412, 25.6353061]]]}, "properties": {"place_id": 242882786, "osm_type": "way", "osm_id": 383774533, "place_rank": 16, "category": "place", "type": "city", "importance": 0.6283141403317186, "addresstype": "city", "name": "Patna", "display_name": "Patna, Patna Rural, Patna, Bihar, India", "_source": "nominatim_osm", "_fetched_at": "2026-09-27T11:04:49.047305+00:00", "zone_id": "Z-BIHAR-PATNA-01"}}, {"type": "Feature", "geometry": {"type": "Polygon", "coordinates": [[[75.773149, 11.8039869], [75.7771039, 11.801427], [75.7785791, 11.8004844], [75.7810306, 11.7990745], [75.781861, 11.7983328], [75.7827472, 11.7975412], [75.7883692, 11.7939914], [75.7885641, 11.793889], [75.7912874, 11.7924581], [75.7936692, 11.7907987], [75.7938135, 11.7904705], [75.7944631, 11.7889923], [75.7940125, 11.7856314], [75.7940125, 11.7846862], [75.7933044, 11.7829638], [75.7925749, 11.7799389], [75.7902574, 11.7768511], [75.7887554, 11.7760108], [75.788219, 11.7751076], [75.788455, 11.7737212], [75.789485, 11.7727339], [75.7896262, 11.7723693], [75.789957, 11.7715155], [75.7885837, 11.7670621], [75.788455, 11.7655916], [75.7881642, 11.7651424], [75.7874894, 11.7641001], [75.7859659, 11.7634909], [75.7846999, 11.7630708], [75.7839489, 11.7614112], [75.7843137, 11.7596676], [75.7858372, 11.7584072], [75.7889914, 11.757756], [75.7929611, 11.7548779], [75.7942271, 11.7537645], [75.7958364, 11.7534074], [75.7981539, 11.7530293], [75.8001709, 11.7519579], [75.8003425, 11.7511385], [75.8001065, 11.7489747], [75.7988834, 11.7479243], [75.7977247, 11.7467268], [75.7959437, 11.7459285], [75.7940661, 11.7444474], [75.7940661, 11.7429978], [75.7945275, 11.7427563], [75.7953, 11.7428193], [75.7965445, 11.7428193], [75.7974903, 11.7428742], [75.7990765, 11.7429663], [75.8016766, 11.743622], [75.8019089, 11.7436806], [75.8029389, 11.7435126], [75.8047628, 11.7428613], [75.8065223, 11.7424621], [75.8084535, 11.742105], [75.8109855, 11.742231], [75.8114362, 11.7404873], [75.8118653, 11.739815], [75.8126378, 11.739836], [75.8139896, 11.739836], [75.8150625, 11.7393108], [75.8161354, 11.7379873], [75.8175945, 11.7361175], [75.8195257, 11.7340586], [75.8211779, 11.7339115], [75.8217293, 11.7329961], [75.8219616, 11.7309921], [75.8238387, 11.7293945], [75.8248472, 11.7277557], [75.8258128, 11.7273775], [75.827465, 11.7269573], [75.8277225, 11.7257388], [75.8292675, 11.7251295], [75.8306193, 11.7245622], [75.8309197, 11.7232386], [75.8315635, 11.7217889], [75.8328938, 11.720066], [75.8354902, 11.7196458], [75.8372068, 11.7196668], [75.8387303, 11.7192466], [75.8410048, 11.718028], [75.8433866, 11.7158429], [75.8453607, 11.714099], [75.8460045, 11.7122291], [75.8458328, 11.7098758], [75.8459186, 11.7074596], [75.846498, 11.7062199], [75.8505106, 11.7044759], [75.8517551, 11.7036565], [75.8539223, 11.70269], [75.8565187, 11.7023328], [75.858562, 11.7030745], [75.8614969, 11.7041398], [75.8627414, 11.7047071], [75.8638358, 11.704623], [75.8649301, 11.7036565], [75.8659172, 11.702795], [75.8661891, 11.7026809], [75.8675694, 11.7021016], [75.8700156, 11.7018285], [75.8729124, 11.7017654], [75.8735347, 11.7018075], [75.87435, 11.7025639], [75.8751654, 11.7035724], [75.8760452, 11.7042868], [75.8773541, 11.7042868], [75.8784485, 11.7034254], [75.8801865, 11.7018285], [75.8811307, 11.7007149], [75.8821606, 11.6993701], [75.8850998, 11.6992514], [75.8863234, 11.699202], [75.8877611, 11.69916], [75.889246, 11.6992426], [75.8896494, 11.699265], [75.8907652, 11.6994962], [75.8922028, 11.6995382], [75.8938122, 11.699118], [75.8968377, 11.6987187], [75.8983612, 11.6987187], [75.8996486, 11.6988658], [75.9006202, 11.698575], [75.9018802, 11.697479], [75.9034467, 11.6964074], [75.9039038, 11.6961064], [75.9046912, 11.6955879], [75.9063005, 11.6949996], [75.9081888, 11.6944533], [75.9103989, 11.6930665], [75.913918, 11.6913645], [75.9147556, 11.6897475], [75.9155059, 11.688948], [75.9152913, 11.6876242], [75.9137463, 11.6861743], [75.9102273, 11.6838209], [75.9088111, 11.6835477], [75.9073734, 11.6829173], [75.9064507, 11.6816775], [75.9057426, 11.6806479], [75.9046054, 11.6797023], [75.9033823, 11.6790719], [75.9018802, 11.6774959], [75.9013867, 11.6755626], [75.901773, 11.6741337], [75.902524, 11.6721584], [75.9039636, 11.6694291], [75.9041977, 11.6689852], [75.9049916, 11.6649085], [75.9053778, 11.6631853], [75.9054851, 11.6606215], [75.9042191, 11.6579736], [75.9033447, 11.6570122], [75.9034681, 11.6558511], [75.9034896, 11.654443], [75.9034896, 11.6526567], [75.9030819, 11.6508494], [75.9006786, 11.6472767], [75.9000563, 11.6459317], [75.8992839, 11.6444186], [75.8979535, 11.6433047], [75.8976531, 11.642401], [75.8979964, 11.6414343], [75.898447, 11.6400892], [75.899477, 11.6377354], [75.9000564, 11.6358281], [75.9000188, 11.6350085], [75.8997881, 11.6329225], [75.8996487, 11.6321239], [75.8996969, 11.6309102], [75.8996916, 11.6297437], [75.8995789, 11.6287086], [75.898506, 11.6270115], [75.8982593, 11.6263809], [75.8979857, 11.6254982], [75.8980715, 11.6242214], [75.8981144, 11.6236066], [75.8981734, 11.6231232], [75.89827, 11.6225978], [75.8987474, 11.6220145], [75.9000349, 11.6209531], [75.9013867, 11.6198812], [75.9018373, 11.6176008], [75.9019768, 11.6163922], [75.9022343, 11.6156671], [75.9028888, 11.6152047], [75.9044874, 11.6143745], [75.905174, 11.6137019], [75.9058821, 11.6124828], [75.9062898, 11.611022], [75.9063434, 11.6093405], [75.9070837, 11.6078377], [75.9075558, 11.6061352], [75.9081137, 11.6034868], [75.908575, 11.6024463], [75.9092188, 11.6017001], [75.9102058, 11.6010485], [75.9127056, 11.6006912], [75.9135961, 11.6006282], [75.9147012, 11.6003654], [75.9155917, 11.5998294], [75.9166002, 11.5990202], [75.9172118, 11.5980112], [75.9178822, 11.5963491], [75.9182282, 11.5950794], [75.9190467, 11.5943539], [75.9212346, 11.5937159], [75.9228165, 11.592336], [75.9238369, 11.5920948], [75.9246137, 11.5924563], [75.9261353, 11.5923439], [75.9268002, 11.5921764], [75.9272489, 11.5928601], [75.927684, 11.591903], [75.9283832, 11.5911039], [75.9294718, 11.5901083], [75.9306454, 11.5895308], [75.9316817, 11.58969], [75.9328056, 11.5900488], [75.9337326, 11.5902997], [75.9343692, 11.5903525], [75.934884, 11.5899926], [75.9349654, 11.5899357], [75.9357942, 11.5897069], [75.9363518, 11.5895266], [75.9373169, 11.5896034], [75.9379429, 11.589615], [75.9383718, 11.5893896], [75.9387704, 11.5883744], [75.9392243, 11.5871811], [75.9399975, 11.5851952], [75.9402519, 11.5843745], [75.940468, 11.5837138], [75.9446261, 11.5816382], [75.9460068, 11.5811844], [75.9465561, 11.5808096], [75.947197, 11.579979], [75.9474249, 11.5799068], [75.9481125, 11.5803022], [75.9502792, 11.5808001], [75.9508896, 11.5810423], [75.951904, 11.5808521], [75.9526825, 11.5803089], [75.9531712, 11.5798461], [75.9536539, 11.5793196], [75.9538507, 11.5790404], [75.9540582, 11.5788199], [75.9545899, 11.5780449], [75.9550705, 11.5774402], [75.9553146, 11.5768337], [75.9557114, 11.5763044], [75.9564133, 11.576088], [75.9571152, 11.5757933], [75.9577484, 11.575346], [75.9581375, 11.5748167], [75.9582367, 11.5742064], [75.958168, 11.5736675], [75.9581115, 11.5733538], [75.9572678, 11.5723495], [75.9578171, 11.571518], [75.9580612, 11.5709104], [75.9581604, 11.5702992], [75.9580231, 11.5693769], [75.9575729, 11.5686026], [75.9576571, 11.5682972], [75.9582825, 11.5678501], [75.9586868, 11.5673971], [75.9589233, 11.5667896], [75.9588636, 11.5658622], [75.9591217, 11.5647259], [75.9592209, 11.5638094], [75.9593048, 11.5633507], [75.9594192, 11.5615149], [75.9590524, 11.560434], [75.9587555, 11.5598173], [75.9587633, 11.5595111], [75.9616131, 11.5581054], [75.9642921, 11.5567024], [75.9652769, 11.556011], [75.9660815, 11.5554351], [75.9687925, 11.5527575], [75.9712556, 11.5507205], [75.9729362, 11.5482601], [75.9737849, 11.5471813], [75.9744866, 11.5463394], [75.9750248, 11.5458102], [75.9767064, 11.5441571], [75.9769355, 11.5439318], [75.9791748, 11.5421467], [75.9798561, 11.5416036], [75.9811235, 11.5405933], [75.9852218, 11.5405851], [75.9883037, 11.5390132], [75.9904578, 11.5375987], [75.9925587, 11.5364328], [75.9945394, 11.5367944], [75.9961638, 11.5358154], [75.9976781, 11.5326535], [75.9989687, 11.529956], [75.9992659, 11.5285225], [75.9995194, 11.5273367], [76.0028735, 11.5255614], [76.0044083, 11.523816], [76.0070615, 11.5226009], [76.0100996, 11.5224797], [76.0109496, 11.5224147], [76.011214, 11.5223954], [76.0124132, 11.5223081], [76.0141917, 11.5213549], [76.0146183, 11.5189939], [76.0156208, 11.5184642], [76.0168829, 11.5177973], [76.0181419, 11.5164872], [76.0182197, 11.5164063], [76.0187707, 11.5147211], [76.021001, 11.5142147], [76.0235531, 11.5145263], [76.0244701, 11.5145651], [76.0254209, 11.5146054], [76.0278731, 11.5141943], [76.0301272, 11.5126513], [76.0317783, 11.5120511], [76.0339775, 11.5113258], [76.0358175, 11.5096845], [76.0374168, 11.5085053], [76.0382715, 11.5065634], [76.0386287, 11.5051525], [76.0404968, 11.5057202], [76.0419849, 11.5060238], [76.0435388, 11.5061428], [76.044648, 11.5078127], [76.0464864, 11.5066727], [76.0475691, 11.5059528], [76.0490138, 11.5048444], [76.0509417, 11.5041719], [76.0535507, 11.5033688], [76.05467, 11.5037042], [76.0559438, 11.5053947], [76.0565014, 11.508242], [76.057625, 11.5091917], [76.059086, 11.5094727], [76.061458, 11.5102881], [76.0630722, 11.5104559], [76.0636327, 11.5114709], [76.0648531, 11.5133377], [76.0662341, 11.5145281], [76.067298, 11.5155833], [76.0675828, 11.5171011], [76.069331, 11.5177307], [76.0713915, 11.518051], [76.07226, 11.5204285], [76.0726077, 11.522078], [76.0742177, 11.5233416], [76.0751471, 11.5241214], [76.0756038, 11.5249006], [76.0760984, 11.524959], [76.0771409, 11.5241715], [76.0812632, 11.5192545], [76.082128, 11.5171631], [76.0823421, 11.5152217], [76.0835683, 11.5143585], [76.0858443, 11.5139176], [76.0861861, 11.5142801], [76.0885279, 11.5134645], [76.0896399, 11.5122716], [76.0895923, 11.5112304], [76.0889275, 11.5086692], [76.0889002, 11.5071722], [76.0888762, 11.5058554], [76.0893871, 11.5035585], [76.0910319, 11.5002775], [76.0914754, 11.4990087], [76.0910518, 11.4972149], [76.0909625, 11.4958451], [76.0914663, 11.494193], [76.0923053, 11.4931103], [76.0909049, 11.4923813], [76.0899997, 11.4913798], [76.0892772, 11.4905475], [76.0884112, 11.4892946], [76.0881369, 11.487737], [76.0890555, 11.4869219], [76.0896745, 11.48654], [76.0900528, 11.485726], [76.0912772, 11.483091], [76.0922046, 11.481961], [76.0928136, 11.4822646], [76.0944965, 11.4827145], [76.0961236, 11.4836731], [76.0982622, 11.4836179], [76.0988964, 11.4836015], [76.1017877, 11.4834768], [76.1041226, 11.4825232], [76.106116, 11.481919], [76.1069544, 11.4809994], [76.1083891, 11.4803708], [76.111959, 11.480347], [76.1122993, 11.4796318], [76.1129881, 11.4786969], [76.1137219, 11.4774702], [76.1147905, 11.476615], [76.1163118, 11.4761457], [76.1189011, 11.4762529], [76.122205, 11.4749293], [76.123249, 11.4742238], [76.1241532, 11.4736128], [76.1245792, 11.4711704], [76.1246663, 11.469403], [76.1252723, 11.4683058], [76.1258906, 11.4669274], [76.1279252, 11.4660456], [76.1282034, 11.4654039], [76.1290684, 11.4646363], [76.1297648, 11.4640184], [76.1309493, 11.4639639], [76.1319774, 11.4626505], [76.1326097, 11.4613946], [76.1333485, 11.4610441], [76.1353748, 11.4602459], [76.1368756, 11.4589025], [76.1376807, 11.4578861], [76.1404134, 11.4558702], [76.14215, 11.4534062], [76.1433419, 11.451361], [76.1438473, 11.4518731], [76.1461959, 11.4519238], [76.1482461, 11.4530083], [76.1508818, 11.4522716], [76.1528967, 11.4536689], [76.1569291, 11.4553921], [76.1577365, 11.4563803], [76.1581636, 11.4567775], [76.1588996, 11.4569795], [76.1598267, 11.4560097], [76.1612941, 11.4560103], [76.1631384, 11.4577747], [76.1647056, 11.4595866], [76.1660294, 11.4619796], [76.1674098, 11.4641372], [76.1690669, 11.466241], [76.171027, 11.4671029], [76.1730414, 11.4675475], [76.1753372, 11.4682765], [76.1772859, 11.4709391], [76.1800072, 11.4715408], [76.1813862, 11.4734686], [76.182909, 11.4749611], [76.1852464, 11.4752812], [76.1862272, 11.4756257], [76.1865622, 11.4776564], [76.1859331, 11.4791511], [76.1842809, 11.4812651], [76.1829884, 11.4824393], [76.1820758, 11.4833814], [76.1820288, 11.483704], [76.1823619, 11.484166], [76.1825169, 11.4841948], [76.1828056, 11.4843169], [76.183017, 11.4843408], [76.1833196, 11.4841843], [76.1837825, 11.4841227], [76.1840487, 11.4840214], [76.1842674, 11.4839668], [76.1844594, 11.4839189], [76.1847802, 11.4840407], [76.1849531, 11.4843317], [76.1851458, 11.4845743], [76.1852393, 11.4846921], [76.1852839, 11.4849542], [76.1849527, 11.4854997], [76.1851146, 11.4858996], [76.1851066, 11.4859914], [76.1850692, 11.4864208], [76.1850489, 11.4866538], [76.185064, 11.486762], [76.1851371, 11.4872839], [76.1851528, 11.4874024], [76.185209, 11.4878268], [76.185078, 11.4881878], [76.1850109, 11.4883728], [76.1853356, 11.4882941], [76.1855199, 11.4883124], [76.1857564, 11.4883359], [76.1859355, 11.4885298], [76.18577, 11.4889923], [76.1857148, 11.4891467], [76.1856638, 11.4894604], [76.1859209, 11.4897696], [76.1862213, 11.4897485], [76.1865598, 11.4897248], [76.186652, 11.4897183], [76.1872141, 11.4903465], [76.1873433, 11.4903368], [76.1881339, 11.4902772], [76.1883587, 11.4904556], [76.1882958, 11.4907642], [76.1878664, 11.4909526], [76.1876758, 11.491432], [76.1882612, 11.4917652], [76.1888395, 11.4920915], [76.1895567, 11.4926562], [76.1899625, 11.4931792], [76.1886708, 11.4945928], [76.189831, 11.4949984], [76.1898934, 11.4951943], [76.1899714, 11.4954389], [76.1905815, 11.4954024], [76.1908255, 11.4955016], [76.1910404, 11.4955891], [76.1911381, 11.4956288], [76.1911804, 11.4959343], [76.1912444, 11.4963971], [76.1912602, 11.4965115], [76.1918476, 11.4968077], [76.1919297, 11.4968491], [76.1920611, 11.4973073], [76.1923783, 11.4976469], [76.1924958, 11.4977728], [76.192899, 11.4987197], [76.1939493, 11.4998175], [76.1947163, 11.5003712], [76.1951047, 11.5008017], [76.1954278, 11.5011598], [76.1957201, 11.5013906], [76.1960907, 11.5016834], [76.1961896, 11.5017615], [76.1965143, 11.5019371], [76.1967058, 11.5020406], [76.1970382, 11.5022204], [76.197034, 11.5034615], [76.1970325, 11.5038864], [76.1977236, 11.5044746], [76.1979968, 11.5047071], [76.1982129, 11.504891], [76.1992788, 11.506025], [76.1996535, 11.5064236], [76.2002043, 11.5070095], [76.2003399, 11.5070594], [76.2005476, 11.5071357], [76.2007648, 11.5073022], [76.2007944, 11.5073249], [76.2011484, 11.5075352], [76.2017278, 11.5076088], [76.2023393, 11.5075562], [76.2025002, 11.5074717], [76.2026397, 11.5073985], [76.2034873, 11.5071567], [76.2042705, 11.5070411], [76.2049679, 11.5071567], [76.2056867, 11.5074301], [76.2061187, 11.5076193], [76.206191, 11.5076509], [76.2062358, 11.5076866], [76.2067059, 11.5080609], [76.2073819, 11.5086601], [76.2079827, 11.5089965], [76.2084762, 11.5092068], [76.2091092, 11.5094907], [76.2102572, 11.5095958], [76.2110189, 11.5096168], [76.2117163, 11.5096694], [76.2123493, 11.5098481], [76.2130681, 11.5101845], [76.2138835, 11.5103632], [76.2146238, 11.5103002], [76.2147995, 11.5103206], [76.2152568, 11.5103738], [76.2157289, 11.5102161], [76.2164048, 11.5101004], [76.2169627, 11.5103002], [76.2176386, 11.5107417], [76.2181751, 11.5109625], [76.2189797, 11.5112358], [76.2196342, 11.5116353], [76.2201063, 11.5118245], [76.2210611, 11.5117667], [76.2213136, 11.5120999], [76.222692, 11.5124592], [76.2233747, 11.5124873], [76.2239929, 11.5123783], [76.224249, 11.5122885], [76.2245058, 11.5123588], [76.2249431, 11.5125524], [76.2251357, 11.5128802], [76.2259465, 11.5131721], [76.2265756, 11.5138011], [76.2266069, 11.5149689], [76.226606, 11.5156006], [76.226945, 11.5159837], [76.2271971, 11.5169244], [76.2272033, 11.5187136], [76.2272556, 11.5191225], [76.2275403, 11.5197012], [76.2278634, 11.5202139], [76.2277426, 11.5208539], [76.2276497, 11.5211836], [76.2277498, 11.5215868], [76.2281146, 11.5220003], [76.228305, 11.5225383], [76.2285032, 11.5231501], [76.228833, 11.5235568], [76.2290944, 11.5238709], [76.229107, 11.524697], [76.2293531, 11.5249879], [76.229715, 11.5253582], [76.2299471, 11.5254229], [76.2302492, 11.5256641], [76.2302438, 11.5260325], [76.2304442, 11.5262944], [76.2310703, 11.5266462], [76.2314793, 11.5267816], [76.2317649, 11.527025], [76.2319682, 11.5272748], [76.2320467, 11.527858], [76.2323041, 11.5280577], [76.2326022, 11.5281371], [76.2330836, 11.5286694], [76.2333428, 11.5289556], [76.2335169, 11.5290072], [76.2337922, 11.5291141], [76.2340291, 11.5292791], [76.2345253, 11.5291104], [76.2348479, 11.5290307], [76.235193, 11.5290251], [76.2354361, 11.529016], [76.2356977, 11.5288014], [76.2359204, 11.528746], [76.236169, 11.5285865], [76.2362859, 11.5283935], [76.2365403, 11.5282753], [76.2368269, 11.5278012], [76.2370702, 11.5276617], [76.2377236, 11.5274499], [76.2382558, 11.5268585], [76.2387424, 11.5266117], [76.2392613, 11.5264662], [76.2404641, 11.5273546], [76.2406464, 11.5278968], [76.2415439, 11.5278558], [76.242045, 11.5270858], [76.2432661, 11.5274229], [76.243544, 11.5266894], [76.2441089, 11.5265755], [76.2443094, 11.5271131], [76.2451523, 11.5272544], [76.2458402, 11.5270903], [76.2470248, 11.5268853], [76.2476262, 11.5278193], [76.2486147, 11.5276763], [76.2498671, 11.52754], [76.250624, 11.5275961], [76.250952, 11.5280152], [76.2506878, 11.5284982], [76.2500226, 11.5300836], [76.2505056, 11.5317511], [76.2503051, 11.5336738], [76.250919, 11.5356883], [76.2508974, 11.5367719], [76.2518815, 11.5377559], [76.2518177, 11.5381113], [76.2511981, 11.5380111], [76.2504327, 11.5371272], [76.2499588, 11.5369814], [76.249239, 11.5386945], [76.2477591, 11.5402887], [76.2468516, 11.5410727], [76.2454423, 11.5407573], [76.2450308, 11.5419939], [76.2440872, 11.5427454], [76.2438902, 11.5432687], [76.2442274, 11.544025], [76.2459191, 11.5449976], [76.2465145, 11.5460388], [76.2461045, 11.5466128], [76.2450839, 11.5477883], [76.2441166, 11.5482552], [76.2430155, 11.5483532], [76.2425234, 11.5493191], [76.2422212, 11.5503601], [76.2421145, 11.5505983], [76.242159, 11.5511506], [76.2427968, 11.5517975], [76.2424003, 11.5528008], [76.2427057, 11.5535562], [76.243462, 11.5538204], [76.244355, 11.5537111], [76.2441545, 11.5541029], [76.2431339, 11.5548045], [76.2421681, 11.5551417], [76.2421863, 11.5560255], [76.2417125, 11.5560984], [76.2409653, 11.5556246], [76.2404394, 11.5557588], [76.2403821, 11.5567271], [76.2398081, 11.5581304], [76.2389515, 11.5583855], [76.2383684, 11.5592512], [76.2390244, 11.5604175], [76.2382681, 11.5611556], [76.2375847, 11.5611282], [76.2364822, 11.5630418], [76.2356564, 11.5666725], [76.2331657, 11.5691711], [76.2329467, 11.5695614], [76.2330606, 11.5704088], [76.2336777, 11.5708451], [76.2341769, 11.570951], [76.2344047, 11.5721629], [76.2352217, 11.5723509], [76.2364798, 11.5733706], [76.2379766, 11.5743634], [76.2390335, 11.5746322], [76.2392522, 11.5754796], [76.2407831, 11.5757621], [76.2409607, 11.5765093], [76.2421681, 11.5767143], [76.2423148, 11.5770972], [76.2423549, 11.5772018], [76.2430929, 11.5773932], [76.2436078, 11.5777394], [76.2442365, 11.5777121], [76.2445994, 11.5784178], [76.2451295, 11.5784638], [76.2453877, 11.5785825], [76.2460042, 11.5788355], [76.2462074, 11.578968], [76.2490841, 11.5801541], [76.2503205, 11.5816509], [76.2515565, 11.5818107], [76.2527836, 11.5830198], [76.2535763, 11.5839037], [76.2554181, 11.5854134], [76.2561065, 11.5864319], [76.2572439, 11.5872113], [76.258187, 11.5883276], [76.259228, 11.5886122], [76.2601552, 11.5886829], [76.26108, 11.589503], [76.2620596, 11.5901226], [76.2627794, 11.5906511], [76.2644605, 11.5906761], [76.2648261, 11.5931689], [76.2649299, 11.5938768], [76.2653686, 11.5939725], [76.2716214, 11.5936492], [76.2742567, 11.593513], [76.2746858, 11.5961615], [76.2780358, 11.5997943], [76.278921, 11.6008997], [76.2803421, 11.5990832], [76.2807629, 11.5985453], [76.286037, 11.5902759], [76.2890858, 11.5900315], [76.2912818, 11.590396], [76.2951457, 11.5905387], [76.2958988, 11.5904167], [76.2969173, 11.5878981], [76.2984985, 11.5844276], [76.2990829, 11.582848], [76.299355, 11.5811655], [76.2993836, 11.578126], [76.2999174, 11.5750531], [76.3009113, 11.5729676], [76.3022669, 11.5712662], [76.310526, 11.577373], [76.3160051, 11.5765004], [76.317087, 11.580473], [76.3185024, 11.5826666], [76.3213696, 11.5860222], [76.3240677, 11.5883351], [76.3271401, 11.5903344], [76.3360207, 11.595719], [76.3399696, 11.5933199], [76.340441, 11.5913072], [76.3407293, 11.5879837], [76.3439256, 11.5880185], [76.3475825, 11.5891908], [76.3517652, 11.5893758], [76.3542085, 11.5894227], [76.3583976, 11.5922255], [76.3599073, 11.5935313], [76.3674244, 11.5983069], [76.3705977, 11.5994273], [76.377511, 11.6017317], [76.3782191, 11.6085418], [76.3838651, 11.6119931], [76.3832441, 11.6149017], [76.3831065, 11.6164677], [76.3835445, 11.624401], [76.3854361, 11.626352], [76.3882398, 11.6297954], [76.3965011, 11.6315985], [76.4063439, 11.6342232], [76.4263235, 11.6329602], [76.4302861, 11.630101], [76.4326787, 11.6314934], [76.4350819, 11.6358229], [76.4409783, 11.6402799], [76.4435318, 11.6447354], [76.4395728, 11.6522695], [76.4393234, 11.6525557], [76.4358928, 11.6564936], [76.4358477, 11.6565683], [76.4356132, 11.6569561], [76.4333072, 11.6607701], [76.4326634, 11.6635231], [76.4318216, 11.665076], [76.4312794, 11.6660763], [76.4298657, 11.666457], [76.4295628, 11.6665386], [76.4284738, 11.6699324], [76.4279117, 11.6700212], [76.427009, 11.6700767], [76.4265485, 11.6711156], [76.42521, 11.6712104], [76.4244661, 11.6714011], [76.423497, 11.6714655], [76.4227953, 11.6711739], [76.4220618, 11.671388], [76.4216244, 11.6718254], [76.4208242, 11.6723814], [76.4205356, 11.6722582], [76.4202986, 11.6718345], [76.4197064, 11.6711693], [76.4190915, 11.6708255], [76.4186539, 11.6709734], [76.4173691, 11.671707], [76.4157324, 11.672535], [76.4154283, 11.6735795], [76.4149448, 11.6749338], [76.4154598, 11.6762156], [76.4143723, 11.6769349], [76.4142528, 11.6777254], [76.414164, 11.6788441], [76.4133826, 11.6794977], [76.4131638, 11.6801977], [76.4140328, 11.6817526], [76.4139148, 11.6818156], [76.4130747, 11.6818977], [76.4126354, 11.6820992], [76.4121338, 11.6827665], [76.4121677, 11.6829404], [76.4122947, 11.6835913], [76.4126113, 11.684353], [76.4128419, 11.6853564], [76.4126327, 11.6863125], [76.4121936, 11.6863512], [76.4115008, 11.6864123], [76.4110146, 11.686838], [76.4110961, 11.6873399], [76.4107257, 11.6877935], [76.4103491, 11.6880082], [76.4099463, 11.6877242], [76.4096931, 11.6877085], [76.4090128, 11.6876947], [76.4085837, 11.6884627], [76.4082708, 11.68912], [76.4084163, 11.689643], [76.4090824, 11.6900255], [76.4096684, 11.690573], [76.4097198, 11.6924639], [76.4102754, 11.6933252], [76.4109862, 11.6944961], [76.4116242, 11.6952533], [76.4113985, 11.6956561], [76.4111502, 11.6965827], [76.411296, 11.6973983], [76.4110636, 11.6975759], [76.4106262, 11.6979176], [76.4098381, 11.6980771], [76.4095328, 11.6982593], [76.4094189, 11.6986329], [76.4096558, 11.6988197], [76.4102754, 11.6991159], [76.4103797, 11.6995398], [76.4094918, 11.7006148], [76.4091788, 11.7015976], [76.4085984, 11.7026056], [76.4087036, 11.703927], [76.4090443, 11.7051091], [76.4088859, 11.7057458], [76.4081933, 11.7065103], [76.4080293, 11.7068246], [76.4075509, 11.7070114], [76.4072275, 11.7066925], [76.4071163, 11.7060545], [76.4066853, 11.7054578], [76.405243, 11.705161], [76.404749, 11.7057859], [76.4039379, 11.7068484], [76.4035212, 11.7071996], [76.4031544, 11.7072757], [76.4030496, 11.7076447], [76.4033093, 11.7080957], [76.4035872, 11.7083099], [76.4039927, 11.708688], [76.403897, 11.7090161], [76.4033505, 11.7092827], [76.4032, 11.7104102], [76.4032517, 11.7114577], [76.4035736, 11.7116312], [76.4040656, 11.7114398], [76.4047991, 11.7107701], [76.4053276, 11.7108202], [76.4059759, 11.7112741], [76.4064119, 11.7118727], [76.4067719, 11.7132212], [76.4079606, 11.7146447], [76.4093141, 11.7146883], [76.4107551, 11.7155605], [76.4118746, 11.7153808], [76.4126814, 11.7148775], [76.4125956, 11.7128814], [76.4126208, 11.7115659], [76.412763, 11.7110936], [76.4133131, 11.7106979], [76.4140552, 11.71115], [76.4154875, 11.7123966], [76.415852, 11.7130162], [76.4157791, 11.7145562], [76.4164351, 11.7159867], [76.4171661, 11.7176509], [76.4178111, 11.7182192], [76.4190594, 11.7181918], [76.4200617, 11.7184105], [76.4214103, 11.7195678], [76.4230505, 11.7197682], [76.4239928, 11.7200605], [76.4249325, 11.7210325], [76.4250031, 11.7227149], [76.4259207, 11.723577], [76.4260848, 11.7246887], [76.4272693, 11.725609], [76.4273969, 11.7261284], [76.4262109, 11.7266639], [76.4253151, 11.7306243], [76.4234149, 11.7345297], [76.4222779, 11.7376107], [76.4189552, 11.7412573], [76.4186321, 11.7417619], [76.4182891, 11.7424533], [76.4179967, 11.7426005], [76.4175306, 11.742366], [76.4160128, 11.7417884], [76.4139109, 11.7400908], [76.4133707, 11.7396506], [76.41282, 11.7394987], [76.4118837, 11.7399958], [76.4104477, 11.7412229], [76.4102618, 11.7415322], [76.4103136, 11.742054], [76.4105397, 11.7422248], [76.4113962, 11.7423842], [76.4119362, 11.7425431], [76.4123755, 11.744287], [76.4126491, 11.7460655], [76.4120448, 11.7488679], [76.4125239, 11.7513492], [76.4127989, 11.7529074], [76.4146384, 11.7535492], [76.4157375, 11.7550014], [76.4154055, 11.7563351], [76.4152369, 11.7568359], [76.4146881, 11.757652], [76.4136485, 11.758376], [76.4133992, 11.7586585], [76.4112916, 11.7591313], [76.4095768, 11.7587458], [76.4087628, 11.7577106], [76.4062206, 11.7568632], [76.4053261, 11.7569048], [76.4023511, 11.7536521], [76.4007383, 11.7521964], [76.3985724, 11.751519], [76.396006, 11.7525897], [76.3942656, 11.7540202], [76.3934911, 11.7554053], [76.3910218, 11.7545396], [76.3863929, 11.7483981], [76.3853687, 11.7479991], [76.3838962, 11.7466122], [76.3810259, 11.7463388], [76.3790233, 11.745119], [76.3765155, 11.7445438], [76.3722784, 11.7464208], [76.3688978, 11.7477421], [76.3670025, 11.748061], [76.365335, 11.7476965], [76.3623841, 11.7481676], [76.3608064, 11.7468218], [76.3591935, 11.7451543], [76.3566148, 11.7433045], [76.3552572, 11.741145], [76.3540112, 11.7395033], [76.3527422, 11.7383385], [76.351585, 11.7380105], [76.3503184, 11.7392952], [76.3480951, 11.7394502], [76.3435903, 11.7391656], [76.3418534, 11.7382474], [76.3403408, 11.7382109], [76.3394296, 11.7404889], [76.3370696, 11.7415095], [76.3356937, 11.7440608], [76.3316115, 11.7463024], [76.330026, 11.7476965], [76.3271782, 11.7487664], [76.3224722, 11.7493731], [76.319939, 11.7501659], [76.3177683, 11.7512857], [76.3166131, 11.7529086], [76.3167589, 11.7545579], [76.3146814, 11.7564896], [76.3143898, 11.7575739], [76.3143351, 11.7615468], [76.3116059, 11.7677444], [76.308385, 11.7787958], [76.308036, 11.7829902], [76.3075103, 11.7844726], [76.3055603, 11.7859123], [76.3041115, 11.7860945], [76.3013597, 11.7855933], [76.2936873, 11.79199], [76.2906406, 11.7925303], [76.2880743, 11.795653], [76.2852951, 11.8001088], [76.2831994, 11.8053755], [76.2813223, 11.8105244], [76.2804932, 11.8115352], [76.2778664, 11.8121625], [76.2766389, 11.8121347], [76.2758117, 11.8117906], [76.2742484, 11.8109939], [76.272994, 11.8107516], [76.2681613, 11.8099243], [76.2602181, 11.8092868], [76.2584235, 11.8085869], [76.2569245, 11.8081094], [76.2537786, 11.8064902], [76.2489549, 11.8041118], [76.2462958, 11.8030155], [76.2445645, 11.8030337], [76.2413935, 11.8041089], [76.2386599, 11.80338], [76.2364548, 11.8039085], [76.2266702, 11.8060783], [76.2218756, 11.8101411], [76.2180506, 11.8149775], [76.2182081, 11.8196495], [76.2177342, 11.820547], [76.2172695, 11.821399], [76.2170235, 11.8218637], [76.2167365, 11.8219092], [76.2161123, 11.8216313], [76.2157524, 11.8219275], [76.2158572, 11.822784], [76.2156476, 11.8234765], [76.214627, 11.823358], [76.2140894, 11.8236268], [76.2136332, 11.8239697], [76.2131327, 11.8250665], [76.2122124, 11.8261235], [76.2114561, 11.8263741], [76.2111463, 11.826775], [76.2112467, 11.8274561], [76.2111371, 11.8277728], [76.2104173, 11.8276726], [76.2100164, 11.8281008], [76.2100619, 11.8292398], [76.2107016, 11.8308473], [76.2111235, 11.8327206], [76.2109367, 11.8334222], [76.2107863, 11.8341421], [76.2115016, 11.8360966], [76.211963, 11.8384543], [76.2121577, 11.8393633], [76.2119527, 11.8397779], [76.2117112, 11.8401697], [76.2119317, 11.8406847], [76.2130233, 11.8416595], [76.2132284, 11.8427575], [76.2128229, 11.8433133], [76.2120802, 11.8432951], [76.2119527, 11.8435275], [76.2122169, 11.8440696], [76.2117021, 11.8443339], [76.2106724, 11.8445434], [76.2106861, 11.8449307], [76.2111204, 11.8455063], [76.2107544, 11.8464387], [76.2102897, 11.8474821], [76.2103353, 11.8486757], [76.2097385, 11.8496279], [76.2100209, 11.8504161], [76.2093011, 11.8514914], [76.2094503, 11.8529319], [76.2087179, 11.8539425], [76.2088273, 11.8550633], [76.2081347, 11.8561749], [76.2080072, 11.8572046], [76.2076974, 11.8608767], [76.2071598, 11.8618608], [76.2048186, 11.8624681], [76.2036152, 11.8623437], [76.2023285, 11.8627019], [76.2012552, 11.8637652], [76.2003977, 11.8658739], [76.1987608, 11.8670002], [76.1958063, 11.8690108], [76.1918737, 11.8710337], [76.1907847, 11.8715486], [76.1898531, 11.8718512], [76.1879226, 11.8722375], [76.1863323, 11.8722108], [76.1846731, 11.8716303], [76.1815516, 11.8710503], [76.1794502, 11.8708908], [76.1768077, 11.8712553], [76.1737022, 11.8720427], [76.1730025, 11.8719181], [76.172694, 11.8718125], [76.1721145, 11.8716141], [76.1707666, 11.8710484], [76.1698737, 11.8705412], [76.1686729, 11.8695607], [76.166924, 11.8686468], [76.1652081, 11.8682848], [76.1638472, 11.868372], [76.1617555, 11.869635], [76.1596125, 11.8705652], [76.1576781, 11.8707887], [76.1561355, 11.8705406], [76.1530942, 11.8685649], [76.1511805, 11.8674438], [76.1502105, 11.8669996], [76.1494557, 11.866588], [76.1489372, 11.8665743], [76.1483581, 11.8667406], [76.1476496, 11.8669886], [76.1469022, 11.8672113], [76.1459027, 11.8671198], [76.1449197, 11.8663857], [76.1422374, 11.8631293], [76.1406833, 11.8611126], [76.1389382, 11.8596193], [76.1369147, 11.8587166], [76.1356859, 11.8580231], [76.1350615, 11.8571891], [76.1342637, 11.8560474], [76.1335468, 11.8548421], [76.1322743, 11.8538347], [76.1301369, 11.8531582], [76.1281799, 11.8529638], [76.126417, 11.8530247], [76.124495, 11.8520548], [76.1229029, 11.8511992], [76.1203953, 11.8505164], [76.1201314, 11.8506066], [76.1191625, 11.8527523], [76.1174338, 11.8542067], [76.1166794, 11.8560894], [76.1178348, 11.8570861], [76.116304, 11.8577422], [76.112789, 11.8583375], [76.1134468, 11.8613077], [76.1138079, 11.8630691], [76.1148643, 11.8665262], [76.1136125, 11.8748907], [76.1124405, 11.8805769], [76.1119302, 11.8852969], [76.1118026, 11.8876296], [76.1133881, 11.8947005], [76.1131664, 11.9077691], [76.1132626, 11.9170208], [76.1132788, 11.9185739], [76.1126569, 11.9340252], [76.1126297, 11.9386701], [76.1125796, 11.9472173], [76.1124328, 11.9582547], [76.1125536, 11.9786826], [76.1088321, 11.9772917], [76.1043855, 11.9754146], [76.0961245, 11.9700465], [76.0939249, 11.9685988], [76.0916286, 11.9680703], [76.0896605, 11.9673414], [76.0877469, 11.9675965], [76.0851045, 11.9676876], [76.081569, 11.9685259], [76.0785566, 11.9687773], [76.0741883, 11.9682708], [76.0705981, 11.9672685], [76.0689142, 11.9654658], [76.0679921, 11.9636237], [76.0665524, 11.9629312], [76.0617777, 11.9601611], [76.056675, 11.9568079], [76.0538759, 11.953673], [76.051791, 11.9515776], [76.0496223, 11.9513589], [76.0480186, 11.9519239], [76.0447201, 11.9504295], [76.0422598, 11.9459464], [76.0402916, 11.9457277], [76.0389613, 11.945017], [76.0377038, 11.9431034], [76.0336437, 11.9400877], [76.0318539, 11.9398049], [76.0279618, 11.940955], [76.0272615, 11.9423198], [76.0260769, 11.9434497], [76.0220676, 11.9439964], [76.020555, 11.9425932], [76.0187144, 11.9420282], [76.0161813, 11.9409712], [76.0141402, 11.9415362], [76.0128827, 11.9417366], [76.0106958, 11.9408437], [76.0098708, 11.9398517], [76.0076889, 11.9391215], [76.0065863, 11.9382103], [76.0060214, 11.9369619], [76.0053887, 11.9356176], [76.0050737, 11.9349482], [76.0045088, 11.9334356], [76.0036262, 11.9312137], [76.0013014, 11.9312761], [75.9997493, 11.9312479], [75.9987409, 11.9313581], [75.9972101, 11.9319595], [75.9943489, 11.9321326], [75.9912599, 11.9339823], [75.9870411, 11.9336634], [75.9854647, 11.9330711], [75.9825671, 11.9335632], [75.9801524, 11.9341463], [75.9784576, 11.9343741], [75.9763891, 11.9340826], [75.9739351, 11.9349707], [75.9728702, 11.9353996], [75.9715345, 11.9359376], [75.9708294, 11.9364258], [75.9697027, 11.9367243], [75.9696195, 11.9367425], [75.9690978, 11.9369381], [75.9681821, 11.9370563], [75.9671951, 11.9372718], [75.9653752, 11.9382536], [75.9623058, 11.9391944], [75.9593588, 11.9403972], [75.9578553, 11.9412446], [75.9564504, 11.9416046], [75.9550062, 11.9416689], [75.953672, 11.9416487], [75.9528893, 11.9411079], [75.9518961, 11.9408254], [75.9507844, 11.9409348], [75.9494017, 11.9414628], [75.9479597, 11.9416455], [75.9453592, 11.9414225], [75.9383031, 11.9416556], [75.938487, 11.9402813], [75.9383583, 11.9393051], [75.9371889, 11.9370063], [75.9367813, 11.935403], [75.9365971, 11.9341764], [75.9350188, 11.9347299], [75.9324574, 11.9353058], [75.9301078, 11.9355473], [75.9279621, 11.934802], [75.925709, 11.9326501], [75.925312, 11.9320518], [75.9250116, 11.9308026], [75.9251726, 11.929291], [75.9257948, 11.9273386], [75.9260631, 11.9262889], [75.926106, 11.9254071], [75.9259665, 11.9243993], [75.9252262, 11.9225833], [75.9250331, 11.921838], [75.9249473, 11.9208722], [75.9252798, 11.9200114], [75.9266102, 11.9194341], [75.9274471, 11.9190562], [75.9280479, 11.9187622], [75.9290135, 11.9181114], [75.9297645, 11.9174815], [75.9307408, 11.9165052], [75.9312022, 11.9158019], [75.9315562, 11.9145107], [75.9318137, 11.9139543], [75.9322858, 11.91323], [75.9330153, 11.9130725], [75.934056, 11.9126526], [75.9348392, 11.9123167], [75.9355152, 11.9116763], [75.9361052, 11.9103851], [75.9365666, 11.9089678], [75.9367382, 11.9078341], [75.9370601, 11.9061964], [75.9374249, 11.9048211], [75.9376287, 11.9044957], [75.938235, 11.903829], [75.9380257, 11.9030365], [75.9377789, 11.902606], [75.9369743, 11.9016297], [75.9359872, 11.9002229], [75.9354079, 11.8979133], [75.9355152, 11.8941549], [75.9357083, 11.8920762], [75.9352791, 11.88984], [75.9344208, 11.8882967], [75.9330153, 11.8858609], [75.9320068, 11.8846956], [75.9310305, 11.8839712], [75.929153, 11.8826063], [75.9264386, 11.8819239], [75.9252798, 11.8809685], [75.9233487, 11.880643], [75.9214604, 11.8808005], [75.9194648, 11.880475], [75.9185421, 11.8798661], [75.9172761, 11.8786692], [75.9166753, 11.8782597], [75.9151518, 11.8775248], [75.9137785, 11.8769263], [75.9122658, 11.8761389], [75.9117293, 11.8755089], [75.9118903, 11.874312], [75.9123409, 11.8737241], [75.912931, 11.8733776], [75.9137571, 11.8731991], [75.91483, 11.8727056], [75.9162462, 11.8719602], [75.91748, 11.8712672], [75.9187353, 11.8709837], [75.920248, 11.8704063], [75.920527, 11.8701543], [75.921396, 11.8694298], [75.9219432, 11.8688209], [75.923177, 11.8670359], [75.9243035, 11.8658915], [75.9256017, 11.864621], [75.9263742, 11.8637286], [75.9271359, 11.8632141], [75.9278762, 11.8629411], [75.928516, 11.8623354], [75.9288633, 11.8620066], [75.9298718, 11.8605156], [75.9303868, 11.8593292], [75.930419, 11.8586257], [75.9301078, 11.8580692], [75.9293139, 11.8578592], [75.9287989, 11.8567882], [75.9275651, 11.8541212], [75.9271896, 11.8531132], [75.9264707, 11.8520002], [75.9261167, 11.8503307], [75.9262454, 11.8486716], [75.92646, 11.8478316], [75.9269106, 11.8471281], [75.9271681, 11.8462671], [75.9274002, 11.8453186], [75.9275329, 11.844776], [75.9272754, 11.8432745], [75.9268463, 11.8429069], [75.925945, 11.8430959], [75.9256554, 11.844314], [75.9256339, 11.844965], [75.9254837, 11.8457946], [75.9254086, 11.8469601], [75.9237885, 11.8472961], [75.9219003, 11.8470651], [75.9206986, 11.8470861], [75.9195399, 11.8468971], [75.9177375, 11.8463091], [75.9158706, 11.8457001], [75.913167, 11.8461621], [75.9115791, 11.8459521], [75.9096694, 11.8456371], [75.9077811, 11.845028], [75.9062576, 11.84444], [75.9042191, 11.843852], [75.9003997, 11.843285], [75.8953786, 11.843117], [75.8937478, 11.843201], [75.8925032, 11.843306], [75.8913231, 11.843558], [75.8901, 11.844587], [75.8899098, 11.8448074], [75.8890486, 11.8458051], [75.8877182, 11.8468761], [75.8864093, 11.8475481], [75.8846068, 11.8460571], [75.8824825, 11.8455741], [75.8812165, 11.8460571], [75.8804011, 11.8466661], [75.879457, 11.8473801], [75.8776545, 11.8478001], [75.8773723, 11.8478701], [75.876131, 11.8481781], [75.8727836, 11.8490602], [75.865129, 11.8497896], [75.8646297, 11.8498372], [75.8635568, 11.8498372], [75.8620763, 11.8500682], [75.8607888, 11.8505512], [75.8593726, 11.8500892], [75.8538365, 11.8499422], [75.8351469, 11.8524832], [75.8343315, 11.8525252], [75.8328724, 11.8523992], [75.8315635, 11.8525042], [75.8289671, 11.8522732], [75.8283872, 11.8523235], [75.8263063, 11.8525042], [75.8252549, 11.8527772], [75.8239245, 11.8530712], [75.8228946, 11.8535752], [75.8218217, 11.8556122], [75.8209634, 11.8571872], [75.8203625, 11.8583212], [75.8192038, 11.8586992], [75.8184957, 11.8580272], [75.8179164, 11.8572502], [75.8174228, 11.8563472], [75.8165645, 11.8562422], [75.814805, 11.8566202], [75.8132171, 11.8571242], [75.8113718, 11.8571032], [75.8098268, 11.8570192], [75.8085608, 11.8565782], [75.808429, 11.8565563], [75.8069086, 11.8556332], [75.8060074, 11.8547722], [75.8054495, 11.8537852], [75.8051061, 11.8522732], [75.80565, 11.8512383], [75.8058787, 11.8508032], [75.8055353, 11.8479051], [75.8030247, 11.8459101], [75.8006215, 11.845238], [75.7946348, 11.8456371], [75.7924032, 11.845028], [75.7914591, 11.843642], [75.7901072, 11.8410799], [75.7899999, 11.8360606], [75.7902789, 11.8351785], [75.790987, 11.8336454], [75.7921886, 11.8324483], [75.7931113, 11.8314402], [75.7943988, 11.8305581], [75.7955789, 11.8303271], [75.796802, 11.829424], [75.7977891, 11.8281429], [75.7982611, 11.8271978], [75.7983041, 11.8256436], [75.7985401, 11.8239635], [75.7984757, 11.8218422], [75.7983041, 11.820246], [75.796566, 11.8185448], [75.7924032, 11.8153944], [75.7885194, 11.81321], [75.783906, 11.8119078], [75.7814383, 11.8104586], [75.7807517, 11.8080642], [75.7803654, 11.8074971], [75.7797003, 11.806636], [75.7789063, 11.8060899], [75.778048, 11.8055228], [75.7765031, 11.8048716], [75.7750225, 11.8043675], [75.773149, 11.8039869]]]}, "properties": {"place_id": 253492847, "osm_type": "relation", "osm_id": 2018203, "place_rank": 10, "category": "boundary", "type": "administrative", "importance": 0.5211427200459763, "addresstype": "state_district", "name": "Wayanad", "display_name": "Wayanad, Kerala, India", "_source": "nominatim_osm", "_fetched_at": "2026-09-27T11:04:50.518054+00:00", "zone_id": "Z-KERALA-WAYANAD-01"}}, {"type": "Feature", "geometry": {"type": "Polygon", "coordinates": [[[91.5605521, 26.1323232], [91.5607667, 26.130705], [91.5613246, 26.1290289], [91.5615821, 26.1272566], [91.5615392, 26.1251567], [91.5607452, 26.1217852], [91.5612387, 26.1205521], [91.5624833, 26.1191842], [91.5637707, 26.1183943], [91.5646505, 26.1171612], [91.5642214, 26.1111884], [91.5645647, 26.1066218], [91.5645218, 26.1045601], [91.565144, 26.1030571], [91.5690923, 26.1025946], [91.5732765, 26.1025754], [91.5734911, 26.099184], [91.5734482, 26.0967174], [91.5741992, 26.0952143], [91.5751862, 26.0946169], [91.5767526, 26.0940388], [91.578834, 26.0936149], [91.5815377, 26.0933644], [91.5838551, 26.0929211], [91.5864301, 26.0916878], [91.5869021, 26.0896836], [91.586709, 26.0880841], [91.5856576, 26.0868507], [91.5844345, 26.0859256], [91.5828037, 26.0847886], [91.5811729, 26.084037], [91.5796494, 26.0830541], [91.5792203, 26.0808763], [91.579864, 26.0791225], [91.5806579, 26.0773301], [91.5805077, 26.075634], [91.5797782, 26.0737452], [91.5774607, 26.0715672], [91.5770764, 26.0714002], [91.5754652, 26.0706999], [91.5743708, 26.0706806], [91.5731907, 26.0709119], [91.5722251, 26.0709311], [91.5714955, 26.0702373], [91.5715599, 26.0694085], [91.5717315, 26.0683291], [91.5714097, 26.0670377], [91.5709805, 26.0661125], [91.5701437, 26.0647825], [91.5692854, 26.0634332], [91.5684914, 26.0621995], [91.567676, 26.0608888], [91.5681481, 26.059578], [91.5691137, 26.0591925], [91.570487, 26.0591732], [91.573298, 26.0596358], [91.5761089, 26.059366], [91.5770745, 26.0583058], [91.5779114, 26.0580166], [91.5785765, 26.0585949], [91.5789628, 26.0600406], [91.5788984, 26.0633561], [91.5793919, 26.0658426], [91.5798211, 26.0673653], [91.58113, 26.06804], [91.582632, 26.068252], [91.5841555, 26.0669027], [91.5847134, 26.0639343], [91.586194, 26.0627007], [91.5866017, 26.061602], [91.5864301, 26.0587684], [91.5865159, 26.0573998], [91.5879321, 26.0569564], [91.5897774, 26.0572455], [91.593554, 26.0587491], [91.5962147, 26.0595973], [91.5980172, 26.060696], [91.5990686, 26.0624501], [91.5994119, 26.0650138], [91.6000986, 26.066363], [91.6006779, 26.0683869], [91.6008711, 26.0701023], [91.6002917, 26.0714516], [91.5998196, 26.0727429], [91.6000557, 26.0740536], [91.6009784, 26.0754798], [91.6027593, 26.0758846], [91.6058278, 26.0755762], [91.6082525, 26.075634], [91.6100764, 26.0754798], [91.6104626, 26.0744776], [91.6105485, 26.0720298], [91.6123938, 26.0712395], [91.6144967, 26.070642], [91.6166425, 26.0707384], [91.6203546, 26.0720683], [91.6235947, 26.0733597], [91.6255903, 26.074015], [91.6270494, 26.0745932], [91.6285944, 26.0749016], [91.6299248, 26.0742077], [91.6293883, 26.0729164], [91.6280365, 26.0720491], [91.6271782, 26.0713166], [91.6274571, 26.0702951], [91.6292596, 26.0695434], [91.6320491, 26.0694277], [91.6337871, 26.0694856], [91.6421342, 26.065592], [91.648829, 26.0627971], [91.6532922, 26.0612743], [91.6606521, 26.0575732], [91.6677117, 26.0547396], [91.6768741, 26.0510383], [91.6854571, 26.0472984], [91.7246228, 26.0330142], [91.7251758, 26.0402728], [91.7259704, 26.0422848], [91.7258621, 26.0447998], [91.7262233, 26.0461789], [91.7287335, 26.0460329], [91.7300699, 26.0459356], [91.7320565, 26.0461952], [91.7330498, 26.0472498], [91.7339527, 26.0489697], [91.733736, 26.0496673], [91.7351447, 26.0500892], [91.7354156, 26.0509816], [91.7359935, 26.0521822], [91.7363727, 26.0535775], [91.7367158, 26.0545834], [91.7370951, 26.0560436], [91.7363185, 26.05593], [91.7351627, 26.0553946], [91.7338444, 26.0553946], [91.7329595, 26.0556217], [91.7318037, 26.0563356], [91.7318037, 26.0579255], [91.7329233, 26.0588665], [91.7343681, 26.0595155], [91.7356684, 26.059775], [91.7372396, 26.0602293], [91.7386843, 26.0606673], [91.7399485, 26.0612189], [91.7427477, 26.0625654], [91.7438132, 26.0637497], [91.744048, 26.0647231], [91.7455289, 26.0649178], [91.7473529, 26.0649016], [91.7491408, 26.0648204], [91.7503327, 26.0648042], [91.75194, 26.06508], [91.7530958, 26.0658587], [91.7551546, 26.0667185], [91.7562743, 26.067919], [91.7577913, 26.0690545], [91.7593264, 26.069963], [91.7606808, 26.0704983], [91.7625048, 26.0710661], [91.7632633, 26.0719258], [91.7636245, 26.0731749], [91.7639315, 26.0743915], [91.7661529, 26.0761272], [91.7681214, 26.0777169], [91.7696022, 26.0794687], [91.7710651, 26.0813666], [91.7732322, 26.0832157], [91.7744964, 26.0847728], [91.7763565, 26.0872869], [91.7778916, 26.0883412], [91.77986, 26.0884709], [91.7815215, 26.088325], [91.7824245, 26.0879357], [91.7835261, 26.0869301], [91.7845194, 26.0856974], [91.7854766, 26.0844322], [91.7873367, 26.0837185], [91.7891426, 26.0835563], [91.7905693, 26.0839618], [91.7919419, 26.0848215], [91.7928629, 26.0864597], [91.7951745, 26.0913255], [91.7972875, 26.093807], [91.798967, 26.0958182], [91.7997436, 26.0976995], [91.8002854, 26.0988023], [91.8011883, 26.0989645], [91.8019649, 26.0979103], [91.8020371, 26.0970345], [91.801983, 26.0957371], [91.802308, 26.0949099], [91.8030124, 26.094472], [91.803518, 26.0945207], [91.8048725, 26.0950883], [91.805631, 26.0958668], [91.8057935, 26.0969859], [91.8057213, 26.0978779], [91.8072202, 26.097959], [91.8078704, 26.0973589], [91.8085566, 26.0969372], [91.8093151, 26.0970345], [91.8100736, 26.0982509], [91.8100736, 26.0996781], [91.8108682, 26.1024351], [91.8139564, 26.1060192], [91.8152386, 26.1085977], [91.8171168, 26.1100896], [91.8185255, 26.1108355], [91.819591, 26.1114031], [91.8202953, 26.111922], [91.8206023, 26.1132518], [91.8208552, 26.1155869], [91.8216678, 26.1168517], [91.8226431, 26.1178571], [91.8242503, 26.1180679], [91.8256229, 26.1181003], [91.8280428, 26.1181651], [91.8301378, 26.1180192], [91.8317812, 26.1172247], [91.8331537, 26.1163166], [91.8342553, 26.1151328], [91.8359529, 26.1138031], [91.8370752, 26.1129413], [91.8385715, 26.1117923], [91.8411179, 26.1103653], [91.8425085, 26.1095058], [91.8452897, 26.1084355], [91.8480347, 26.1077219], [91.8500755, 26.1077868], [91.8523329, 26.1064408], [91.8551863, 26.1050299], [91.8582203, 26.1038623], [91.8590692, 26.1031259], [91.8611803, 26.1023208], [91.8625395, 26.1022862], [91.8632721, 26.1020957], [91.8637252, 26.101559], [91.8647856, 26.1007799], [91.8659712, 26.1002519], [91.8669545, 26.1004597], [91.8679763, 26.100174], [91.8688631, 26.0998277], [91.8705405, 26.0996719], [91.8717743, 26.09962], [91.8731817, 26.0998191], [91.8747819, 26.0995074], [91.8769026, 26.0987803], [91.8781365, 26.0979319], [91.8789848, 26.0970835], [91.8793126, 26.0960793], [91.8791776, 26.0951097], [91.8787342, 26.0943133], [91.8777316, 26.0936207], [91.8773268, 26.0917854], [91.8782522, 26.0905214], [91.8781943, 26.0896037], [91.8777702, 26.088357], [91.8777702, 26.0870237], [91.8774425, 26.0847554], [91.8777316, 26.0832663], [91.8778473, 26.0823139], [91.8776545, 26.0814481], [91.8770376, 26.0801494], [91.8767291, 26.0776212], [91.8763243, 26.0753873], [91.8755338, 26.0734997], [91.8752446, 26.0725299], [91.8743385, 26.0701747], [91.8732781, 26.0667804], [91.8730853, 26.065291], [91.8731432, 26.0638362], [91.8724877, 26.0597663], [91.8721021, 26.0574628], [91.8711188, 26.0553324], [91.8705019, 26.0547609], [91.870579, 26.053254], [91.8713116, 26.0524919], [91.872372, 26.0515047], [91.8723913, 26.0499631], [91.8720057, 26.0490971], [91.8712345, 26.047313], [91.8695572, 26.0450612], [91.868304, 26.0427228], [91.8683426, 26.0412678], [91.8694994, 26.0413717], [91.8705212, 26.0419953], [91.8713695, 26.0426882], [91.8721599, 26.0434676], [91.8736444, 26.0431905], [91.8747433, 26.0423244], [91.8741264, 26.0403497], [91.8741842, 26.0391371], [91.8745891, 26.0380631], [91.8751868, 26.0369891], [91.8765942, 26.0356899], [91.8776738, 26.0347545], [91.8795246, 26.0331434], [91.8798909, 26.0318095], [91.8805464, 26.029211], [91.8812983, 26.0278251], [91.8820117, 26.0267336], [91.8829949, 26.0258501], [91.8844023, 26.0259021], [91.886041, 26.0261793], [91.887622, 26.0262139], [91.8903403, 26.0257461], [91.891073, 26.0253823], [91.8925767, 26.0252264], [91.8940613, 26.0252957], [91.8954686, 26.0249839], [91.8967218, 26.0241003], [91.8979942, 26.0232168], [91.8993824, 26.0225238], [91.9009054, 26.022108], [91.902255, 26.0221253], [91.903913, 26.0223678], [91.9047613, 26.0224718], [91.9068435, 26.0217268], [91.9081159, 26.020722], [91.9092341, 26.0201676], [91.9106608, 26.0200636], [91.9126658, 26.0199943], [91.9142467, 26.0196305], [91.9156349, 26.0187815], [91.9153649, 26.0187296], [91.915577, 26.0171703], [91.9153457, 26.0162], [91.9151914, 26.0152818], [91.9153842, 26.013913], [91.9148251, 26.0130987], [91.9141503, 26.0128215], [91.9129165, 26.0127868], [91.9120489, 26.0126828], [91.9112392, 26.0120591], [91.9114898, 26.010673], [91.9120296, 26.0100839], [91.9128779, 26.0094255], [91.9127622, 26.008767], [91.9119718, 26.0082992], [91.9115862, 26.0077967], [91.9118175, 26.0072942], [91.9131478, 26.0068784], [91.9138226, 26.0063932], [91.9140154, 26.0057175], [91.9141311, 26.0048858], [91.9139768, 26.00421], [91.9136876, 26.0032916], [91.9139576, 26.0015762], [91.9142853, 25.9990636], [91.9147866, 25.9978506], [91.9160783, 25.9972268], [91.9186232, 25.9968455], [91.9199534, 25.9968455], [91.9221706, 25.9968455], [91.9240985, 25.9980066], [91.9262192, 25.9987863], [91.9282628, 25.9996354], [91.9290147, 26.0007791], [91.9292654, 26.0017841], [91.9293039, 26.0033783], [91.9297088, 26.0048684], [91.9306342, 26.0072769], [91.9312126, 26.008871], [91.9322344, 26.0101878], [91.9332755, 26.0103438], [91.9355119, 26.009876], [91.9379796, 26.0099626], [91.9396184, 26.0101878], [91.9414499, 26.0108809], [91.9433586, 26.0110888], [91.9466168, 26.011522], [91.948564, 26.0124576], [91.9506076, 26.0136358], [91.9527283, 26.0145021], [91.9589748, 26.0168584], [91.9664552, 26.0196478], [91.97141, 26.0202888], [91.9757286, 26.0228356], [91.9781192, 26.0254863], [91.9798158, 26.0257461], [91.9821679, 26.0253997], [91.9839609, 26.0254516], [91.9853876, 26.026058], [91.9860238, 26.0271494], [91.987836, 26.0319308], [91.9886843, 26.0353088], [91.9905351, 26.0369198], [91.993215, 26.0369545], [91.9948152, 26.0369198], [91.9974179, 26.0368505], [91.9994037, 26.0358112], [92.0022377, 26.0353261], [92.0045705, 26.0357939], [92.0063828, 26.0365214], [92.0090433, 26.0364175], [92.0128414, 26.0366427], [92.01689, 26.0375261], [92.0220762, 26.0376647], [92.0238499, 26.0375434], [92.0286697, 26.0381497], [92.0327569, 26.0379072], [92.0343957, 26.0372316], [92.035938, 26.0363482], [92.0375575, 26.035534], [92.0414326, 26.0350143], [92.0442282, 26.033334], [92.0473707, 26.0322599], [92.0504747, 26.0315843], [92.0533087, 26.0317575], [92.0572417, 26.0332474], [92.0601915, 26.0337844], [92.064028, 26.0337151], [92.0669392, 26.033923], [92.069407, 26.0362269], [92.0743425, 26.0384615], [92.0773115, 26.0410426], [92.0824013, 26.0425323], [92.0898238, 26.0455462], [92.0927928, 26.0470878], [92.0981139, 26.0484908], [92.1018349, 26.0487853], [92.1081971, 26.0492356], [92.1105491, 26.0489239], [92.1131326, 26.0480405], [92.1148099, 26.0469839], [92.116892, 26.0458927], [92.1198611, 26.0451825], [92.1220396, 26.0436409], [92.1238133, 26.0437101], [92.1264932, 26.0443164], [92.1294622, 26.0446109], [92.1324505, 26.044836], [92.1342242, 26.046395], [92.1347062, 26.050067], [92.1355737, 26.0523014], [92.1366148, 26.0533753], [92.1382591, 26.0539807], [92.1389669, 26.0542413], [92.1421673, 26.05509], [92.143459, 26.0558174], [92.1444615, 26.0571337], [92.1452327, 26.0592121], [92.1482595, 26.061706], [92.1509201, 26.0645463], [92.1534457, 26.0663648], [92.1561255, 26.0678368], [92.1584583, 26.0696379], [92.1640879, 26.0732919], [92.1669991, 26.0759761], [92.1710092, 26.0779502], [92.1727315, 26.0779502], [92.1731878, 26.0779502], [92.1748169, 26.0780151], [92.1756855, 26.0780683], [92.1757603, 26.0802816], [92.1752065, 26.0817195], [92.1739076, 26.0824249], [92.1731122, 26.0827324], [92.1724879, 26.0831846], [92.171914, 26.0837634], [92.1713501, 26.084523], [92.170746, 26.0862684], [92.1703231, 26.0876249], [92.1696988, 26.0887281], [92.168853, 26.0898314], [92.1683495, 26.0908623], [92.1680475, 26.0916943], [92.1687724, 26.0945879], [92.1699203, 26.0966677], [92.1708466, 26.0983496], [92.1718133, 26.1004113], [92.1707862, 26.1026899], [92.1706453, 26.1050046], [92.1703432, 26.1073736], [92.169915, 26.108201], [92.1694168, 26.1091638], [92.1686113, 26.1113699], [92.1673628, 26.1150045], [92.167264, 26.1151586], [92.1658323, 26.1175179], [92.1644226, 26.1200131], [92.1636574, 26.1225807], [92.1635567, 26.1312592], [92.1630935, 26.1341519], [92.162288, 26.1363756], [92.1621067, 26.1396117], [92.1618248, 26.1449447], [92.1629324, 26.147584], [92.1641407, 26.151344], [92.1661343, 26.1552665], [92.1662753, 26.1599842], [92.1667788, 26.1620629], [92.1666378, 26.1635811], [92.165067, 26.1635631], [92.1640803, 26.1635088], [92.1623685, 26.1637438], [92.1610193, 26.1644487], [92.1602742, 26.165479], [92.1592069, 26.1679913], [92.1573139, 26.1700336], [92.1556626, 26.17063], [92.1540918, 26.170377], [92.1533266, 26.1697625], [92.1528634, 26.1688588], [92.1527224, 26.1675936], [92.1522794, 26.1662381], [92.151039, 26.1621195], [92.1503636, 26.1615642], [92.1495759, 26.1613867], [92.1476477, 26.1624424], [92.1442041, 26.1645572], [92.1394716, 26.1677744], [92.1349406, 26.170124], [92.1318796, 26.172347], [92.1312352, 26.1746242], [92.1310741, 26.1767749], [92.1310741, 26.1792327], [92.1306109, 26.1801363], [92.1292214, 26.1801725], [92.1278319, 26.1796845], [92.1263014, 26.1790339], [92.1205419, 26.1775701], [92.117199, 26.1766303], [92.1145408, 26.1754194], [92.1099091, 26.1729976], [92.1068883, 26.1722928], [92.1037871, 26.1724374], [92.0993769, 26.1740278], [92.093416, 26.1754375], [92.0911002, 26.1759074], [92.0860657, 26.176793], [92.0823401, 26.1769014], [92.0808902, 26.1773351], [92.0809103, 26.1782207], [92.0819575, 26.1789436], [92.0832866, 26.1795942], [92.0866899, 26.180552], [92.0917848, 26.18357], [92.0936174, 26.1854494], [92.093698, 26.1872204], [92.0935167, 26.1889552], [92.092248, 26.1895515], [92.0904155, 26.1894611], [92.0893079, 26.1890094], [92.0878982, 26.1881058], [92.0865691, 26.1871119], [92.0847365, 26.1856843], [92.0819776, 26.185612], [92.0805076, 26.1862987], [92.0796618, 26.1872927], [92.0792993, 26.1890094], [92.0789167, 26.193527], [92.0781313, 26.1947377], [92.0765404, 26.1956773], [92.0743856, 26.1964362], [92.0713448, 26.1970686], [92.0691296, 26.1966892], [92.0665318, 26.1959122], [92.0647798, 26.1955508], [92.0630681, 26.1954785], [92.0613765, 26.195876], [92.0594835, 26.1971228], [92.0569058, 26.1996706], [92.0544691, 26.2041336], [92.0502402, 26.2104031], [92.051388, 26.2116498], [92.0529588, 26.2129867], [92.0549122, 26.216582], [92.0555767, 26.218497], [92.0554962, 26.2199423], [92.0529789, 26.2217489], [92.0504818, 26.2229412], [92.0479847, 26.2249645], [92.0457695, 26.226193], [92.0433932, 26.226482], [92.0413391, 26.2260846], [92.0395267, 26.225651], [92.0377546, 26.2257955], [92.0366671, 26.2264097], [92.0351769, 26.2272768], [92.0338881, 26.2286498], [92.0319951, 26.2311065], [92.0304243, 26.2329129], [92.0268801, 26.2330574], [92.0237788, 26.2331297], [92.0215636, 26.2333826], [92.0204359, 26.2321542], [92.0198318, 26.2308536], [92.0183415, 26.2302033], [92.0164888, 26.2295891], [92.0151597, 26.2288304], [92.0128237, 26.2285052], [92.0104474, 26.2300588], [92.0094405, 26.2316484], [92.0089975, 26.2335632], [92.010085, 26.2353696], [92.0110113, 26.2369953], [92.0120585, 26.2418361], [92.0108502, 26.2434256], [92.008192, 26.2427031], [92.0067823, 26.2411859], [92.0051713, 26.2395602], [92.0033186, 26.2384765], [92.0000965, 26.2380068], [91.9957064, 26.2376094], [91.9909941, 26.2375733], [91.9817307, 26.2393073], [91.9781058, 26.2415832], [91.9757295, 26.2436785], [91.9739574, 26.2462072], [91.9729102, 26.2478327], [91.973313, 26.2494582], [91.9746824, 26.2504336], [91.9756893, 26.2513005], [91.9761323, 26.2563936], [91.9767364, 26.2611975], [91.9777031, 26.2644843], [91.9781864, 26.267771], [91.9774821, 26.2734696], [91.9642592, 26.2620322], [91.9533056, 26.2551432], [91.944593, 26.2492142], [91.9390488, 26.2454413], [91.9323431, 26.2426549], [91.9296253, 26.2431957], [91.9261133, 26.247562], [91.9238689, 26.247115], [91.9136239, 26.2419445], [91.9129343, 26.2373632], [91.9096656, 26.2308755], [91.9020143, 26.2265984], [91.8884541, 26.2226093], [91.887098, 26.2181484], [91.8752536, 26.2167862], [91.8703026, 26.2209872], [91.859975, 26.2175245], [91.8418028, 26.2154482], [91.8196938, 26.2098455], [91.7934195, 26.205732], [91.7878394, 26.2017727], [91.7776364, 26.1991868], [91.7766851, 26.1989457], [91.7741938, 26.1992571], [91.7588446, 26.2011758], [91.7500663, 26.2086232], [91.7471909, 26.2091815], [91.7454099, 26.2098553], [91.7428565, 26.2107601], [91.7407536, 26.2108756], [91.7375994, 26.2107023], [91.7357969, 26.2112029], [91.7342305, 26.2114146], [91.7311406, 26.2112991], [91.7305827, 26.2103558], [91.7304969, 26.2085077], [91.7299175, 26.2072371], [91.7272353, 26.2061204], [91.7223215, 26.2045803], [91.7212915, 26.2036947], [91.7204332, 26.2023662], [91.7195105, 26.2002484], [91.7189097, 26.1981306], [91.718781, 26.1969368], [91.7181372, 26.1952618], [91.7150903, 26.1925084], [91.7131376, 26.1916998], [91.7113566, 26.1915072], [91.7093611, 26.1923351], [91.7068505, 26.1933364], [91.7041898, 26.1947034], [91.6991901, 26.1970331], [91.6986537, 26.197938], [91.698246, 26.1997093], [91.6973662, 26.2018657], [91.6967225, 26.2034251], [91.6930318, 26.2046188], [91.6887402, 26.2053119], [91.6858649, 26.2053119], [91.6838908, 26.2048883], [91.6823673, 26.2039064], [91.6802645, 26.2028668], [91.677432, 26.2020967], [91.6746425, 26.2015384], [91.6725397, 26.2015769], [91.6715097, 26.2023085], [91.671102, 26.2035984], [91.6726684, 26.2065055], [91.6737842, 26.2077761], [91.6746855, 26.2088542], [91.675415, 26.2100863], [91.6758656, 26.2113184], [91.6769171, 26.2123964], [91.6781401, 26.2129547], [91.6794705, 26.213744], [91.6803288, 26.2144755], [91.6813159, 26.2153996], [91.6809511, 26.2166123], [91.6749215, 26.2203083], [91.6733122, 26.2209436], [91.6725826, 26.2201351], [91.671896, 26.2186529], [91.6708445, 26.2178251], [91.6699004, 26.2174594], [91.6684842, 26.2174209], [91.6674757, 26.2177096], [91.6664886, 26.2185181], [91.6657805, 26.2194806], [91.6644931, 26.2196731], [91.6641927, 26.2187299], [91.6639781, 26.2168626], [91.6638922, 26.2148028], [91.66327, 26.2128007], [91.6626477, 26.2115879], [91.6608453, 26.210067], [91.6577768, 26.2079494], [91.6553521, 26.2056584], [91.6529274, 26.2047343], [91.6510176, 26.204176], [91.6498804, 26.2031171], [91.6497946, 26.2018272], [91.6494298, 26.2001522], [91.6466832, 26.1974182], [91.6449237, 26.1967251], [91.6433787, 26.1960704], [91.6427564, 26.1948382], [91.642971, 26.1934519], [91.6439581, 26.1924314], [91.6453314, 26.1919693], [91.6465544, 26.1921041], [91.6481209, 26.1924122], [91.6501379, 26.191873], [91.6514897, 26.1907178], [91.651833, 26.1892159], [91.6527343, 26.1877525], [91.6540217, 26.1857692], [91.6535926, 26.183343], [91.6525626, 26.1818218], [91.6517901, 26.1801273], [91.6517257, 26.1782979], [91.653142, 26.1781438], [91.654408, 26.1788756], [91.6554808, 26.1801273], [91.6564035, 26.1818796], [91.6577339, 26.1810323], [91.6571116, 26.179357], [91.6558027, 26.1776624], [91.652863, 26.1751398], [91.6519403, 26.1700172], [91.6511678, 26.1678603], [91.6496229, 26.1662233], [91.6467905, 26.1653182], [91.6413402, 26.1646441], [91.6360831, 26.1646056], [91.6328645, 26.1637582], [91.6291952, 26.162256], [91.6236806, 26.1612738], [91.6158485, 26.1584041], [91.6056561, 26.1548794], [91.5986609, 26.1538779], [91.5892839, 26.1528378], [91.5779543, 26.1516436], [91.5713668, 26.1512391], [91.5665388, 26.1502953], [91.5641999, 26.1486581], [91.5632772, 26.1461541], [91.5623692, 26.1430943], [91.5618825, 26.1414541], [91.5610885, 26.1394893], [91.5607023, 26.1368117], [91.5605521, 26.1323232]]]}, "properties": {"place_id": 240206079, "osm_type": "relation", "osm_id": 9521878, "place_rank": 10, "category": "boundary", "type": "administrative", "importance": 0.41523351747267634, "addresstype": "state_district", "name": "Kamrup Metropolitan", "display_name": "Kamrup Metropolitan, Assam, India", "_source": "nominatim_osm", "_fetched_at": "2026-09-27T11:04:52.040318+00:00", "zone_id": "Z-ASSAM-GUWAHATI-01"}}, {"type": "Feature", "geometry": {"type": "Polygon", "coordinates": [[[85.1360177, 19.5206811], [85.1464033, 19.5011837], [85.1486723, 19.4966695], [85.1508665, 19.4923039], [85.1617884, 19.4808141], [85.1722637, 19.467535], [85.1750526, 19.4694446], [85.1758397, 19.4700196], [85.1774016, 19.4710667], [85.1785898, 19.4718725], [85.1792765, 19.4723276], [85.181551, 19.4738803], [85.184378, 19.4757718], [85.1858448, 19.4769015], [85.1870227, 19.4776583], [85.1884228, 19.4785939], [85.1899892, 19.4796559], [85.1910138, 19.4804348], [85.1927894, 19.481608], [85.1936102, 19.4821846], [85.1954341, 19.4834084], [85.196287, 19.4839597], [85.1971775, 19.4845463], [85.198465, 19.4854566], [85.203985, 19.4894113], [85.2053475, 19.4903822], [85.2059805, 19.4908171], [85.2068067, 19.491424], [85.2073324, 19.4917476], [85.207783, 19.4920308], [85.2088827, 19.4927944], [85.2105242, 19.4939727], [85.2113664, 19.4945643], [85.2120745, 19.4949992], [85.2154702, 19.4973608], [85.2180558, 19.4992318], [85.2207434, 19.5011179], [85.221945, 19.5019169], [85.2225941, 19.502377], [85.2236348, 19.5031254], [85.2244502, 19.5037474], [85.2248096, 19.5040204], [85.2255231, 19.5045463], [85.2262741, 19.505052], [85.2272397, 19.505679], [85.2315795, 19.508809], [85.2351791, 19.5113271], [85.2361929, 19.5120097], [85.236944, 19.5125355], [85.2377325, 19.5131069], [85.2398944, 19.5146895], [85.2403021, 19.515003], [85.2408868, 19.5154075], [85.2424854, 19.5164642], [85.2439874, 19.5174401], [85.2453634, 19.5184235], [85.2469701, 19.5195308], [85.2486089, 19.5206887], [85.250304, 19.5218338], [85.2517015, 19.5227389], [85.2556229, 19.5255146], [85.256508, 19.5261921], [85.2571893, 19.5266825], [85.2583694, 19.5275319], [85.2597052, 19.5285077], [85.2602899, 19.5289122], [85.2615559, 19.5298677], [85.2623123, 19.5303986], [85.2633315, 19.5312833], [85.2638465, 19.5316322], [85.2641684, 19.5318142], [85.2645385, 19.5319962], [85.2665019, 19.5334977], [85.2669686, 19.5337606], [85.2682024, 19.5347819], [85.2686316, 19.535161], [85.2701873, 19.5364199], [85.2708846, 19.5368698], [85.2717215, 19.5374158], [85.2730465, 19.5382601], [85.2735293, 19.5385988], [85.2740228, 19.539069], [85.274452, 19.5394077], [85.2755195, 19.540166], [85.276233, 19.5405907], [85.2768016, 19.5409698], [85.2780515, 19.5417838], [85.2784485, 19.5421528], [85.2788937, 19.5424763], [85.2796984, 19.5429971], [85.2802348, 19.5432802], [85.2808088, 19.5436189], [85.2817047, 19.5443064], [85.2820963, 19.5445844], [85.2834642, 19.5455753], [85.2839631, 19.5459241], [85.2844673, 19.5462577], [85.2849984, 19.5466015], [85.2858567, 19.5471727], [85.286597, 19.5477086], [85.2876109, 19.5484214], [85.2883297, 19.5488763], [85.2903306, 19.5501401], [85.2924871, 19.5515606], [85.2938336, 19.5525009], [85.2946275, 19.5530013], [85.2962744, 19.5540578], [85.2981895, 19.5551725], [85.3020465, 19.5576469], [85.3046107, 19.5592139], [85.3067833, 19.5606394], [85.3072178, 19.5608972], [85.3077865, 19.5612712], [85.3098839, 19.5626006], [85.3129739, 19.5645568], [85.3152806, 19.5659519], [85.316745, 19.5667758], [85.3179735, 19.5675542], [85.3189284, 19.5681405], [85.3198081, 19.5687269], [85.3206503, 19.5693081], [85.3217608, 19.5700259], [85.3235203, 19.5711985], [85.3245288, 19.5718253], [85.3256875, 19.5725026], [85.3264493, 19.5730181], [85.3284824, 19.5742767], [85.3303599, 19.5754038], [85.3314811, 19.5760609], [85.332672, 19.5767735], [85.3333747, 19.5772284], [85.3344637, 19.5778703], [85.3360516, 19.5787953], [85.3368348, 19.5792653], [85.3380257, 19.579892], [85.3424406, 19.582409], [85.3432667, 19.5828285], [85.3457022, 19.5842993], [85.3472096, 19.5851938], [85.3499025, 19.5867201], [85.3508359, 19.5872811], [85.3517908, 19.5877512], [85.3534698, 19.5887316], [85.3551811, 19.589702], [85.3571498, 19.5907582], [85.3579706, 19.5911524], [85.3586519, 19.5916275], [85.3593546, 19.5920065], [85.3607279, 19.5927848], [85.3624338, 19.5936895], [85.3629863, 19.5940533], [85.3638393, 19.5944627], [85.3655076, 19.5953623], [85.3660816, 19.5956453], [85.3672779, 19.5962618], [85.368281, 19.5967824], [85.3715318, 19.598541], [85.3739405, 19.5998348], [85.3766549, 19.6012599], [85.3777438, 19.6018158], [85.3785646, 19.60222], [85.3797394, 19.6028113], [85.3805011, 19.6032459], [85.3813648, 19.6036502], [85.3824216, 19.6041201], [85.3841811, 19.6051056], [85.3863537, 19.6062527], [85.3873032, 19.6067934], [85.3885263, 19.6073948], [85.3895563, 19.6079405], [85.391355, 19.6088499], [85.3922921, 19.6092847], [85.3932309, 19.6098001], [85.3953338, 19.6108765], [85.3973454, 19.611877], [85.4002476, 19.6134081], [85.401358, 19.6139084], [85.4024041, 19.6144642], [85.4041368, 19.6154041], [85.407452, 19.6171121], [85.4089701, 19.61787], [85.4114217, 19.6190929], [85.412398, 19.6195628], [85.4136586, 19.6201489], [85.4165447, 19.6215284], [85.4199564, 19.6232363], [85.4227888, 19.62455], [85.4246449, 19.6254191], [85.4277563, 19.6268743], [85.4297894, 19.6278191], [85.4306316, 19.6282587], [85.4319298, 19.6287943], [85.4330242, 19.6292592], [85.4347117, 19.6299885], [85.4352597, 19.6302253], [85.4353677, 19.630272], [85.4354246, 19.6302966], [85.4354778, 19.6303196], [85.4355524, 19.6303518], [85.435627, 19.6303841], [85.4357208, 19.6304246], [85.4358077, 19.6304622], [85.4359023, 19.630503], [85.4360207, 19.6305542], [85.4360964, 19.6305869], [85.4361913, 19.6306279], [85.4363178, 19.6306826], [85.4364145, 19.6307244], [85.4364883, 19.6307592], [85.4365902, 19.6308071], [85.4366756, 19.6308474], [85.4367892, 19.6309008], [85.4369027, 19.6309543], [85.4370025, 19.6310013], [85.4373908, 19.6311842], [85.4377985, 19.6313889], [85.4382062, 19.6315935], [85.4389036, 19.6318865], [85.4397224, 19.6322423], [85.4405835, 19.6326165], [85.4415153, 19.6330214], [85.4423205, 19.6333713], [85.4434079, 19.6338439], [85.4439032, 19.6340591], [85.4445404, 19.6343074], [85.4451775, 19.6345557], [85.4462945, 19.63504], [85.4469214, 19.6353118], [85.4474115, 19.6355243], [85.4478049, 19.6356999], [85.4495627, 19.6364843], [85.4524004, 19.6376666], [85.4529315, 19.637899], [85.4535591, 19.6381314], [85.4540634, 19.6383638], [85.4544282, 19.6385356], [85.4553723, 19.6389246], [85.4568473, 19.639528], [85.459907, 19.6408629], [85.4617136, 19.6416194], [85.4640842, 19.6426482], [85.4649264, 19.6430069], [85.4666644, 19.6436889], [85.4700065, 19.6451136], [85.4707467, 19.645437], [85.472399, 19.6460534], [85.4732466, 19.6464272], [85.4743945, 19.6469425], [85.476197, 19.6476599], [85.4773557, 19.648155], [85.4791689, 19.6488825], [85.4810786, 19.6497161], [85.4817653, 19.6500041], [85.4828864, 19.6504133], [85.4835409, 19.650681], [85.4860192, 19.6517369], [85.4872262, 19.6522067], [85.4911852, 19.6538284], [85.4919362, 19.6541315], [85.4929447, 19.6545306], [85.4947096, 19.6553086], [85.4956269, 19.6556774], [85.4967427, 19.6560967], [85.4985774, 19.6568242], [85.5002296, 19.6575213], [85.5011684, 19.6579305], [85.502724, 19.6585897], [85.50675, 19.6601608], [85.5077935, 19.6607267], [85.5092982, 19.6613656], [85.5108586, 19.6620376], [85.5117534, 19.6623998], [85.5128121, 19.6627994], [85.5139573, 19.6632864], [85.5147646, 19.663589], [85.5153547, 19.6638723], [85.5159089, 19.6640949], [85.5160967, 19.6641924], [85.5165366, 19.6644138], [85.516943, 19.6646265], [85.5174237, 19.6648963], [85.5178823, 19.6651273], [85.5184251, 19.6653975], [85.5190694, 19.6656944], [85.519626, 19.6659566], [85.5202043, 19.666275], [85.5213007, 19.6667743], [85.5224647, 19.6674004], [85.5234854, 19.6679597], [85.5243519, 19.6684762], [85.5249006, 19.6688542], [85.5251529, 19.6689723], [85.5257119, 19.6692809], [85.5268941, 19.6699118], [85.5275681, 19.6704816], [85.5280191, 19.6707289], [85.5286254, 19.671054], [85.5293085, 19.6714596], [85.5295787, 19.6716303], [85.5301529, 19.6719083], [85.5307527, 19.6722821], [85.5315923, 19.672726], [85.5320547, 19.6729673], [85.5327277, 19.6733583], [85.5332456, 19.673701], [85.5338664, 19.674099], [85.5345355, 19.6744737], [85.5351707, 19.6748278], [85.535675, 19.675151], [85.5362999, 19.6756259], [85.5369168, 19.6760123], [85.5377081, 19.6764745], [85.5379173, 19.6766512], [85.5381838, 19.6768616], [85.538648, 19.6771298], [85.5391762, 19.6774645], [85.5401445, 19.6779251], [85.5412273, 19.6785171], [85.5430026, 19.67956], [85.5521274, 19.6844858], [85.5564929, 19.686904], [85.5596678, 19.6889443], [85.5600441, 19.6897904], [85.5595448, 19.69064], [85.5627702, 19.6924535], [85.5641116, 19.6927148], [85.5652743, 19.6933384], [85.5717379, 19.6977081], [85.5741917, 19.6977477], [85.5803559, 19.700064], [85.5866167, 19.7029159], [85.5895663, 19.7041165], [85.5922107, 19.7051825], [85.5947497, 19.7062391], [85.597085, 19.7072158], [85.599069, 19.7080697], [85.6007394, 19.70892], [85.6028078, 19.7098266], [85.6047888, 19.7106433], [85.6064871, 19.7114723], [85.6090419, 19.7126212], [85.6113268, 19.7135652], [85.613333, 19.7141721], [85.6151891, 19.7150457], [85.6169325, 19.7158537], [85.6189978, 19.7167728], [85.6208003, 19.7176515], [85.6225437, 19.7184695], [85.6235415, 19.7189291], [85.6242603, 19.7193331], [85.6267011, 19.7205652], [85.6284982, 19.721454], [85.6324893, 19.723383], [85.6359869, 19.7249736], [85.638079, 19.7258371], [85.6389266, 19.7261754], [85.6405467, 19.7270137], [85.6420112, 19.7277206], [85.6435507, 19.7284528], [85.6459486, 19.7295082], [85.6481588, 19.7305584], [85.649457, 19.7310937], [85.6520534, 19.7323056], [85.6528902, 19.7326843], [85.6536305, 19.7330377], [85.6540972, 19.7332548], [85.6551647, 19.7336739], [85.6566238, 19.7343607], [85.6575948, 19.734805], [85.6581259, 19.7350171], [85.6586194, 19.7353099], [85.6598425, 19.7358755], [85.6605989, 19.7362845], [85.6609315, 19.7364157], [85.661661, 19.7366783], [85.6627554, 19.7372236], [85.6632167, 19.7374003], [85.6642306, 19.737779], [85.6647509, 19.7379962], [85.6656414, 19.7383496], [85.6670684, 19.7389934], [85.6678757, 19.7393216], [85.6684872, 19.7396119], [85.669013, 19.7398543], [85.6694797, 19.7400335], [85.6706089, 19.7405637], [85.6718588, 19.7411393], [85.6724247, 19.7413816], [85.6728244, 19.7415104], [85.673452, 19.7417603], [85.6745759, 19.7422274], [85.6757641, 19.7427045], [85.6767109, 19.7430807], [85.6775853, 19.7434442], [85.6785026, 19.7438178], [85.6797016, 19.7443278], [85.6807114, 19.7447519], [85.6811178, 19.7449286], [85.6816301, 19.7451331], [85.6822027, 19.745354], [85.6827593, 19.7455724], [85.6835532, 19.7458576], [85.6845188, 19.7461984], [85.6855917, 19.7465771], [85.6859913, 19.7467109], [85.6865063, 19.7469154], [85.6872573, 19.7472461], [85.687885, 19.7474859], [85.6887299, 19.7477762], [85.6899422, 19.7482332], [85.6901783, 19.7483417], [85.6904814, 19.748473], [85.6909776, 19.7486371], [85.6913089, 19.7487481], [85.6916401, 19.7488592], [85.692029, 19.7489816], [85.6924179, 19.7491041], [85.6928739, 19.7492505], [85.6931192, 19.7493461], [85.6934052, 19.7494577], [85.6938183, 19.7496188], [85.6940582, 19.7497123], [85.6942981, 19.7498059], [85.6946482, 19.749946], [85.6949982, 19.7500861], [85.6951043, 19.7501286], [85.6952252, 19.7501769], [85.6954617, 19.7502716], [85.6956983, 19.7503663], [85.6961435, 19.7505355], [85.6965887, 19.7507046], [85.6978226, 19.7511085], [85.698359, 19.75126], [85.6991851, 19.7515023], [85.7000756, 19.7518204], [85.7012612, 19.7522748], [85.7024789, 19.7526989], [85.7033372, 19.7530927], [85.7040718, 19.7533208], [85.7048065, 19.7535489], [85.7059389, 19.7539358], [85.7064523, 19.7541122], [85.7069045, 19.7542589], [85.7075214, 19.7544558], [85.7082349, 19.754731], [85.7089484, 19.7550061], [85.7094634, 19.7551526], [85.7105416, 19.755506], [85.7113284, 19.7558414], [85.7121992, 19.7560714], [85.7133043, 19.7564703], [85.7143557, 19.7568035], [85.7150969, 19.7570198], [85.7167214, 19.7575557], [85.7179499, 19.757959], [85.7191254, 19.7583547], [85.7202244, 19.7587926], [85.721029, 19.7590804], [85.7220375, 19.7594186], [85.7234162, 19.7599033], [85.7246661, 19.7603021], [85.7252938, 19.7605344], [85.7259965, 19.7607616], [85.7268172, 19.7610493], [85.727933, 19.761428], [85.7290468, 19.7618426], [85.73017, 19.762266], [85.7309221, 19.7624785], [85.7318563, 19.7627745], [85.7328617, 19.7631051], [85.7341048, 19.7635938], [85.7345796, 19.7637604], [85.7353896, 19.7640935], [85.7364812, 19.7644469], [85.7370231, 19.7646564], [85.7376882, 19.7649038], [85.7379913, 19.7650275], [85.7385921, 19.7651764], [85.7391393, 19.7653304], [85.7398367, 19.7655374], [85.7403275, 19.7657191], [85.7405314, 19.7657898], [85.7411054, 19.7659514], [85.7416579, 19.7661129], [85.7423231, 19.7663476], [85.7432324, 19.7667061], [85.7437687, 19.7669603], [85.7445198, 19.7671705], [85.7459092, 19.7676123], [85.7463115, 19.7677536], [85.7466441, 19.7678243], [85.7470089, 19.7679328], [85.747945, 19.7682534], [85.7485431, 19.7684755], [85.7493297, 19.7687705], [85.7498413, 19.7689122], [85.7502249, 19.7689955], [85.7505092, 19.7691065], [85.7507305, 19.7692088], [85.751338, 19.7694523], [85.7520622, 19.7697098], [85.7522687, 19.7697552], [85.7525879, 19.769889], [85.7537171, 19.7702904], [85.7547685, 19.770669], [85.7555383, 19.7708734], [85.7561338, 19.7710501], [85.7565093, 19.7711359], [85.7572174, 19.7714111], [85.7580677, 19.7717266], [85.7587972, 19.7719891], [85.7597977, 19.7723626], [85.7605487, 19.7726479], [85.7613802, 19.7729432], [85.7620776, 19.7732032], [85.7629278, 19.7734959], [85.7636735, 19.773708], [85.7646042, 19.7740336], [85.7660687, 19.774498], [85.7664978, 19.7746444], [85.7674313, 19.7750154], [85.7685551, 19.7754672], [85.7693061, 19.7757676], [85.7703951, 19.7761538], [85.7712749, 19.776492], [85.7723746, 19.7768706], [85.7734421, 19.7772643], [85.774236, 19.777499], [85.7746598, 19.7776379], [85.7776719, 19.778703], [85.7788682, 19.7791068], [85.7803112, 19.7796974], [85.7806653, 19.7798539], [85.7811052, 19.7800912], [85.7817489, 19.7803234], [85.7824141, 19.7806162], [85.7832777, 19.7807575], [85.7834709, 19.7808357], [85.7838866, 19.7811058], [85.7848097, 19.7815293], [85.7851875, 19.7817166], [85.7862121, 19.7822517], [85.7866359, 19.7824384], [85.7879931, 19.7828776], [85.7911902, 19.7840177], [85.7928693, 19.7846191], [85.7944626, 19.7851592], [85.7961041, 19.7856943], [85.8000845, 19.7869915], [85.8012271, 19.7873802], [85.8029598, 19.7879708], [85.8046228, 19.7884251], [85.8062696, 19.7889147], [85.8077609, 19.7893437], [85.8090055, 19.7897122], [85.8109903, 19.7903331], [85.8135331, 19.7911508], [85.8160275, 19.7919584], [85.8178031, 19.7924631], [85.8196324, 19.7929931], [85.8216762, 19.7936291], [85.8240205, 19.7943055], [85.8263111, 19.7949818], [85.8284783, 19.7956329], [85.8291167, 19.7958399], [85.8303398, 19.796178], [85.8322978, 19.7967635], [85.8332956, 19.7970815], [85.8348352, 19.7975206], [85.8361253, 19.7978967], [85.8371258, 19.7982134], [85.8390838, 19.7987774], [85.8406824, 19.7992468], [85.8420825, 19.7996052], [85.8437777, 19.8000998], [85.8466262, 19.8008771], [85.851202, 19.8021541], [85.8537233, 19.8028203], [85.8564216, 19.8035774], [85.8581436, 19.8040619], [85.859254, 19.8044051], [85.8606595, 19.8048391], [85.8618075, 19.8051622], [85.8637816, 19.8056467], [85.8657932, 19.8061918], [85.8677781, 19.8067369], [85.8685854, 19.8069564], [85.8697951, 19.8072466], [85.8707526, 19.8075001], [85.8713776, 19.8076655], [85.8742636, 19.8084932], [85.8759105, 19.8089475], [85.8793491, 19.8098054], [85.8819026, 19.8105019], [85.8838499, 19.8109763], [85.8865964, 19.8116829], [85.8883077, 19.8121422], [85.8908611, 19.812768], [85.8920789, 19.8130708], [85.8931357, 19.8133029], [85.8950669, 19.8137975], [85.8978081, 19.8145192], [85.8994389, 19.8149482], [85.9013271, 19.815352], [85.9025019, 19.8156295], [85.9049106, 19.8162553], [85.9070241, 19.8167449], [85.909642, 19.8173303], [85.9129654, 19.8180755], [85.9161436, 19.8188948], [85.9202528, 19.8201564], [85.9210884, 19.8205585], [85.9215594, 19.8207049], [85.9218713, 19.8208372], [85.922359, 19.8210286], [85.9229812, 19.8212326], [85.9241976, 19.8216597], [85.9245074, 19.8218248], [85.925547, 19.8222122], [85.9269666, 19.8227086], [85.9287504, 19.8232775], [85.9296537, 19.8235078], [85.9305297, 19.8238257], [85.9312302, 19.8240606], [85.9317825, 19.8242224], [85.9321799, 19.8243716], [85.933429, 19.8247324], [85.934269, 19.8249572], [85.9346418, 19.8250759], [85.9348868, 19.825163], [85.9357092, 19.8253918], [85.9363023, 19.8255633], [85.9367405, 19.8256523], [85.9380649, 19.8260063], [85.9394499, 19.8263919], [85.9403528, 19.8266166], [85.942488, 19.8271463], [85.9438214, 19.8274617], [85.9447171, 19.8276568], [85.9454745, 19.8278097], [85.9459894, 19.8279246], [85.9466441, 19.8280217], [85.9473257, 19.8282012], [85.9480275, 19.8283668], [85.9492248, 19.8285926], [85.9515434, 19.8290938], [85.9549069, 19.8296892], [85.9579056, 19.830315], [85.9599334, 19.8306935], [85.9618163, 19.8309761], [85.9634793, 19.8313394], [85.9656304, 19.8316977], [85.9675884, 19.832061], [85.969305, 19.8323688], [85.971542, 19.8327927], [85.9728563, 19.8330299], [85.9744177, 19.8332945], [85.9771049, 19.8337767], [85.9830755, 19.8348364], [85.9862673, 19.8354117], [85.9884345, 19.8358507], [85.9916049, 19.8364663], [85.9937024, 19.83687], [85.997479, 19.8375563], [85.9992707, 19.8379045], [86.001395, 19.838288], [86.0038948, 19.8387875], [86.0090393, 19.839822], [86.0140121, 19.8408059], [86.017153, 19.8414745], [86.019457, 19.8419261], [86.0225093, 19.8425417], [86.0267955, 19.843344], [86.0282332, 19.8436266], [86.0300517, 19.8439647], [86.0317361, 19.8443885], [86.0337424, 19.8447418], [86.034826, 19.8448729], [86.0357594, 19.8450899], [86.0366285, 19.8452968], [86.0375512, 19.8455088], [86.0390639, 19.8458317], [86.0404801, 19.8461193], [86.0423791, 19.8465683], [86.0441762, 19.8469569], [86.0503399, 19.8484857], [86.0538697, 19.8493839], [86.0550177, 19.8497068], [86.0566378, 19.8501206], [86.0576141, 19.8504535], [86.0586333, 19.8506857], [86.0593843, 19.8508673], [86.0597598, 19.8509279], [86.0609615, 19.8512306], [86.0621417, 19.8514022], [86.0635579, 19.8518159], [86.0654783, 19.8523305], [86.0665834, 19.8527342], [86.0675121, 19.8530576], [86.0684502, 19.8531681], [86.0689974, 19.8534103], [86.0707247, 19.853925], [86.0716045, 19.8541772], [86.0724091, 19.8544295], [86.0739863, 19.8550047], [86.075916, 19.8551864], [86.0763838, 19.8556228], [86.0766578, 19.8556909], [86.0770318, 19.8561089], [86.0771647, 19.8560239], [86.0778942, 19.8558649], [86.078605, 19.8560819], [86.0792703, 19.8564048], [86.0805362, 19.856917], [86.0812282, 19.8570178], [86.0823601, 19.8572045], [86.0834652, 19.8575123], [86.0853749, 19.8580723], [86.0864156, 19.8583599], [86.0872954, 19.8585971], [86.0898381, 19.8593287], [86.0903102, 19.8594649], [86.0908413, 19.8596062], [86.0914475, 19.8597575], [86.0926384, 19.8600956], [86.0959965, 19.8609634], [86.0991508, 19.8617706], [86.1016149, 19.8623081], [86.1089516, 19.8643185], [86.1122668, 19.8652266], [86.1155015, 19.8661398], [86.1168694, 19.8665283], [86.1209679, 19.8676231], [86.1263376, 19.869182], [86.1297494, 19.8701507], [86.1315036, 19.8706552], [86.1336493, 19.8712404], [86.1358005, 19.8719013], [86.137957, 19.8725571], [86.1398184, 19.8731272], [86.141476, 19.8736065], [86.1441636, 19.8744137], [86.1453652, 19.8747466], [86.148203, 19.875579], [86.1498392, 19.8761138], [86.1511749, 19.8765325], [86.152811, 19.8769815], [86.1556703, 19.8779148], [86.1576122, 19.8785656], [86.1601764, 19.8793677], [86.1623061, 19.8800437], [86.164425, 19.8806793], [86.1657929, 19.8811333], [86.1664581, 19.8812847], [86.1676651, 19.8816277], [86.1687219, 19.882001], [86.1703205, 19.8824803], [86.1720693, 19.88301], [86.1739522, 19.883575], [86.1753738, 19.8840693], [86.1762106, 19.8843569], [86.1789519, 19.8851388], [86.18128, 19.8859257], [86.1848688, 19.8869952], [86.1867142, 19.8875854], [86.1894929, 19.8884934], [86.1901367, 19.8886498], [86.1908984, 19.8889323], [86.1927599, 19.8894771], [86.1940098, 19.8899311], [86.195249, 19.8902842], [86.196928, 19.8908895], [86.1983603, 19.8914217], [86.2003183, 19.8920447], [86.2019786, 19.8926248], [86.203199, 19.8930182], [86.2043792, 19.8934495], [86.2056237, 19.8938757], [86.2068173, 19.8943247], [86.2081987, 19.8947787], [86.2093654, 19.8951192], [86.2100869, 19.8953663], [86.2113181, 19.8957951], [86.2122756, 19.8961885], [86.2142578, 19.8968443], [86.2156364, 19.8973966], [86.2166181, 19.8977346], [86.2173745, 19.8979893], [86.2195659, 19.8987106], [86.2208748, 19.8991923], [86.2221274, 19.8996261], [86.2235007, 19.9001356], [86.2252361, 19.9007207], [86.2266469, 19.9013411], [86.2282401, 19.9019666], [86.2292486, 19.9023701], [86.2314373, 19.9030611], [86.232841, 19.9036896], [86.2331271, 19.9038177], [86.2342043, 19.9042163], [86.2360514, 19.9060085], [86.2363574, 19.9062192], [86.2366927, 19.9065234], [86.2372995, 19.9069482], [86.2378554, 19.907291], [86.2381105, 19.9074426], [86.2388802, 19.9078023], [86.2395067, 19.9081169], [86.2400601, 19.9083806], [86.2404545, 19.9085572], [86.2410347, 19.9088616], [86.2413942, 19.9090556], [86.2416994, 19.909224], [86.2421405, 19.9094478], [86.242429, 19.909564], [86.2426729, 19.9097285], [86.2429485, 19.909876], [86.2434512, 19.9101581], [86.2439902, 19.9104231], [86.2449503, 19.9110809], [86.2456459, 19.9113918], [86.2464738, 19.9118072], [86.2468386, 19.9119989], [86.2472784, 19.9120846], [86.2477398, 19.912362], [86.2482011, 19.9126596], [86.248582, 19.9127907], [86.2491935, 19.913058], [86.2496602, 19.9132144], [86.250996, 19.9138196], [86.2529647, 19.9147376], [86.2548315, 19.9154638], [86.2574708, 19.9163313], [86.2590533, 19.9169769], [86.2600136, 19.9176074], [86.2609899, 19.9184143], [86.262331, 19.9194533], [86.2639081, 19.9204418], [86.2656033, 19.9212891], [86.2689507, 19.9227315], [86.2706995, 19.9236091], [86.2732261, 19.9248295], [86.2743097, 19.9254045], [86.2770778, 19.9267006], [86.2778449, 19.9270284], [86.2787914, 19.9274963], [86.2796742, 19.9278605], [86.2805486, 19.9282943], [86.2825388, 19.9291213], [86.2836837, 19.9295764], [86.2861866, 19.9307099], [86.2882197, 19.9315219], [86.29058, 19.9324851], [86.2916636, 19.9328936], [86.292302, 19.9331104], [86.2935305, 19.9335492], [86.2940133, 19.9337382], [86.294952, 19.9341241], [86.297012, 19.9348402], [86.2979346, 19.9351831], [86.2990129, 19.9355815], [86.3018775, 19.9366002], [86.3025105, 19.9368574], [86.3048655, 19.9377046], [86.3055897, 19.9378811], [86.3087547, 19.9390006], [86.309436, 19.9392578], [86.3102192, 19.9395351], [86.3115442, 19.9399789], [86.312499, 19.9403168], [86.3146341, 19.9409623], [86.3152242, 19.9411993], [86.3159054, 19.9414161], [86.3174075, 19.9418901], [86.319285, 19.9425306], [86.3201648, 19.9428432], [86.3241613, 19.9439879], [86.3270205, 19.9447292], [86.3286567, 19.945183], [86.3314462, 19.9459798], [86.3338816, 19.9466252], [86.3373524, 19.9475884], [86.3394231, 19.9481077], [86.3402009, 19.9483347], [86.34166, 19.9486675], [86.3427812, 19.9490053], [86.3439774, 19.9492826], [86.3445944, 19.9494188], [86.3453025, 19.9495802], [86.3458496, 19.9497919], [86.3465416, 19.9499533], [86.3473463, 19.950155], [86.3487518, 19.9505584], [86.3505918, 19.9509668], [86.3516713, 19.9511649], [86.352733, 19.9514095], [86.3530899, 19.9515058], [86.3535184, 19.9516218], [86.3540293, 19.9517655], [86.3543764, 19.9518845], [86.3546923, 19.9519827], [86.3550383, 19.9521109], [86.3553213, 19.9522249], [86.3556472, 19.9522924], [86.3560298, 19.9523896], [86.3562768, 19.952437], [86.3565366, 19.9525123], [86.356722, 19.9525739], [86.3568908, 19.9525695], [86.3570488, 19.9525599], [86.3571363, 19.9525653], [86.357283, 19.9526285], [86.3573319, 19.952687], [86.3574656, 19.9528186], [86.3578508, 19.9529289], [86.3582789, 19.9531149], [86.3586215, 19.9532649], [86.35898, 19.9532143], [86.3592062, 19.9531015], [86.3593783, 19.9531939], [86.3596575, 19.9534141], [86.3598267, 19.9534981], [86.3603349, 19.9536166], [86.3612884, 19.9537835], [86.3619378, 19.9540279], [86.362445, 19.9541845], [86.364963, 19.9554546], [86.3656121, 19.9557571], [86.3663793, 19.9561706], [86.3670713, 19.9565941], [86.3673931, 19.9567505], [86.3677311, 19.9568563], [86.3683373, 19.9570177], [86.3691902, 19.9573152], [86.3708103, 19.9580614], [86.3717008, 19.9585052], [86.371572, 19.9659473], [86.3712501, 19.9685086], [86.3709497, 19.9705254], [86.3702524, 19.9740647], [86.3700914, 19.9760007], [86.3699198, 19.9783098], [86.3698554, 19.980276], [86.3696837, 19.9808104], [86.3678062, 19.9808709], [86.3659716, 19.9809717], [86.3648343, 19.9808508], [86.3636005, 19.9804373], [86.3603067, 19.97954], [86.3564229, 19.9796206], [86.3542127, 19.9796811], [86.3526034, 19.9798223], [86.3511872, 19.9801248], [86.3500285, 19.9808508], [86.3484835, 19.9819801], [86.3474107, 19.9831497], [86.3465738, 19.9844403], [86.3459301, 19.9851662], [86.3436556, 19.9852671], [86.3411236, 19.9853276], [86.3404584, 19.9859124], [86.3402009, 19.98684], [86.3404584, 19.9880499], [86.3410806, 19.9889976], [86.341939, 19.9896631], [86.3422608, 19.9904294], [86.3415313, 19.9911755], [86.3384199, 19.9931717], [86.3370681, 19.9953495], [86.3362098, 19.9977893], [86.3362527, 19.9991605], [86.3353944, 20.0002493], [86.3331842, 20.0008946], [86.3307166, 20.0021245], [86.3293004, 20.0039191], [86.3280558, 20.0060362], [86.3267898, 20.0089195], [86.3235282, 20.0153713], [86.3223695, 20.0175084], [86.3210392, 20.0187987], [86.3182067, 20.0197665], [86.3164901, 20.0206132], [86.3140869, 20.0232342], [86.3121986, 20.0232342], [86.3090658, 20.0231535], [86.3066625, 20.023718], [86.3039588, 20.0245647], [86.3004398, 20.0263792], [86.2986373, 20.0270243], [86.2960624, 20.0282339], [86.2920713, 20.0316208], [86.2889814, 20.033798], [86.2853765, 20.0365799], [86.2808275, 20.0388377], [86.2764072, 20.0403698], [86.273489, 20.0410551], [86.2719011, 20.0411358], [86.2698841, 20.0407326], [86.2691974, 20.0410955], [86.268897, 20.0425872], [86.2691974, 20.0439579], [86.2707853, 20.0447642], [86.2728452, 20.0456915], [86.274476, 20.0468203], [86.2751627, 20.048312], [86.275978, 20.0502874], [86.2779951, 20.0542785], [86.2767505, 20.0543591], [86.2727165, 20.05448], [86.2709378, 20.0538374], [86.2693691, 20.0532706], [86.2667512, 20.0519], [86.2651205, 20.0510534], [86.2635755, 20.0510131], [86.2620735, 20.0516984], [86.259756, 20.0523837], [86.2579536, 20.0525853], [86.2547779, 20.0524644], [86.2543487, 20.050368], [86.2539196, 20.0487554], [86.2522888, 20.0475863], [86.2504863, 20.0454899], [86.2488126, 20.0427081], [86.245594, 20.0348463], [86.2429332, 20.035451], [86.2406587, 20.037225], [86.2387275, 20.0385152], [86.2372255, 20.0393618], [86.2358951, 20.0396844], [86.2338781, 20.0403698], [86.232891, 20.0405713], [86.2306165, 20.0412567], [86.2304878, 20.0427081], [86.2291145, 20.0425872], [86.227827, 20.0416196], [86.2266683, 20.0408536], [86.2258958, 20.0392409], [86.2250804, 20.0377491], [86.2238359, 20.0367412], [86.2222909, 20.0358139], [86.2205314, 20.0356123], [86.2186002, 20.0356929], [86.2168836, 20.0366202], [86.2147378, 20.0373863], [86.2137508, 20.0375879], [86.2140512, 20.0387571], [86.2127208, 20.0391199], [86.2110042, 20.0404504], [86.2098455, 20.0403698], [86.209073, 20.0384749], [86.2086439, 20.037346], [86.2072277, 20.037346], [86.2054252, 20.0376685], [86.2040948, 20.0388377], [86.2031078, 20.0404101], [86.2022066, 20.0415793], [86.2032365, 20.043071], [86.2043523, 20.0444014], [86.2057256, 20.0442804], [86.2061977, 20.0457318], [86.2044382, 20.0457721], [86.2025928, 20.046014], [86.2016487, 20.0466188], [86.2013912, 20.0479088], [86.2012195, 20.0498036], [86.2008762, 20.0513759], [86.1997604, 20.0515371], [86.1987304, 20.0506502], [86.1972713, 20.0515775], [86.1961555, 20.0502068], [86.1952972, 20.0495617], [86.1939668, 20.0493602], [86.1929798, 20.0499649], [86.1925506, 20.0507712], [86.1913061, 20.0511743], [86.1900615, 20.0508518], [86.1888599, 20.0502471], [86.1874008, 20.0500455], [86.1860275, 20.0502471], [86.1833882, 20.0485337], [86.1786246, 20.0485135], [86.1750841, 20.0482515], [86.1734962, 20.0475258], [86.1719942, 20.0462761], [86.1711788, 20.0451674], [86.1709428, 20.0435547], [86.1709642, 20.0417405], [86.1711788, 20.0402891], [86.1705565, 20.0394223], [86.1693978, 20.0397448], [86.1668658, 20.0418413], [86.164484, 20.0428895], [86.1619091, 20.0431314], [86.1603641, 20.042567], [86.1591196, 20.0420429], [86.1570382, 20.0415994], [86.1548924, 20.0408132], [86.1536479, 20.0394223], [86.1524248, 20.0403496], [86.1505151, 20.0418413], [86.1495709, 20.0419622], [86.1479616, 20.0420429], [86.1458373, 20.0418816], [86.1441636, 20.0416397], [86.1427903, 20.0411761], [86.1419534, 20.0406318], [86.1406445, 20.0385756], [86.1390137, 20.0381725], [86.1351728, 20.0374871], [86.1336708, 20.0376282], [86.1308384, 20.0380313], [86.1294651, 20.0381926], [86.1282205, 20.0378902], [86.1238002, 20.0383216], [86.1237058, 20.038616], [86.1235213, 20.0388901], [86.1225128, 20.0396239], [86.1215901, 20.0407931], [86.1202383, 20.0420026], [86.1191196, 20.0427732], [86.1183071, 20.043333], [86.1169123, 20.0461148], [86.1167192, 20.0476468], [86.1170625, 20.0488361], [86.1179852, 20.0502874], [86.1203241, 20.0518999], [86.1236715, 20.0550444], [86.1252165, 20.0559918], [86.1263537, 20.0567577], [86.1263752, 20.0577655], [86.1257958, 20.0588539], [86.1232209, 20.0605067], [86.1210751, 20.060547], [86.1198306, 20.0609703], [86.1177921, 20.0623409], [86.1128354, 20.0652836], [86.1115479, 20.0662309], [86.1100673, 20.0664728], [86.106956, 20.0664123], [86.1042094, 20.0662914], [86.1022782, 20.0659689], [86.1018061, 20.0650417], [86.1009478, 20.0643766], [86.0995531, 20.0639735], [86.0966348, 20.0622804], [86.0950255, 20.0615951], [86.0933304, 20.0610106], [86.0924506, 20.060023], [86.0921716, 20.0588136], [86.0918283, 20.0575639], [86.0907769, 20.0568182], [86.0896611, 20.0568988], [86.0889959, 20.0575438], [86.0875153, 20.0583097], [86.0865497, 20.0585919], [86.0862279, 20.0598013], [86.0857987, 20.061575], [86.0848546, 20.0649208], [86.0833525, 20.0667348], [86.0822797, 20.0676821], [86.0812282, 20.0684882], [86.0796189, 20.0692743], [86.0789537, 20.0698185], [86.0788893, 20.070806], [86.0784817, 20.0718339], [86.0771298, 20.0723579], [86.0763359, 20.0736881], [86.0764861, 20.0744338], [86.0768938, 20.074978], [86.07728, 20.0757841], [86.0766792, 20.0764089], [86.0757351, 20.0780413], [86.0760784, 20.0786056], [86.0766148, 20.0793312], [86.0770225, 20.0799559], [86.0769367, 20.0808628], [86.0768294, 20.0820317], [86.0768294, 20.0831603], [86.0777306, 20.0839261], [86.0789966, 20.0843493], [86.0804987, 20.0848733], [86.0825372, 20.0853972], [86.0847902, 20.0855786], [86.0877943, 20.0856592], [86.0884166, 20.0865862], [86.0892749, 20.0885007], [86.0889745, 20.0928938], [86.0876972, 20.0957426], [86.0871155, 20.0970401], [86.0865712, 20.0982541], [86.0814213, 20.1029895], [86.0789966, 20.1030097], [86.0778594, 20.1033321], [86.0770869, 20.1040575], [86.0762501, 20.1047325], [86.0753381, 20.1055083], [86.0742545, 20.1060725], [86.0733855, 20.1063244], [86.072495, 20.1063244], [86.0714543, 20.1062337], [86.0708749, 20.1059617], [86.0691905, 20.1047426], [86.067388, 20.1043799], [86.0657787, 20.1042993], [86.0644054, 20.1040978], [86.063354, 20.1037149], [86.0624957, 20.10305], [86.0617447, 20.1024052], [86.0607576, 20.1015387], [86.059556, 20.1010148], [86.0584402, 20.1011155], [86.057496, 20.1014782], [86.056745, 20.102123], [86.0561657, 20.102788], [86.0556721, 20.1034933], [86.0545349, 20.1050247], [86.0537839, 20.1054277], [86.0526037, 20.1044806], [86.0517239, 20.103997], [86.0505867, 20.1034328], [86.0495353, 20.1031306], [86.0483122, 20.103191], [86.0466385, 20.1035739], [86.0453725, 20.1044], [86.0427332, 20.1049038], [86.0382056, 20.1049441], [86.0351801, 20.104803], [86.0339141, 20.104803], [86.0324549, 20.1052463], [86.0315323, 20.1048433], [86.030674, 20.1040978], [86.0277772, 20.1030097], [86.0262537, 20.1025462], [86.0256099, 20.1018208], [86.0249233, 20.101176], [86.0241723, 20.0998863], [86.0235929, 20.0994229], [86.02252, 20.1000677], [86.0203314, 20.1006924], [86.0191083, 20.1009543], [86.0184431, 20.1012767], [86.0162544, 20.1029291], [86.0149455, 20.1042187], [86.014409, 20.105206], [86.0134864, 20.1070397], [86.0127997, 20.10843], [86.011877, 20.108833], [86.0112977, 20.1095181], [86.0109114, 20.1104651], [86.0106754, 20.1119159], [86.0100317, 20.112742], [86.0093236, 20.1126816], [86.0071564, 20.1123995], [86.0062337, 20.1123995], [86.0057831, 20.1126614], [86.0055256, 20.1132256], [86.0054183, 20.1139509], [86.005032, 20.1143136], [86.0043025, 20.1141121], [86.003294, 20.1135681], [86.0031867, 20.112742], [86.0030579, 20.1115129], [86.0030365, 20.1105054], [86.0023927, 20.1098606], [86.0016632, 20.1093166], [86.0011482, 20.1085509], [86.0008263, 20.1076643], [85.9996462, 20.1073822], [85.9988737, 20.1073822], [85.9976077, 20.1077651], [85.9965348, 20.1080875], [85.9943032, 20.1083897], [85.9920072, 20.1085308], [85.99087, 20.1091554], [85.9902262, 20.1104853], [85.9897327, 20.1112107], [85.9886169, 20.1115532], [85.9871578, 20.1120166], [85.9858918, 20.1123189], [85.9845185, 20.1126614], [85.9833812, 20.1126614], [85.9825659, 20.1121778], [85.981493, 20.111936], [85.9805488, 20.1122181], [85.9797549, 20.1133666], [85.9785104, 20.1139912], [85.9770727, 20.1143338], [85.9757638, 20.1148576], [85.9744119, 20.1154218], [85.9737468, 20.1159658], [85.9732318, 20.1167113], [85.9721374, 20.1173964], [85.9710002, 20.1176785], [85.9694338, 20.1176583], [85.9667945, 20.1176986], [85.9652495, 20.1181217], [85.9638977, 20.118565], [85.9623742, 20.1186859], [85.9615803, 20.1199351], [85.9610009, 20.1206], [85.9600997, 20.1213253], [85.9596705, 20.1204589], [85.9593701, 20.1194515], [85.9590268, 20.118565], [85.9580827, 20.1178598], [85.9575033, 20.1175374], [85.9572029, 20.1166307], [85.9569239, 20.1155226], [85.9564304, 20.1144547], [85.9546065, 20.1135883], [85.953598, 20.1127622], [85.9525895, 20.1124196], [85.9520745, 20.1126211], [85.951581, 20.1134875], [85.9507441, 20.114233], [85.9504008, 20.1145756], [85.9506368, 20.1153412], [85.9509802, 20.1159457], [85.9498644, 20.1167718], [85.9493279, 20.1176382], [85.949285, 20.1186456], [85.9483194, 20.118968], [85.9470534, 20.1184844], [85.9464955, 20.1179605], [85.9463453, 20.1171747], [85.9468174, 20.1164897], [85.9471178, 20.1158046], [85.9467959, 20.1141121], [85.9456372, 20.1134674], [85.9445429, 20.1133062], [85.9434056, 20.1135883], [85.9423542, 20.1139711], [85.9409165, 20.114636], [85.9388137, 20.11518], [85.9358525, 20.1151397], [85.9347582, 20.1160666], [85.9342432, 20.11653], [85.9337497, 20.1161673], [85.933342, 20.1157442], [85.9327626, 20.1155427], [85.9319043, 20.1156032], [85.9311962, 20.1156636], [85.9302735, 20.1156435], [85.9298229, 20.1151196], [85.9299516, 20.1141323], [85.9299516, 20.1133666], [85.9296727, 20.1127219], [85.9289002, 20.1125204], [85.9276557, 20.1129233], [85.9263038, 20.1131853], [85.9249091, 20.1140517], [85.9232354, 20.1151599], [85.9221196, 20.115724], [85.9210467, 20.1162278], [85.9182572, 20.1181217], [85.9173131, 20.1190284], [85.9170556, 20.1204388], [85.9164977, 20.1212649], [85.9158325, 20.1207813], [85.9150171, 20.120197], [85.9139228, 20.1199149], [85.912528, 20.1202574], [85.9113908, 20.1210835], [85.9107899, 20.1216678], [85.9097171, 20.1225543], [85.9088588, 20.123058], [85.907743, 20.1236222], [85.9054041, 20.1251131], [85.9043956, 20.1247504], [85.9043097, 20.1234005], [85.9041166, 20.1219297], [85.9038377, 20.1207612], [85.9037947, 20.1184441], [85.902636, 20.117477], [85.9020138, 20.1166509], [85.9014559, 20.1156233], [85.9007907, 20.1139711], [85.9005332, 20.1125204], [85.8996749, 20.1113316], [85.8989239, 20.1105457], [85.8980655, 20.1106263], [85.897057, 20.1109286], [85.8955121, 20.111392], [85.8938169, 20.1118756], [85.8925509, 20.1119562], [85.891757, 20.1115935], [85.8905554, 20.1112107], [85.8893323, 20.1106465], [85.8883023, 20.1093972], [85.8866715, 20.1098606], [85.8852553, 20.1102838], [85.883882, 20.1104853], [85.8813715, 20.111392], [85.8802771, 20.1122584], [85.8791184, 20.1131047], [85.8784747, 20.1139106], [85.8783889, 20.1158852], [85.8782601, 20.1169733], [85.8779168, 20.1173964], [85.877037, 20.1175374], [85.8759641, 20.1176785], [85.8751273, 20.1179404], [85.8750844, 20.1194515], [85.8751488, 20.1202172], [85.8747411, 20.120882], [85.8739257, 20.1211037], [85.8732176, 20.1213052], [85.872488, 20.1216074], [85.8725738, 20.1228968], [85.8730674, 20.1241661], [85.8736896, 20.1250929], [85.8745479, 20.1261406], [85.8752131, 20.1270674], [85.8768225, 20.1277927], [85.8789038, 20.1278733], [85.8797192, 20.1271278], [85.8799553, 20.1261003], [85.8812642, 20.1261003], [85.8826589, 20.1261809], [85.883882, 20.126201], [85.8846545, 20.1269868], [85.8845258, 20.1275509], [85.8838606, 20.1287396], [85.8842897, 20.1297872], [85.8850837, 20.1305125], [85.8860492, 20.1313184], [85.8861565, 20.1321847], [85.8857488, 20.133595], [85.8869076, 20.1348642], [85.8900189, 20.1380876], [85.8907699, 20.1398201], [85.8920145, 20.141049], [85.8932376, 20.1404446], [85.8941173, 20.1400417], [85.8948684, 20.1402432], [85.8963275, 20.1417339], [85.9005976, 20.1463069], [85.9028506, 20.1486034], [85.9035373, 20.1501343], [85.9036445, 20.151061], [85.9029364, 20.1518869], [85.9020781, 20.1519272], [85.9014559, 20.1515243], [85.9009194, 20.1510408], [85.9003186, 20.1507588], [85.8995676, 20.1508595], [85.8990097, 20.1514034], [85.8988595, 20.15233], [85.8988595, 20.1533977], [85.8987307, 20.1553516], [85.8981085, 20.1568825], [85.8968639, 20.1577084], [85.8958125, 20.158353], [85.8947825, 20.1593199], [85.89401, 20.1605083], [85.893538, 20.1617773], [85.8930659, 20.1631067], [85.8930874, 20.1643959], [85.8929801, 20.1671755], [85.8920359, 20.1682229], [85.8907056, 20.1689681], [85.8895254, 20.1694717], [85.8891821, 20.1705593], [85.8892035, 20.1718887], [85.8892035, 20.172936], [85.8898043, 20.1736611], [85.8907485, 20.1745272], [85.8911133, 20.175494], [85.8924007, 20.1759371], [85.8929157, 20.1770851], [85.891757, 20.1782935], [85.8899116, 20.1797638], [85.8869934, 20.1836106], [85.885148, 20.1850808], [85.8832598, 20.1854433], [85.8816719, 20.1863697], [85.8799982, 20.1874774], [85.8783245, 20.1885851], [85.8771229, 20.1893101], [85.8762431, 20.1899344], [85.8757818, 20.190312], [85.8752775, 20.1908205], [85.8744836, 20.1915657], [85.8735823, 20.1916865], [85.8726811, 20.191606], [85.8721447, 20.1909011], [85.8715439, 20.190015], [85.8706212, 20.1897532], [85.8701706, 20.1897532], [85.8690762, 20.1897532], [85.8673596, 20.1906393], [85.8657717, 20.1917469], [85.8644414, 20.193358], [85.8636904, 20.1945462], [85.8629393, 20.1955129], [85.8624673, 20.1971642], [85.8619523, 20.1983725], [85.8604288, 20.198292], [85.8598923, 20.1979295], [85.859034, 20.197567], [85.858283, 20.197567], [85.8571887, 20.1982114], [85.8568239, 20.1992989], [85.8562231, 20.2005675], [85.855, 20.201212], [85.8528757, 20.2017959], [85.8513522, 20.2018564], [85.8499574, 20.201655], [85.8475542, 20.2015744], [85.8465028, 20.2011515], [85.8458376, 20.2006481], [85.8459019, 20.1996009], [85.8456874, 20.1986746], [85.8446789, 20.1984531], [85.8431983, 20.1983725], [85.8429193, 20.197567], [85.8430052, 20.1963385], [85.8437133, 20.1954122], [85.8448076, 20.19509], [85.8462024, 20.1954726], [85.8466744, 20.1944053], [85.8470607, 20.19364], [85.848906, 20.1934185], [85.8502579, 20.1934185], [85.8519959, 20.1934386], [85.8530044, 20.193358], [85.854249, 20.1927942], [85.8550858, 20.1918879], [85.8561587, 20.1914851], [85.8567595, 20.1909615], [85.8570385, 20.1897934], [85.8568668, 20.184537], [85.8568024, 20.1784949], [85.8568239, 20.1749502], [85.8541417, 20.1746883], [85.8525109, 20.1746883], [85.851438, 20.1744869], [85.8503437, 20.1745675], [85.8485627, 20.1748494], [85.8478546, 20.1758364], [85.8470177, 20.1762996], [85.8465457, 20.1756148], [85.8454513, 20.1751918], [85.8446145, 20.1754738], [85.843842, 20.1766017], [85.8431339, 20.1779511], [85.8431124, 20.1796631], [85.8431983, 20.1826237], [85.8429622, 20.1853023], [85.8428979, 20.1869739], [85.8427906, 20.1878802], [85.8411383, 20.1878601], [85.8400869, 20.1878601], [85.839293, 20.1884844], [85.8387565, 20.1897934], [85.8380914, 20.1900754], [85.8374905, 20.1893101], [85.8371043, 20.1886254], [85.8365035, 20.1882629], [85.835731, 20.1881219], [85.8348083, 20.187699], [85.8343363, 20.1864906], [85.8344865, 20.1852218], [85.8347654, 20.1838724], [85.8343577, 20.1827244], [85.833714, 20.181375], [85.8331132, 20.1802472], [85.8318686, 20.1779511], [85.8305383, 20.1758162], [85.8298516, 20.1745272], [85.8294225, 20.1728555], [85.8283067, 20.1699954], [85.8271694, 20.1654835], [85.8267402, 20.1633484], [85.8263111, 20.1619586], [85.8262253, 20.1600249], [85.825324, 20.1593199], [85.8239722, 20.1594206], [85.8229422, 20.1595817], [85.821805, 20.1598637], [85.8209038, 20.159199], [85.8200669, 20.1586753], [85.8191442, 20.1584537], [85.8180928, 20.1587357], [85.8171701, 20.1590781], [85.8159685, 20.159199], [85.8147239, 20.1591789], [85.8130717, 20.1591789], [85.8106684, 20.1597832], [85.8085012, 20.1600853], [85.807085, 20.160468], [85.8063555, 20.1606896], [85.8057332, 20.1605889], [85.805583, 20.159904], [85.8058405, 20.1592393], [85.8059263, 20.1583933], [85.8054542, 20.1573055], [85.8048963, 20.1562178], [85.8042097, 20.1549286], [85.8035874, 20.1536797], [85.8020425, 20.1518264], [85.8004975, 20.1510811], [85.799253, 20.1507588], [85.7980299, 20.1509804], [85.7963776, 20.1515444], [85.7947683, 20.1522293], [85.7929873, 20.1532164], [85.7917642, 20.1541833], [85.7909918, 20.1547675], [85.7902407, 20.155271], [85.7888245, 20.1563588], [85.7882023, 20.1558351], [85.7875371, 20.1552912], [85.7863998, 20.1554725], [85.7845974, 20.1559156], [85.7831597, 20.1564192], [85.7816362, 20.1568422], [85.780499, 20.1571645], [85.7797479, 20.1583731], [85.7803058, 20.1595213], [85.7811427, 20.1602062], [85.7820654, 20.1609313], [85.7826876, 20.1620593], [85.7831383, 20.1629456], [85.7832241, 20.1641541], [85.7829237, 20.1653828], [85.7810569, 20.1669338], [85.7792759, 20.1674373], [85.7776665, 20.1677395], [85.7762933, 20.1679812], [85.7746196, 20.1680215], [85.7730746, 20.1677798], [85.771594, 20.1676186], [85.770092, 20.167538], [85.7669163, 20.1676186], [85.7650494, 20.1677596], [85.7635474, 20.1680618], [85.7632041, 20.1673568], [85.7631397, 20.1658058], [85.7630753, 20.1643757], [85.7626247, 20.1630866], [85.7623243, 20.1618579], [85.761981, 20.160609], [85.7620024, 20.1593602], [85.762496, 20.1580911], [85.7630539, 20.1573257], [85.7635903, 20.1564595], [85.7641697, 20.1555531], [85.764513, 20.154566], [85.764234, 20.1536394], [85.7635045, 20.1533372], [85.7620239, 20.1537804], [85.7612729, 20.1538811], [85.7598996, 20.1537401], [85.7585907, 20.1534178], [85.7573461, 20.1530149], [85.7561016, 20.1526322], [85.7552433, 20.1522293], [85.7550072, 20.1513228], [85.7549, 20.150094], [85.7544493, 20.148966], [85.7539987, 20.1483213], [85.7534194, 20.1477371], [85.7532263, 20.1469313], [85.7533765, 20.1463069], [85.7543421, 20.1462464], [85.7552433, 20.1463471], [85.756166, 20.1460047], [85.7574963, 20.1454809], [85.7587409, 20.1448161], [85.7597708, 20.1442924], [85.7605862, 20.1440909], [85.7605648, 20.1429426], [85.7604575, 20.1418145], [85.7601142, 20.1410691], [85.7589555, 20.1396388], [85.7582474, 20.1390143], [85.757153, 20.1386114], [85.7556939, 20.13843], [85.754621, 20.1384703], [85.754385, 20.1388531], [85.7542133, 20.1397395], [85.7540417, 20.1404245], [85.7533765, 20.1405856], [85.7523894, 20.141049], [85.7515096, 20.141472], [85.7510161, 20.1408878], [85.7506728, 20.1403842], [85.7496428, 20.1400618], [85.7489133, 20.1407871], [85.7488704, 20.1421368], [85.7491278, 20.1431441], [85.7494497, 20.1443125], [85.7492351, 20.1455212], [85.7482052, 20.1461457], [85.7471752, 20.1469112], [85.7456732, 20.1476163], [85.7445144, 20.1479789], [85.7427549, 20.1483616], [85.741961, 20.1486638], [85.7404589, 20.1490062], [85.7371545, 20.1498523], [85.7349229, 20.1501142], [85.7323909, 20.150094], [85.7309103, 20.149953], [85.7295584, 20.1497516], [85.7285929, 20.1494696], [85.7275843, 20.1489861], [85.7270264, 20.1484825], [85.7265329, 20.1477774], [85.7259536, 20.1470724], [85.7252884, 20.1465083], [85.7244944, 20.1463069], [85.723443, 20.1461054], [85.7231426, 20.1455816], [85.7230568, 20.1443125], [85.7217693, 20.1417339], [85.721941, 20.1403238], [85.7223701, 20.1394776], [85.7233142, 20.1384704], [85.7249021, 20.1378257], [85.7264041, 20.1368587], [85.7272195, 20.135932], [85.7280349, 20.1348441], [85.7279491, 20.1321444], [85.727477, 20.1310968], [85.7270908, 20.1301701], [85.7265329, 20.1289209], [85.7248592, 20.1283165], [85.723958, 20.1286389], [85.7222843, 20.1296865], [85.7206964, 20.1304118], [85.7194089, 20.1314594], [85.7179069, 20.1334338], [85.7167911, 20.134562], [85.7155466, 20.135932], [85.7150316, 20.1372213], [85.7156753, 20.1383898], [85.7170915, 20.1392762], [85.7181215, 20.1399208], [85.7194519, 20.1406058], [85.7199668, 20.1418548], [85.7196664, 20.1424592], [85.7184648, 20.1428218], [85.7162332, 20.1428621], [85.7147741, 20.1427815], [85.7131004, 20.1429024], [85.7111263, 20.143265], [85.7088089, 20.1436679], [85.7068777, 20.1436679], [85.7056331, 20.1430635], [85.7039594, 20.1428621], [85.7025861, 20.1434664], [85.7013845, 20.144514], [85.7005691, 20.1464882], [85.7009124, 20.1481803], [85.7010412, 20.149389], [85.7002687, 20.1507991], [85.6991958, 20.1510408], [85.6958055, 20.1521689], [85.6937456, 20.1530552], [85.6932735, 20.1543445], [85.6936168, 20.1560365], [85.6933164, 20.1577689], [85.6912994, 20.1583732], [85.6903982, 20.157084], [85.6898832, 20.1559559], [85.6890678, 20.1545459], [85.6885528, 20.1539416], [85.6882095, 20.1526121], [85.68542, 20.1525315], [85.684905, 20.1511617], [85.6848621, 20.1490264], [85.6847333, 20.1469314], [85.6843471, 20.1447154], [85.6831455, 20.1436276], [85.6818151, 20.1434261], [85.6806135, 20.1423383], [85.6806564, 20.1408878], [85.6810426, 20.139115], [85.6806135, 20.1358111], [85.6816434, 20.1341188], [85.6826734, 20.132628], [85.6831884, 20.1312983], [85.6815576, 20.1295254], [85.6802702, 20.1290418], [85.6773519, 20.127148], [85.676279, 20.1261003], [85.6753778, 20.1250527], [85.6758499, 20.1239647], [85.6761503, 20.1192501], [85.6762361, 20.1168322], [85.6761932, 20.1154621], [85.6758928, 20.1139711], [85.6755065, 20.1129637], [85.6761503, 20.1120368], [85.6772661, 20.1114323], [85.6790685, 20.1102637], [85.6809568, 20.1091353], [85.6819009, 20.1082084], [85.6833171, 20.1061531], [85.6837463, 20.1051859], [85.68542, 20.1043799], [85.6845188, 20.1013976], [85.6843471, 20.1000274], [85.6841325, 20.0990602], [85.6855058, 20.097972], [85.6859779, 20.0970854], [85.6872654, 20.0965614], [85.688982, 20.0966823], [85.6901836, 20.0968838], [85.6913423, 20.0964405], [85.6911277, 20.0954733], [85.6901836, 20.0945463], [85.688467, 20.0932163], [85.687437, 20.092773], [85.6852483, 20.0921684], [85.6837034, 20.092249], [85.6817293, 20.0925714], [85.6794118, 20.0923699], [85.6789398, 20.0909996], [85.6784677, 20.0898308], [85.6764507, 20.0893471], [85.6736183, 20.0889844], [85.6721592, 20.0882186], [85.6716013, 20.0877349], [85.6713438, 20.0864452], [85.6728887, 20.0822131], [85.6746053, 20.0787467], [85.6752491, 20.0775375], [85.6764507, 20.0766911], [85.6779098, 20.0762074], [85.6803989, 20.0759655], [85.6824588, 20.0751191], [85.682888, 20.0738695], [85.6828022, 20.0725393], [85.681858, 20.0705239], [85.6809568, 20.069234], [85.6799912, 20.0681456], [85.6786823, 20.0670976], [85.6767082, 20.0672991], [85.6754207, 20.0679038], [85.6739187, 20.0682263], [85.6719875, 20.0679844], [85.6702709, 20.066896], [85.6694126, 20.065848], [85.6675672, 20.0646386], [85.6660223, 20.0641549], [85.6642627, 20.0645983], [85.6621599, 20.0648805], [85.6605291, 20.0643565], [85.6589841, 20.0642355], [85.6585121, 20.0662914], [85.6566667, 20.0658883], [85.6539201, 20.0661301], [85.6519031, 20.0666139], [85.6504011, 20.0674201], [85.649929, 20.0691534], [85.6491994, 20.0715719], [85.6487274, 20.0739501], [85.6483411, 20.0769329], [85.6480407, 20.0793513], [85.6476545, 20.0834223], [85.6479549, 20.0859615], [85.6478691, 20.0884201], [85.6477403, 20.090395], [85.6479549, 20.0926117], [85.6486415, 20.0939014], [85.6494569, 20.095433], [85.6496286, 20.0967226], [85.648427, 20.0975287], [85.645895, 20.0989393], [85.6422042, 20.0993423], [85.639801, 20.1002289], [85.6376552, 20.1010349], [85.6357669, 20.1018813], [85.6345224, 20.1020828], [85.6329774, 20.1019619], [85.6327629, 20.1007528], [85.6331062, 20.0995841], [85.6344366, 20.0977302], [85.6351661, 20.0965211], [85.6355094, 20.0955942], [85.6357669, 20.0940224], [85.6364107, 20.0928133], [85.6374836, 20.0918057], [85.6391573, 20.0911608], [85.6405735, 20.0905159], [85.6419038, 20.0897905], [85.6437063, 20.0891456], [85.6443929, 20.0882992], [85.6444788, 20.0864855], [85.6447362, 20.0840672], [85.6437921, 20.0821325], [85.6410026, 20.081931], [85.6398439, 20.0820116], [85.637741, 20.0820519], [85.6388998, 20.0798753], [85.6389856, 20.0784646], [85.6385135, 20.0758043], [85.6366682, 20.0747966], [85.6340503, 20.0736277], [85.6272268, 20.0702417], [85.6248664, 20.069234], [85.6233644, 20.0689518], [85.6233644, 20.0679844], [85.6232357, 20.0670573], [85.6221628, 20.0666945], [85.6213474, 20.0669766], [85.620017, 20.0677828], [85.6186437, 20.065203], [85.6183004, 20.0631068], [85.6179571, 20.0610913], [85.6173133, 20.0573423], [85.6167984, 20.0549235], [85.6161546, 20.0519403], [85.6157255, 20.0491183], [85.6151676, 20.0460543], [85.6141376, 20.04295], [85.6138801, 20.0408939], [85.6136226, 20.0395634], [85.6132364, 20.038112], [85.6132793, 20.037225], [85.6141805, 20.0368218], [85.6161117, 20.0368622], [85.6178712, 20.0369025], [85.6191587, 20.0367009], [85.6206607, 20.0362977], [85.620532, 20.0346043], [85.6201028, 20.0334754], [85.620017, 20.0320643], [85.6213474, 20.0304515], [85.6240511, 20.0296048], [85.6259822, 20.0283952], [85.6275272, 20.0273065], [85.6295013, 20.0244841], [85.6305742, 20.0230325], [85.6311321, 20.0215003], [85.630145, 20.0196455], [85.628128, 20.0182342], [85.626111, 20.0172665], [85.6237077, 20.0172665], [85.6231069, 20.0158955], [85.6221628, 20.0144842], [85.6206607, 20.0102098], [85.6204891, 20.0081533], [85.61903, 20.0060967], [85.6172704, 19.9988782], [85.6155967, 19.9961359], [85.6144809, 19.9942002], [85.6132364, 19.9927483], [85.6112623, 19.9930709], [85.6099748, 19.9937565], [85.6080436, 19.9948454], [85.6075286, 19.9960553], [85.6075716, 19.9990395], [85.6077432, 20.0012978], [85.6086015, 20.0037174], [85.6102752, 20.0072661], [85.6114339, 20.0098469], [85.6128072, 20.0121857], [85.614953, 20.0174681], [85.6143951, 20.0193633], [85.6125068, 20.0198068], [85.6095886, 20.0191617], [85.6077432, 20.0186375], [85.6060695, 20.0168229], [85.6049108, 20.0158552], [85.6034088, 20.0154923], [85.6025075, 20.0147261], [85.6020355, 20.0131535], [85.6015634, 20.011097], [85.6008338, 20.0091614], [85.5983018, 20.0086372], [85.5961132, 20.0079113], [85.5975723, 20.0066612], [85.5989456, 20.0053305], [85.5986452, 20.0045643], [85.5966711, 20.0000074], [85.5944627, 19.9986841], [85.5937099, 19.998233], [85.5920362, 19.9980313], [85.5899334, 19.9987976], [85.5887317, 19.9993218], [85.587058, 20.0016608], [85.5867147, 20.0036771], [85.5868005, 20.0053305], [85.5851697, 20.006137], [85.5834961, 20.0069435], [85.5812645, 20.0082339], [85.5809211, 20.0109357], [85.5811357, 20.0137584], [85.5807924, 20.0169036], [85.5801057, 20.0196052], [85.5790758, 20.021581], [85.5768442, 20.0221455], [85.5756425, 20.0223874], [85.5748272, 20.0227503], [85.5737972, 20.0250889], [85.572381, 20.0252905], [85.5714368, 20.0240003], [85.5710935, 20.0223471], [85.5707502, 20.0207745], [85.570321, 20.0191213], [85.5700635, 20.0177504], [85.5696773, 20.0166213], [85.5693984, 20.0158652], [85.5687547, 20.0153007], [85.568186, 20.0147967], [85.5677569, 20.0143632], [85.5676067, 20.0139499], [85.5675208, 20.0129015], [85.567435, 20.0121756], [85.5671346, 20.0116212], [85.5667591, 20.0102501], [85.5666733, 20.0091614], [85.5672097, 20.0082137], [85.5684113, 20.0076693], [85.5697846, 20.0076895], [85.571351, 20.0074476], [85.5722952, 20.006883], [85.5722737, 20.0060362], [85.5717158, 20.0048466], [85.5713939, 20.0009349], [85.5709219, 19.9989185], [85.5707073, 19.99787], [85.5699134, 19.9971038], [85.5687547, 19.9970634], [85.5676389, 19.9976482], [85.5668878, 19.9982128], [85.5662012, 19.9994025], [85.5655145, 19.9997049], [85.5644417, 19.9997856], [85.563755, 19.9993823], [85.5632186, 19.9985354], [85.5628323, 19.9978095], [85.5625105, 19.9970433], [85.5625963, 19.9962972], [85.5628967, 19.9955713], [85.56324, 19.9946639], [85.5631542, 19.9937565], [85.5627894, 19.9917401], [85.5631757, 19.9912964], [85.5648064, 19.9910746], [85.566051, 19.990752], [85.5669307, 19.9898446], [85.5666518, 19.9886548], [85.5661797, 19.9879087], [85.5653214, 19.9874046], [85.5646992, 19.98684], [85.564785, 19.9860334], [85.5652356, 19.9853477], [85.5666947, 19.9847226], [85.5697202, 19.9822624], [85.5705571, 19.9805886], [85.5704069, 19.9793786], [85.5697846, 19.9778863], [85.5688619, 19.976999], [85.5672955, 19.9768377], [85.5662441, 19.9773418], [85.5652356, 19.977967], [85.5642271, 19.9786325], [85.5632186, 19.9787333], [85.5626392, 19.9784106], [85.5618667, 19.9780477], [85.5609226, 19.978088], [85.5603862, 19.9783501], [85.5590343, 19.978693], [85.5580687, 19.978451], [85.5573821, 19.9780073], [85.5569315, 19.9775032], [85.5568027, 19.9767772], [85.5562019, 19.9753655], [85.5560946, 19.9742362], [85.5566096, 19.973611], [85.5569744, 19.9731068], [85.5579829, 19.9724211], [85.5589056, 19.9719976], [85.560236, 19.9716346], [85.5617165, 19.9713926], [85.5630469, 19.9713926], [85.5641627, 19.9715539], [85.5657935, 19.9720178], [85.5665016, 19.9720783], [85.5663943, 19.9711909], [85.5659652, 19.9704246], [85.5653643, 19.9694767], [85.5650425, 19.9686095], [85.5643987, 19.9665927], [85.5648494, 19.9595741], [85.5647206, 19.9570933], [85.5644631, 19.9554193], [85.5639052, 19.9543907], [85.5634331, 19.953483], [85.5614161, 19.9521518], [85.559721, 19.9515266], [85.5580687, 19.9515064], [85.5559659, 19.9517484], [85.5540776, 19.9517686], [85.5526614, 19.9519703], [85.5517816, 19.9521518], [85.5512881, 19.9528174], [85.5513525, 19.9541285], [85.5516529, 19.9554798], [85.5519748, 19.9567303], [85.5522108, 19.9594934], [85.5529189, 19.9608448], [85.5530906, 19.9622162], [85.5519104, 19.9629221], [85.5507087, 19.9627003], [85.5498719, 19.9622566], [85.5494213, 19.9612885], [85.5491423, 19.960159], [85.5489707, 19.9584648], [85.5486917, 19.9574967], [85.547533, 19.9567706], [85.5461168, 19.9567303], [85.5443787, 19.9571337], [85.5426192, 19.9577186], [85.5410957, 19.9577388], [85.5397224, 19.9576177], [85.5383062, 19.9574766], [85.5370402, 19.9574564], [85.535903, 19.9574766], [85.5346155, 19.958001], [85.5335641, 19.9582026], [85.5324697, 19.9586262], [85.5324483, 19.9601388], [85.5331993, 19.9608448], [85.5342507, 19.9624381], [85.5345297, 19.9633053], [85.5340147, 19.9644751], [85.533092, 19.965544], [85.5316329, 19.966633], [85.5309677, 19.9676213], [85.5310964, 19.9688112], [85.5310964, 19.9696985], [85.5303883, 19.9702027], [85.5297017, 19.9705052], [85.5292082, 19.9711103], [85.52953, 19.972764], [85.5304742, 19.9740345], [85.5310321, 19.9758495], [85.5297875, 19.9773217], [85.5285859, 19.9776645], [85.5277061, 19.9775233], [85.527277, 19.97712], [85.5269336, 19.9764142], [85.5260968, 19.9763738], [85.5247235, 19.9764545], [85.5234575, 19.9764948], [85.5223846, 19.9764545], [85.5215478, 19.976273], [85.5213547, 19.975547], [85.5217194, 19.9750832], [85.5218267, 19.9743975], [85.5210972, 19.9738933], [85.5197882, 19.9739538], [85.5186295, 19.9740547], [85.5175781, 19.9741757], [85.5172562, 19.9737925], [85.5172777, 19.9728245], [85.5174708, 19.9719169], [85.518415, 19.9711708], [85.5182004, 19.9703036], [85.5170202, 19.9705052], [85.515604, 19.9702229], [85.5151105, 19.9696582], [85.5152178, 19.9687305], [85.5154109, 19.9678633], [85.5156469, 19.9669356], [85.5154753, 19.9660885], [85.5153894, 19.9648784], [85.5156469, 19.9634868], [85.5151748, 19.9623776], [85.51494, 19.9618743], [85.5146384, 19.961228], [85.514059, 19.9601187], [85.5129862, 19.9591304], [85.512793, 19.9576782], [85.5122781, 19.9561454], [85.5120849, 19.9552176], [85.5119133, 19.9538461], [85.5113339, 19.9528376], [85.5097031, 19.9526359], [85.5083942, 19.9525552], [85.5074072, 19.9524746], [85.5076647, 19.9516274], [85.5079865, 19.9508206], [85.5081153, 19.9498525], [85.5074501, 19.9489852], [85.5065703, 19.9484204], [85.5055618, 19.9477346], [85.5059695, 19.9469681], [85.5068064, 19.9463428], [85.5081582, 19.9457377], [85.5095529, 19.9449107], [85.5145526, 19.9429945], [85.5167842, 19.9420666], [85.5183506, 19.9411791], [85.5198312, 19.9398276], [85.5205822, 19.9388594], [85.5203032, 19.9373869], [85.5191231, 19.935995], [85.5180931, 19.9351882], [85.5171919, 19.9343208], [85.5162477, 19.9337156], [85.5153894, 19.9333727], [85.5146169, 19.9332718], [85.5135011, 19.9336753], [85.5120849, 19.9340989], [85.5107546, 19.9343208], [85.5095744, 19.934341], [85.5083942, 19.9344418], [85.5082869, 19.9334937], [85.5078149, 19.9316782], [85.5067634, 19.9311941], [85.5068493, 19.9302056], [85.507257, 19.9287129], [85.5076003, 19.9273815], [85.5086732, 19.9267763], [85.5107116, 19.9270183], [85.5126214, 19.927563], [85.514574, 19.9281682], [85.516119, 19.9284708], [85.518415, 19.9292172], [85.5210113, 19.9309117], [85.5218911, 19.9323439], [85.5227065, 19.9337761], [85.5236077, 19.9353092], [85.5255389, 19.9391418], [85.526762, 19.9414817], [85.5270409, 19.9428937], [85.5279207, 19.943519], [85.5297446, 19.9424297], [85.5312252, 19.941522], [85.5326414, 19.9407152], [85.5339718, 19.9396663], [85.5351949, 19.9387384], [85.5357957, 19.9380324], [85.5362248, 19.9368826], [85.5361819, 19.9355714], [85.5358171, 19.9343813], [85.5348944, 19.9316782], [85.5342936, 19.9289751], [85.5339074, 19.9274016], [85.5341005, 19.9265544], [85.5357957, 19.9260702], [85.5378127, 19.9254247], [85.5477046, 19.9217128], [85.5588197, 19.9184043], [85.5616951, 19.9176377], [85.5642271, 19.9188481], [85.5662012, 19.917678], [85.5685186, 19.9164272], [85.569334, 19.9152571], [85.5683469, 19.9136835], [85.5671882, 19.9128361], [85.5660724, 19.9115853], [85.564742, 19.9099713], [85.5636692, 19.9079134], [85.5636477, 19.9073989], [85.5650747, 19.9072173], [85.5659008, 19.906834], [85.56692, 19.9062489], [85.5687761, 19.9053108], [85.5704069, 19.9038177], [85.5715656, 19.9028695], [85.5720806, 19.9022037], [85.571866, 19.9012756], [85.5710292, 19.9002062], [85.570364, 19.8995202], [85.569613, 19.8987737], [85.5695486, 19.8980272], [85.5699134, 19.8973815], [85.5707931, 19.8958279], [85.5705786, 19.8938909], [85.569849, 19.8924987], [85.5685615, 19.8913082], [85.5675316, 19.8904204], [85.5675745, 19.8890887], [85.5682611, 19.8872121], [85.5689263, 19.8853759], [85.5697846, 19.8839231], [85.5702996, 19.8823693], [85.5700636, 19.8791205], [85.5694198, 19.8774255], [85.5677461, 19.8748223], [85.5670595, 19.8734299], [85.5663943, 19.8703626], [85.5664158, 19.8675575], [85.5667162, 19.865943], [85.5662656, 19.864934], [85.5657291, 19.864046], [85.565536, 19.8627948], [85.5658579, 19.8576889], [85.5654502, 19.8557514], [85.5650854, 19.8543387], [85.5646348, 19.8530067], [85.5630684, 19.852603], [85.5619311, 19.852825], [85.560472, 19.8533296], [85.5563736, 19.8544396], [85.5537987, 19.8551056], [85.5512452, 19.8558322], [85.5458379, 19.8569825], [85.5415034, 19.8577898], [85.5357742, 19.8593842], [85.5274057, 19.8617252], [85.5203891, 19.8634406], [85.50848, 19.8664274], [85.5012702, 19.8681226], [85.5007552, 19.8719165], [85.5020427, 19.8756296], [85.5044459, 19.882894], [85.5035876, 19.8848311], [85.4915713, 19.8842661], [85.480585, 19.8841854], [85.4747485, 19.8838626], [85.4614448, 19.8837819], [85.45372, 19.883459], [85.4428195, 19.883459], [85.4387855, 19.8831362], [85.4335498, 19.8770825], [85.4300307, 19.8712707], [85.4222201, 19.8644094], [85.4068565, 19.8502014], [85.3978442, 19.8421281], [85.3876304, 19.8311477], [85.3826522, 19.8292907], [85.3744983, 19.8269491], [85.3676318, 19.8248498], [85.3627395, 19.8233964], [85.360422, 19.8226697], [85.3587913, 19.8208126], [85.3578471, 19.8195206], [85.3569888, 19.8175827], [85.357933, 19.8146758], [85.3562163, 19.8120918], [85.3505515, 19.8056316], [85.3483199, 19.8003826], [85.3461742, 19.799898], [85.3444575, 19.8011094], [85.3427409, 19.7974753], [85.3389644, 19.7920644], [85.3321838, 19.7866534], [85.3296088, 19.7849574], [85.3231715, 19.7833421], [85.3191375, 19.7824537], [85.3102969, 19.7813229], [85.3042888, 19.7826152], [85.3040313, 19.780596], [85.2921008, 19.7811614], [85.2876376, 19.7814845], [85.2788829, 19.7763154], [85.2702998, 19.7730038], [85.2667808, 19.7705807], [85.2624892, 19.7700153], [85.2587127, 19.7699345], [85.2527045, 19.7671075], [85.2527045, 19.7632303], [85.2509021, 19.7434392], [85.2477264, 19.742389], [85.2269553, 19.7431969], [85.2204322, 19.7397231], [85.2153682, 19.7342295], [85.2143382, 19.7314018], [85.2131366, 19.7275238], [85.2109908, 19.724292], [85.2084159, 19.7225953], [85.2048968, 19.7206562], [85.2027511, 19.7175051], [85.1991462, 19.7072434], [85.1986312, 19.7057889], [85.1990604, 19.7021527], [85.2004336, 19.6997285], [85.2032661, 19.6981932], [85.2066993, 19.6967386], [85.2106475, 19.6960113], [85.2115058, 19.69189], [85.2121924, 19.6886575], [85.2127074, 19.6861523], [85.2120208, 19.6838895], [85.2094459, 19.6802528], [85.205841, 19.6777474], [85.2021503, 19.6756461], [85.1982879, 19.6742722], [85.194168, 19.6733832], [85.1916789, 19.6726558], [85.1839971, 19.6719284], [85.1814651, 19.6365248], [85.1789546, 19.6042465], [85.1774954, 19.5858711], [85.1743411, 19.5578087], [85.1360177, 19.5206811]]]}, "properties": {"place_id": 250891519, "osm_type": "relation", "osm_id": 9511283, "place_rank": 10, "category": "boundary", "type": "administrative", "importance": 0.4907413491463086, "addresstype": "state_district", "name": "Puri", "display_name": "Puri, Odisha, India", "_source": "nominatim_osm", "_fetched_at": "2026-09-27T11:04:53.424785+00:00", "zone_id": "Z-ODISHA-PURI-01"}}, {"type": "Feature", "geometry": {"type": "Polygon", "coordinates": [[[79.2253238, 30.813233], [79.2253753, 30.8113644], [79.2255122, 30.8097077], [79.2272295, 30.8083285], [79.2283247, 30.8074506], [79.2296526, 30.806868], [79.2311191, 30.806433], [79.2329728, 30.806239], [79.2347499, 30.8060615], [79.2356894, 30.8059006], [79.2370188, 30.8054341], [79.2374653, 30.8052386], [79.2404159, 30.8029311], [79.2409757, 30.8023522], [79.2409086, 30.801735], [79.2392849, 30.7990347], [79.2393525, 30.7978167], [79.2404782, 30.7947118], [79.2420065, 30.7931622], [79.2440588, 30.7919774], [79.246295, 30.7890481], [79.2460405, 30.7865438], [79.2454923, 30.784855], [79.2473657, 30.7838036], [79.2495393, 30.7824662], [79.2514281, 30.7811274], [79.2533621, 30.7807731], [79.2558139, 30.7805731], [79.2588918, 30.7790724], [79.2607904, 30.7777364], [79.26212, 30.7763745], [79.2629045, 30.7726827], [79.2615875, 30.7696779], [79.2614416, 30.7681684], [79.2623732, 30.7666589], [79.2651187, 30.7640626], [79.2665726, 30.7636393], [79.269387, 30.7615335], [79.2718803, 30.7592137], [79.2738925, 30.7571707], [79.2758768, 30.7567913], [79.2786304, 30.7565322], [79.2811397, 30.7557918], [79.2843119, 30.7541218], [79.2867501, 30.7522666], [79.2882892, 30.7503172], [79.2884185, 30.7491733], [79.2879175, 30.7480376], [79.2857623, 30.7454011], [79.2823646, 30.74123], [79.2802096, 30.7377553], [79.2792992, 30.7298681], [79.2778462, 30.7273071], [79.2743668, 30.723856], [79.2860789, 30.7218789], [79.2928482, 30.7203575], [79.2948213, 30.7200768], [79.2964263, 30.7189519], [79.2976681, 30.7163996], [79.2976852, 30.7144302], [79.2996812, 30.7124998], [79.3019183, 30.7110915], [79.3036806, 30.7091626], [79.3035666, 30.7078507], [79.3013733, 30.7056745], [79.2998529, 30.7036887], [79.3001167, 30.7016177], [79.2997357, 30.6992549], [79.3005029, 30.6966485], [79.2999791, 30.6947854], [79.3032323, 30.691431], [79.304693, 30.6891622], [79.3052806, 30.6873724], [79.3050122, 30.6855506], [79.3052857, 30.6818363], [79.3046806, 30.6788589], [79.3058454, 30.676972], [79.3063926, 30.6746541], [79.3084615, 30.6737519], [79.3099988, 30.6726601], [79.3124131, 30.6721153], [79.3139227, 30.6720903], [79.316037, 30.6708389], [79.3171925, 30.6693228], [79.3186711, 30.6689146], [79.3209796, 30.6691921], [79.3230541, 30.669676], [79.3254722, 30.6707569], [79.328905, 30.6720224], [79.3288294, 30.6677348], [79.3295741, 30.6640924], [79.3294991, 30.6597376], [79.3324623, 30.6575353], [79.334968, 30.6562238], [79.3379163, 30.6562828], [79.3423326, 30.6552258], [79.3458485, 30.6534088], [79.3484924, 30.6500051], [79.3510338, 30.6475662], [79.3539192, 30.6469639], [79.3563852, 30.6472734], [79.356316, 30.641717], [79.3546354, 30.6386988], [79.3559822, 30.6346328], [79.3552759, 30.6304588], [79.3548707, 30.6292266], [79.3539272, 30.6268141], [79.3541226, 30.6253637], [79.3693541, 30.6096977], [79.371929, 30.5984687], [79.370899, 30.5937403], [79.3671225, 30.5760068], [79.3630026, 30.5635914], [79.360256, 30.549844], [79.3535612, 30.5406779], [79.3542479, 30.5353553], [79.3568228, 30.5307717], [79.3578528, 30.5251528], [79.3592261, 30.5182026], [79.3626593, 30.5118435], [79.3690108, 30.5074067], [79.3770788, 30.5037092], [79.3853186, 30.502526], [79.3913267, 30.5037092], [79.3971632, 30.5062235], [79.4042013, 30.5082941], [79.4124411, 30.5063714], [79.4182776, 30.4997158], [79.4196509, 30.4951305], [79.4193075, 30.488474], [79.4182776, 30.4812254], [79.4169043, 30.4744201], [79.4181059, 30.4707213], [79.4278906, 30.4630275], [79.4483183, 30.4426062], [79.4587807, 30.4316246], [79.4720077, 30.4177396], [79.4791746, 30.4111519], [79.4823932, 30.4076729], [79.4847965, 30.4074508], [79.4908905, 30.4077099], [79.4949245, 30.4083391], [79.5034217, 30.4141868], [79.5061683, 30.4162593], [79.5077991, 30.4184058], [79.5089149, 30.4210703], [79.5110607, 30.4221805], [79.5166826, 30.4237718], [79.5189571, 30.4257701], [79.5212745, 30.4288045], [79.5253086, 30.4332079], [79.5270681, 30.4359461], [79.5294714, 30.4377221], [79.5329904, 30.4381661], [79.5368957, 30.4382771], [79.5391702, 30.4393501], [79.540286, 30.4417181], [79.5426893, 30.444419], [79.546895, 30.4471568], [79.5638036, 30.4470828], [79.568696, 30.4461579], [79.572258, 30.444049], [79.576292, 30.4398311], [79.5814418, 30.4337629], [79.5875787, 30.4265102], [79.589467, 30.4236978], [79.5920419, 30.4234758], [79.5942735, 30.4241789], [79.5980072, 30.4257331], [79.6010541, 30.4260662], [79.6042299, 30.424734], [79.6082639, 30.4232537], [79.6136283, 30.4219955], [79.6213102, 30.4202562], [79.6270608, 30.4182578], [79.6294212, 30.4201822], [79.6311807, 30.4216254], [79.6350431, 30.4235498], [79.6381759, 30.424956], [79.6419096, 30.4269173], [79.6449136, 30.4282865], [79.6486044, 30.4271023], [79.6529388, 30.4263252], [79.6601915, 30.4240679], [79.6654272, 30.4211814], [79.6668005, 30.4178877], [79.6701049, 30.4144088], [79.6750831, 30.4142978], [79.6785593, 30.4116701], [79.6798896, 30.4075618], [79.6828508, 30.4017137], [79.6861982, 30.4004552], [79.6896743, 30.3948288], [79.6946954, 30.3874251], [79.700489, 30.3805021], [79.7011327, 30.3758742], [79.7064113, 30.3732085], [79.7099304, 30.371172], [79.7134924, 30.3699502], [79.7188543, 30.3694597], [79.7160244, 30.364359], [79.7162818, 30.3603228], [79.7176551, 30.3567308], [79.7173118, 30.352324], [79.719332, 30.3484802], [79.726324, 30.3485465], [79.7322034, 30.347954], [79.7382974, 30.3464726], [79.7441768, 30.3451393], [79.7489833, 30.3443616], [79.7524595, 30.3428431], [79.7525024, 30.3402875], [79.7529316, 30.3351762], [79.7536182, 30.332287], [79.7546053, 30.3306943], [79.7551202, 30.3292126], [79.7532749, 30.3266567], [79.7525453, 30.3247304], [79.7528028, 30.3220633], [79.7546053, 30.3172844], [79.7544336, 30.3159507], [79.7536611, 30.313839], [79.753232, 30.3119866], [79.7546053, 30.3098378], [79.7570085, 30.3081706], [79.7606134, 30.3060587], [79.7646904, 30.3049472], [79.767394, 30.304095], [79.7703552, 30.3014273], [79.771471, 30.2995746], [79.7726726, 30.2975367], [79.7740501, 30.2948313], [79.7785091, 30.2968697], [79.7807407, 30.2979443], [79.7837448, 30.299167], [79.7896242, 30.2958322], [79.7946882, 30.2915338], [79.8002745, 30.2847039], [79.802038, 30.2848507], [79.8063241, 30.284808], [79.8104409, 30.2848144], [79.8126058, 30.2847554], [79.8142665, 30.2850291], [79.8150266, 30.2856462], [79.8162774, 30.2857133], [79.8184975, 30.2859489], [79.8214643, 30.2880529], [79.8235107, 30.2890148], [79.8262154, 30.2891645], [79.8292458, 30.2897407], [79.8317854, 30.2893744], [79.8343298, 30.2890354], [79.8354814, 30.2887099], [79.8358936, 30.2882767], [79.8380371, 30.2873629], [79.8397972, 30.28717], [79.8415813, 30.2875329], [79.8433765, 30.2881721], [79.8456012, 30.2879933], [79.8466258, 30.2875207], [79.8478865, 30.2871919], [79.8502492, 30.2873106], [79.8511607, 30.2863671], [79.8532263, 30.2848266], [79.8551367, 30.2827146], [79.8575638, 30.2816522], [79.8600672, 30.2808167], [79.8617082, 30.2798636], [79.8636338, 30.2784435], [79.8659813, 30.2768903], [79.8669016, 30.2748804], [79.8681428, 30.274515], [79.8699743, 30.2732127], [79.8710567, 30.2720207], [79.8718452, 30.2711817], [79.8725987, 30.2711606], [79.8746042, 30.2715707], [79.8790535, 30.2724177], [79.8820293, 30.2733003], [79.8890227, 30.2747736], [79.8921091, 30.2749133], [79.895986, 30.276083], [79.8999324, 30.2787524], [79.9010071, 30.2807152], [79.9023194, 30.282634], [79.904581, 30.2837604], [79.9084261, 30.2849234], [79.9116278, 30.2857193], [79.912884, 30.2863179], [79.9151009, 30.2874053], [79.9182616, 30.2872289], [79.9195293, 30.2874243], [79.9215163, 30.2889058], [79.9233806, 30.2908728], [79.9246351, 30.2923475], [79.9278317, 30.2934016], [79.9286917, 30.2941743], [79.9292657, 30.2956], [79.9298899, 30.2971443], [79.9306414, 30.2975534], [79.9325103, 30.2982002], [79.9362252, 30.2988843], [79.9395517, 30.2991033], [79.9427731, 30.2985962], [79.9446719, 30.2978685], [79.9471901, 30.29608], [79.9498482, 30.2941668], [79.9517712, 30.2922665], [79.9529363, 30.2913074], [79.954967, 30.2901996], [79.9556052, 30.2908387], [79.9581201, 30.2921484], [79.961571, 30.2923715], [79.9635161, 30.2931582], [79.9653734, 30.2946976], [79.9672707, 30.2960009], [79.9709865, 30.2973141], [79.9739091, 30.2988152], [79.9759423, 30.2992826], [79.9773958, 30.2998237], [79.9778277, 30.3009224], [79.9783455, 30.3017532], [79.9791976, 30.3031176], [79.9807887, 30.3048311], [79.9816499, 30.3081168], [79.9824938, 30.3113623], [79.9850296, 30.3139416], [79.9868539, 30.3164636], [79.9868613, 30.3165986], [79.9869768, 30.3179183], [79.9871956, 30.3192318], [79.9883081, 30.3214475], [79.9896943, 30.3242329], [79.9919195, 30.3287115], [79.9937255, 30.3297561], [79.9939809, 30.3302783], [79.994145, 30.3312911], [79.9945007, 30.3321378], [79.9953216, 30.3333721], [79.9959875, 30.3349072], [79.9964071, 30.336553], [79.9966077, 30.3371148], [79.9965074, 30.3377082], [79.996261, 30.3386419], [79.9965118, 30.3416011], [79.9965528, 30.3429344], [79.9963247, 30.3453357], [79.9961422, 30.3475354], [79.9963794, 30.3488646], [79.9963155, 30.3497666], [79.9963975, 30.3516576], [79.9968628, 30.3525755], [79.9973281, 30.3534537], [79.9980123, 30.3550836], [79.9984886, 30.3561164], [79.9985206, 30.3561858], [79.9986113, 30.3563819], [79.9986991, 30.3565728], [79.9987337, 30.3566471], [79.9987446, 30.3566713], [79.9987726, 30.3567319], [79.9988302, 30.3568566], [79.9988843, 30.3569743], [79.9988913, 30.3569894], [79.9988946, 30.3569966], [79.998901, 30.3570104], [79.9990341, 30.357299], [79.9990888, 30.3575602], [79.998952, 30.3579874], [79.99866, 30.3586125], [79.9975104, 30.3614687], [79.9969629, 30.3631144], [79.9970724, 30.364681], [79.9973917, 30.3655829], [79.9976659, 30.3660235], [79.9978337, 30.3661867], [79.9979848, 30.3662238], [79.9981726, 30.3662211], [79.9984151, 30.3661601], [79.9993524, 30.3660039], [80.0007432, 30.3659674], [80.0021884, 30.3665416], [80.0033887, 30.3675124], [80.0044593, 30.3682305], [80.0056608, 30.3682677], [80.0069815, 30.3685891], [80.008224, 30.3691134], [80.0094182, 30.3710494], [80.0114849, 30.3740641], [80.0131363, 30.3764694], [80.0138378, 30.377133], [80.0154477, 30.3796105], [80.0166473, 30.3815148], [80.0176761, 30.382553], [80.0189186, 30.3833072], [80.0201557, 30.3842418], [80.0208157, 30.3849234], [80.0225939, 30.3858765], [80.024497, 30.3868476], [80.0247878, 30.3873846], [80.0262325, 30.3889282], [80.0284624, 30.3909368], [80.0298661, 30.3920158], [80.0309427, 30.392409], [80.0329661, 30.3927893], [80.0327572, 30.3936461], [80.0318502, 30.3955488], [80.0313912, 30.3968023], [80.031682, 30.3973799], [80.0325545, 30.3982466], [80.032836, 30.3985262], [80.0340366, 30.399835], [80.0345643, 30.4007226], [80.0346133, 30.4008051], [80.0349037, 30.4019148], [80.0359799, 30.4029214], [80.0372998, 30.4047534], [80.0377922, 30.4069593], [80.0377494, 30.4082852], [80.037462, 30.4096471], [80.0365092, 30.4102915], [80.0329488, 30.411403], [80.0307154, 30.4124749], [80.0298873, 30.4132996], [80.0298863, 30.4142873], [80.0310852, 30.4175536], [80.0317868, 30.4185914], [80.0318693, 30.419453], [80.0310404, 30.4208866], [80.0309148, 30.4216758], [80.0319078, 30.4227004], [80.0330671, 30.4241354], [80.0338515, 30.4256785], [80.0338077, 30.4280103], [80.0340505, 30.4299994], [80.0331383, 30.4315051], [80.032726, 30.4327587], [80.0330945, 30.4337647], [80.0342538, 30.435272], [80.0358655, 30.4373343], [80.0371857, 30.4393827], [80.0377205, 30.4409211], [80.0378023, 30.4426801], [80.0375982, 30.4438662], [80.036645, 30.4445466], [80.0349475, 30.4451182], [80.0318864, 30.4454002], [80.027914, 30.4459566], [80.0243524, 30.4470635], [80.0209571, 30.448247], [80.020009, 30.4488912], [80.0207519, 30.4503621], [80.02228, 30.4525507], [80.0227319, 30.4535749], [80.0224025, 30.4549007], [80.0204939, 30.4579841], [80.0195806, 30.4600626], [80.0185067, 30.4612976], [80.0166828, 30.4628746], [80.0151915, 30.4648488], [80.0137012, 30.4660292], [80.0117938, 30.4674979], [80.010304, 30.4681055], [80.0091061, 30.4684653], [80.0086053, 30.4692721], [80.0085201, 30.4707785], [80.0083564, 30.4727492], [80.0092608, 30.474076], [80.010629, 30.4752273], [80.0114563, 30.4756926], [80.013481, 30.4764837], [80.0157138, 30.4775093], [80.0174105, 30.4782639], [80.0181127, 30.4789455], [80.019684, 30.4802367], [80.0202194, 30.4810625], [80.0199325, 30.4815268], [80.0186867, 30.4827119], [80.0168258, 30.484307], [80.0155383, 30.4854516], [80.0156611, 30.4874632], [80.0157844, 30.4889337], [80.0159492, 30.4906206], [80.0157812, 30.4917661], [80.0152442, 30.4923022], [80.0143323, 30.4927705], [80.0115968, 30.4939139], [80.0091952, 30.4944484], [80.0091948, 30.4947731], [80.0093605, 30.4956708], [80.0096927, 30.4966048], [80.0111805, 30.4980763], [80.0122634, 30.4990427], [80.0126176, 30.4994091], [80.0127003, 30.4995771], [80.0127372, 30.4998711], [80.0127344, 30.4999239], [80.0127265, 30.4999829], [80.0127015, 30.5001133], [80.0126693, 30.5001864], [80.012643, 30.5005484], [80.0125432, 30.5010721], [80.0125748, 30.5020967], [80.0124382, 30.5027616], [80.0123646, 30.5031532], [80.0123436, 30.5033445], [80.0120596, 30.5035722], [80.0114917, 30.5037361], [80.0109237, 30.5038819], [80.0100402, 30.5042736], [80.0091252, 30.5047837], [80.0084731, 30.5051936], [80.0078736, 30.5056945], [80.0074213, 30.5061226], [80.0070848, 30.5063139], [80.0069481, 30.5066691], [80.0069376, 30.5072064], [80.0070849, 30.5076618], [80.0071901, 30.5082082], [80.0072743, 30.5087091], [80.0072217, 30.5090734], [80.0069798, 30.5096745], [80.0066958, 30.510394], [80.0065591, 30.5111226], [80.0065276, 30.5117146], [80.0065802, 30.512088], [80.0068537, 30.5125343], [80.0072535, 30.5132902], [80.0073377, 30.5138366], [80.007485, 30.5147655], [80.0074745, 30.5155032], [80.0074115, 30.5159495], [80.0070539, 30.5169422], [80.0069172, 30.5175615], [80.0068646, 30.5184449], [80.0066332, 30.5192009], [80.0063387, 30.5201662], [80.0061389, 30.5208129], [80.00616, 30.5211589], [80.0062652, 30.5215232], [80.0063073, 30.5218875], [80.0061916, 30.5221972], [80.0058024, 30.5225706], [80.0054447, 30.5229258], [80.0049188, 30.5232445], [80.0043612, 30.5236088], [80.0040982, 30.5237819], [80.0039194, 30.5240915], [80.0038668, 30.5245196], [80.0039405, 30.5252937], [80.0039405, 30.5259403], [80.0038354, 30.5265027], [80.0037512, 30.5268669], [80.0036671, 30.5272677], [80.0033409, 30.5276365], [80.0026466, 30.5281602], [80.0019208, 30.5286429], [80.0011844, 30.5292576], [80.0005321, 30.5297995], [79.99958, 30.5305235], [79.999175, 30.5307585], [79.9988558, 30.5308446], [79.9986311, 30.5309311], [79.9985562, 30.5309576], [79.9984752, 30.5309681], [79.9984105, 30.5309671], [79.9983789, 30.5309653], [79.9983383, 30.5309586], [79.9983009, 30.5309487], [79.9982521, 30.5309124], [79.9982069, 30.5308866], [79.9981233, 30.5308456], [79.9980148, 30.530835], [79.9979042, 30.5308515], [79.997478, 30.5310597], [79.9963107, 30.5319412], [79.9954109, 30.5332652], [79.994751, 30.535446], [79.9949909, 30.537419], [79.9962804, 30.5411055], [79.99778, 30.544117], [79.9979806, 30.5441922], [79.9981667, 30.5441764], [79.998312, 30.5441293], [79.9984094, 30.5440871], [79.9984102, 30.5440868], [79.9985027, 30.5440468], [79.9986752, 30.5439858], [79.9988513, 30.5440194], [79.9994159, 30.5442958], [79.999874, 30.5446963], [80.00011, 30.5450127], [80.0002812, 30.5455214], [80.0003136, 30.546014], [80.0004201, 30.5466749], [80.000545, 30.5472036], [80.0007625, 30.5477643], [80.0011513, 30.548281], [80.0014798, 30.5487216], [80.0021046, 30.5493264], [80.0034004, 30.5504438], [80.0048998, 30.5515973], [80.0061493, 30.5525505], [80.0068528, 30.5532473], [80.0074637, 30.553744], [80.0082042, 30.5546651], [80.0085653, 30.5554181], [80.0087319, 30.5560349], [80.008806, 30.5563393], [80.0088107, 30.5567798], [80.0089264, 30.5572004], [80.009255, 30.5577811], [80.009616, 30.5582136], [80.0100604, 30.5588624], [80.0106899, 30.5596875], [80.0109861, 30.560104], [80.0114212, 30.5604965], [80.0116711, 30.5608008], [80.011736, 30.5610812], [80.0116805, 30.5616659], [80.0116065, 30.5623068], [80.0113844, 30.5629396], [80.0111253, 30.564021], [80.0109681, 30.5649742], [80.0108941, 30.5662158], [80.0107646, 30.5674174], [80.0107508, 30.5684146], [80.0106861, 30.5691155], [80.0109223, 30.5705493], [80.0110196, 30.5714424], [80.0111492, 30.571895], [80.0113113, 30.5723275], [80.0114363, 30.5730725], [80.0116354, 30.5736492], [80.0119595, 30.5743661], [80.0122789, 30.5750028], [80.0125659, 30.5754714], [80.0128946, 30.5758839], [80.0133112, 30.5763004], [80.013839, 30.5765807], [80.0145611, 30.576877], [80.0153202, 30.5771252], [80.0163941, 30.5774375], [80.0174033, 30.5778139], [80.0177828, 30.5778459], [80.0182457, 30.5779179], [80.0190234, 30.5782222], [80.0194215, 30.5784304], [80.0197271, 30.5787508], [80.0199956, 30.5793515], [80.0202457, 30.5798801], [80.020468, 30.5805769], [80.02057, 30.5815541], [80.0205146, 30.5825794], [80.0204684, 30.583052], [80.0203852, 30.5834846], [80.0205704, 30.583821], [80.0210705, 30.5848462], [80.0216076, 30.5856711], [80.0223762, 30.586496], [80.0228392, 30.5869365], [80.0234133, 30.587409], [80.0239596, 30.5877373], [80.0250059, 30.5883779], [80.0255198, 30.5885541], [80.0259828, 30.5889064], [80.0263717, 30.5893629], [80.0268162, 30.5897553], [80.0274273, 30.5900676], [80.0281959, 30.5902917], [80.029131, 30.5904918], [80.0299088, 30.5905958], [80.0306124, 30.5906918], [80.0316679, 30.5907957], [80.0322235, 30.5909318], [80.0328531, 30.5911479], [80.0338717, 30.5916924], [80.0347978, 30.592413], [80.0357424, 30.5931017], [80.036335, 30.593494], [80.0370759, 30.5940305], [80.0378908, 30.5945109], [80.0393169, 30.5951834], [80.0400114, 30.5954155], [80.0410579, 30.596048], [80.0417803, 30.5966805], [80.0425491, 30.5974733], [80.0427807, 30.5979979], [80.0427901, 30.5983102], [80.0426514, 30.5988109], [80.0424109, 30.5994357], [80.0423509, 30.6002006], [80.0421844, 30.6007013], [80.0420646, 30.602139], [80.0418753, 30.6036008], [80.0418107, 30.6043377], [80.0415332, 30.6052669], [80.0410428, 30.6062362], [80.0405708, 30.6070933], [80.0402099, 30.6076541], [80.0396361, 30.6086233], [80.0392751, 30.609088], [80.0388771, 30.6093964], [80.0384466, 30.6096849], [80.038141, 30.6098612], [80.037729, 30.6100214], [80.0369328, 30.61037], [80.0359143, 30.6107387], [80.0354143, 30.610879], [80.0347523, 30.6112235], [80.0341689, 30.6114039], [80.0333449, 30.6118085], [80.0327107, 30.6122051], [80.0318774, 30.6127699], [80.0313497, 30.6130544], [80.0307525, 30.613451], [80.0302804, 30.6140798], [80.0299102, 30.6151611], [80.029753, 30.6157859], [80.0298086, 30.6162584], [80.0299569, 30.6164906], [80.0304941, 30.6169391], [80.0323095, 30.6181161], [80.0336247, 30.6190609], [80.0345787, 30.6196214], [80.035366, 30.6200937], [80.0359774, 30.62047], [80.0362831, 30.6208224], [80.0363388, 30.6212068], [80.0363668, 30.6219196], [80.0362836, 30.6224322], [80.0360614, 30.6228648], [80.0359505, 30.6235536], [80.0358024, 30.6239701], [80.0353674, 30.6247471], [80.0352991, 30.6248653], [80.0351587, 30.6249781], [80.034889, 30.6251661], [80.033923, 30.6259741], [80.0328282, 30.6267681], [80.0314597, 30.6276596], [80.0303809, 30.6283422], [80.0301636, 30.6286626], [80.0301234, 30.6290177], [80.0302765, 30.6293519], [80.0308323, 30.6300829], [80.031968, 30.6316076], [80.0328378, 30.6324638], [80.0337802, 30.633334], [80.0339414, 30.6339467], [80.033684, 30.635033], [80.0332656, 30.6358965], [80.0327504, 30.6364815], [80.0319453, 30.6370665], [80.0301418, 30.6381253], [80.029224, 30.6385571], [80.028467, 30.6386687], [80.0268888, 30.6387386], [80.0255038, 30.6388781], [80.0237162, 30.6394493], [80.0221864, 30.6400692], [80.0212362, 30.6404384], [80.0211155, 30.640703], [80.0211477, 30.6408979], [80.0212525, 30.6412461], [80.0212606, 30.6416778], [80.021164, 30.6419145], [80.0206649, 30.6426805], [80.0203751, 30.6432097], [80.0202463, 30.6438364], [80.0200693, 30.6444352], [80.0196829, 30.6451106], [80.0184993, 30.6464337], [80.0180082, 30.6470952], [80.017509, 30.6477289], [80.0171385, 30.6478821], [80.0166956, 30.6480144], [80.0160756, 30.6480075], [80.0155884, 30.6481086], [80.0151616, 30.6482931], [80.0150247, 30.6485055], [80.0149442, 30.6489267], [80.0149362, 30.6492401], [80.0150651, 30.6500408], [80.0151297, 30.6508275], [80.0151298, 30.6515238], [80.0150896, 30.6522828], [80.0150977, 30.6527701], [80.0152428, 30.6534594], [80.0155247, 30.6541975], [80.015855, 30.65465], [80.0163464, 30.6555969], [80.0168136, 30.6564463], [80.0169748, 30.6570589], [80.0168621, 30.6578388], [80.0164758, 30.6594263], [80.0160571, 30.6605891], [80.0157109, 30.6614455], [80.0151956, 30.6623716], [80.0147446, 30.6631096], [80.0144548, 30.6638477], [80.0138911, 30.6650871], [80.0134563, 30.665658], [80.0131824, 30.6657416], [80.0103313, 30.6660203], [80.0088815, 30.666104], [80.0075767, 30.6663825], [80.0071257, 30.6665914], [80.0065619, 30.6671763], [80.006127, 30.6679004], [80.005966, 30.6684992], [80.0057888, 30.6691954], [80.0056116, 30.669641], [80.005225, 30.6701006], [80.0045324, 30.6705183], [80.0043713, 30.670769], [80.0036786, 30.6713956], [80.0032114, 30.6719387], [80.002696, 30.672252], [80.0022449, 30.6727046], [80.0019872, 30.6731432], [80.0014958, 30.6745148], [80.0011737, 30.6756427], [80.0007548, 30.6763668], [80.0001587, 30.6768402], [79.9996754, 30.6771883], [79.9988393, 30.6776253], [79.998583, 30.67776], [79.9984079, 30.677852], [79.9980572, 30.6780714], [79.9976762, 30.6783098], [79.9967318, 30.6790976], [79.9945998, 30.6808624], [79.9921675, 30.6821859], [79.9909063, 30.6828087], [79.9901255, 30.6833796], [79.9891946, 30.6843917], [79.9873626, 30.6867792], [79.986807, 30.6871555], [79.9850503, 30.6880637], [79.9834736, 30.6888291], [79.9831283, 30.6891016], [79.982903, 30.6894389], [79.982933, 30.6898282], [79.9835185, 30.6903733], [79.9843742, 30.6910222], [79.9848096, 30.691684], [79.9851548, 30.6927091], [79.9850796, 30.6934747], [79.9846891, 30.6943181], [79.9839983, 30.6951615], [79.9832174, 30.6960373], [79.9828945, 30.6963682], [79.9826692, 30.696978], [79.9828492, 30.6982886], [79.9834196, 30.6997939], [79.9833445, 30.7003648], [79.9828188, 30.7010265], [79.9818426, 30.702324], [79.9802054, 30.7050033], [79.9799049, 30.7056391], [79.9796195, 30.7063203], [79.9794805, 30.7072091], [79.9794813, 30.7092952], [79.9797428, 30.7096875], [79.9802684, 30.709947], [79.9807339, 30.710012], [79.9819053, 30.7098175], [79.9830461, 30.7093377], [79.9830467, 30.7093375], [79.9837674, 30.7087668], [79.9837676, 30.7087666], [79.9842932, 30.7085331], [79.9847737, 30.7084813], [79.9851942, 30.7086111], [79.98599, 30.7093507], [79.9863504, 30.7100385], [79.9881072, 30.7120498], [79.9907801, 30.7145413], [79.9922818, 30.7156443], [79.9923129, 30.7156711], [79.9935733, 30.7167602], [79.994129, 30.7170651], [79.9952778, 30.7174999], [79.9965243, 30.7181551], [79.9975243, 30.7183998], [79.9984086, 30.7185191], [79.999121, 30.7186067], [79.9995609, 30.7186287], [79.9996814, 30.7186205], [79.9997826, 30.7186135], [79.999885, 30.7186191], [80.0030114, 30.7199348], [80.0041154, 30.7204499], [80.0047036, 30.7207492], [80.0050904, 30.7210834], [80.0058076, 30.7219466], [80.0063556, 30.7224269], [80.0074727, 30.7232733], [80.007798, 30.7235198], [80.0089987, 30.7242298], [80.0100222, 30.7246336], [80.0115532, 30.7250929], [80.0125686, 30.7254688], [80.0131408, 30.7258168], [80.0138903, 30.7262692], [80.0146317, 30.7268539], [80.0151152, 30.7271393], [80.015631, 30.7273342], [80.016324, 30.7273898], [80.0170815, 30.7274315], [80.017839, 30.7275428], [80.018516, 30.7278351], [80.0191526, 30.7281901], [80.019612, 30.7285242], [80.0203535, 30.7291158], [80.0207323, 30.729436], [80.0211434, 30.7299859], [80.0215222, 30.7305497], [80.0221267, 30.7311483], [80.0224451, 30.7313467], [80.0229085, 30.7315102], [80.0233598, 30.7316772], [80.0238031, 30.7320391], [80.0240409, 30.7322758], [80.0244197, 30.7327491], [80.0249114, 30.7334591], [80.0250914, 30.7337279], [80.0252097, 30.7339046], [80.0256691, 30.7343361], [80.0263139, 30.7343638], [80.0270633, 30.7344542], [80.0277161, 30.7344959], [80.0285945, 30.7343426], [80.0291666, 30.7341615], [80.0302625, 30.733855], [80.0311651, 30.7335903], [80.0319628, 30.7334022], [80.032672, 30.7333463], [80.033357, 30.7333323], [80.0341547, 30.7331929], [80.0350331, 30.7330117], [80.0356859, 30.7330463], [80.0364917, 30.7330183], [80.037346, 30.7331922], [80.0380391, 30.7332338], [80.0389013, 30.7330177], [80.0397393, 30.7328087], [80.0401906, 30.7328295], [80.040513, 30.7328851], [80.0410126, 30.7329824], [80.0414801, 30.7330937], [80.0418991, 30.7330936], [80.0425438, 30.7329403], [80.0433174, 30.7328565], [80.0442521, 30.7327031], [80.0453641, 30.7322851], [80.0463471, 30.7319507], [80.0472818, 30.7315188], [80.0477805, 30.7312546], [80.0477805, 30.7312545], [80.0477813, 30.7312541], [80.0484903, 30.7309615], [80.0491027, 30.73085], [80.0493732, 30.7307811], [80.0496507, 30.7307106], [80.0508593, 30.73039], [80.0523412, 30.7297214], [80.0523418, 30.7297212], [80.0533246, 30.7290804], [80.0543551, 30.7285514], [80.0543559, 30.728551], [80.055919, 30.7281885], [80.0565315, 30.7281326], [80.0583203, 30.7279649], [80.0587877, 30.7279995], [80.0592391, 30.7281038], [80.0596582, 30.7282254], [80.060174, 30.7283993], [80.0604802, 30.7284548], [80.0608187, 30.7284895], [80.0614553, 30.7284475], [80.0621966, 30.7283707], [80.0630508, 30.7284051], [80.0640662, 30.7284395], [80.0648076, 30.7284601], [80.0655087, 30.7285225], [80.0659761, 30.7285154], [80.066234, 30.7285083], [80.0664596, 30.7284386], [80.0666368, 30.7284246], [80.0669028, 30.7284245], [80.0674024, 30.7285078], [80.067878, 30.7286886], [80.0688694, 30.7290432], [80.0691918, 30.7291545], [80.0696673, 30.7292169], [80.0702071, 30.7291471], [80.0708187, 30.728813], [80.0708194, 30.7288127], [80.0715848, 30.7285478], [80.0721247, 30.7284919], [80.0727935, 30.7285264], [80.0731482, 30.7286097], [80.0736398, 30.7287209], [80.073938, 30.7287277], [80.0743328, 30.7287136], [80.0748082, 30.7286995], [80.0750984, 30.728755], [80.0754047, 30.7289081], [80.0759529, 30.7292211], [80.076372, 30.7293114], [80.0773309, 30.7292274], [80.0777096, 30.729255], [80.0779272, 30.7293037], [80.0787089, 30.7292337], [80.0794583, 30.7292472], [80.0804012, 30.7292746], [80.0809652, 30.7291629], [80.0814646, 30.7290444], [80.0814647, 30.7290444], [80.0820199, 30.7287312], [80.0820206, 30.7287308], [80.0828101, 30.7284589], [80.084083, 30.7279849], [80.0853881, 30.7274621], [80.0859359, 30.7272112], [80.0862985, 30.7271483], [80.0864274, 30.727197], [80.0866129, 30.727357], [80.0868347, 30.7275901], [80.0869597, 30.7277223], [80.0872176, 30.7278022], [80.0875237, 30.7277951], [80.0875238, 30.7277951], [80.0877252, 30.7276732], [80.0882325, 30.7271508], [80.0886592, 30.7266632], [80.0889652, 30.7264055], [80.0897221, 30.7256532], [80.09031, 30.7251865], [80.0908496, 30.7247406], [80.0914129, 30.7243021], [80.0914134, 30.7243017], [80.0918202, 30.7241971], [80.0924769, 30.7241062], [80.0929038, 30.7239076], [80.0931777, 30.7237769], [80.0935644, 30.723667], [80.0943378, 30.723449], [80.0946842, 30.7233827], [80.0951114, 30.7234555], [80.0959817, 30.7235734], [80.0968683, 30.7238234], [80.0976057, 30.723917], [80.0982505, 30.724108], [80.0988188, 30.7243009], [80.0992078, 30.724513], [80.0996612, 30.7247337], [80.1000441, 30.724864], [80.1004914, 30.7249995], [80.1006446, 30.7250829], [80.100685, 30.7251734], [80.1006528, 30.7253022], [80.1005402, 30.7255042], [80.1004537, 30.7256661], [80.1004518, 30.7258245], [80.1004923, 30.7260925], [80.1005851, 30.726256], [80.1007909, 30.7265796], [80.1010732, 30.7268648], [80.1014522, 30.7271987], [80.1017667, 30.7275327], [80.1019, 30.7278842], [80.1018964, 30.7284237], [80.1020382, 30.7293042], [80.1020386, 30.729795], [80.1019342, 30.7302197], [80.1018136, 30.7304948], [80.1014513, 30.7310032], [80.100779, 30.7316754], [80.1005858, 30.7318844], [80.1005093, 30.7320202], [80.1005094, 30.7321524], [80.1005781, 30.7323856], [80.1006429, 30.7326849], [80.1005786, 30.7329147], [80.1004398, 30.7331514], [80.1001159, 30.7338025], [80.0998988, 30.7343456], [80.0997301, 30.7350001], [80.099537, 30.7354179], [80.0991427, 30.7360516], [80.0986998, 30.7365775], [80.0973955, 30.7380715], [80.0967917, 30.7389142], [80.0962083, 30.7399553], [80.0958061, 30.7408918], [80.0955971, 30.7415672], [80.0955609, 30.7417586], [80.0955934, 30.7420162], [80.0956781, 30.7421901], [80.0958395, 30.7424128], [80.0962508, 30.7427258], [80.0969284, 30.7434981], [80.0970717, 30.7437678], [80.0971967, 30.7439696], [80.0972795, 30.7441662], [80.097316, 30.7443959], [80.0973061, 30.7446639], [80.0972338, 30.7449006], [80.0970124, 30.7452836], [80.0968152, 30.7455831], [80.0967228, 30.7459312], [80.0966869, 30.7463558], [80.0966731, 30.7468118], [80.0966532, 30.7470485], [80.0965647, 30.74724], [80.096307, 30.7475116], [80.0960049, 30.7477102], [80.0960044, 30.7477104], [80.0954006, 30.7479751], [80.0954004, 30.7479752], [80.0949335, 30.7483513], [80.0946799, 30.7487552], [80.0945043, 30.7491891], [80.0944137, 30.749413], [80.0942291, 30.749581], [80.0942285, 30.7495812], [80.0933718, 30.7498558], [80.093371, 30.7498562], [80.0927637, 30.7501718], [80.0923858, 30.7504572], [80.0922923, 30.7505278], [80.0921211, 30.7507329], [80.0920286, 30.7508437], [80.0918672, 30.7510369], [80.0915314, 30.7515214], [80.0912677, 30.7519019], [80.0907625, 30.7527154], [80.0905593, 30.7530426], [80.0900412, 30.7538207], [80.0897746, 30.754221], [80.089398, 30.7545819], [80.0888695, 30.7550885], [80.0882044, 30.7558239], [80.0875286, 30.7567761], [80.0872255, 30.7570658], [80.0871142, 30.7571721], [80.0869507, 30.7574978], [80.0867546, 30.7578885], [80.0867332, 30.7584351], [80.086674, 30.7594448], [80.0866685, 30.7595377], [80.0866847, 30.7599196], [80.0867129, 30.7605837], [80.086821, 30.7614556], [80.0868227, 30.7614695], [80.0867014, 30.7618856], [80.0865288, 30.762478], [80.0865178, 30.7626216], [80.0864747, 30.7631848], [80.0863115, 30.7638634], [80.0859624, 30.764696], [80.0859084, 30.7648248], [80.0857061, 30.7652272], [80.0853636, 30.7659088], [80.0848513, 30.7667949], [80.0842157, 30.7677334], [80.0841427, 30.7678413], [80.0838668, 30.7683071], [80.083456, 30.7690007], [80.0833149, 30.7701222], [80.0833655, 30.77079], [80.0834198, 30.771507], [80.083447, 30.7718655], [80.0834478, 30.7730151], [80.0834099, 30.7733726], [80.0833719, 30.7737313], [80.0835032, 30.7741365], [80.0835804, 30.7742716], [80.0838965, 30.7748242], [80.0843881, 30.7754647], [80.0847883, 30.7758099], [80.0853163, 30.7762652], [80.0865133, 30.7770637], [80.0870524, 30.7774234], [80.0875951, 30.7778554], [80.088472, 30.7785534], [80.0887305, 30.7788074], [80.0894113, 30.7794764], [80.0900648, 30.7805704], [80.0901083, 30.7806433], [80.0901653, 30.7807387], [80.0911376, 30.7820574], [80.0916292, 30.7826508], [80.0922736, 30.7832629], [80.0924464, 30.7833966], [80.0931254, 30.783922], [80.0933716, 30.7840344], [80.0940535, 30.7843456], [80.0953745, 30.7847971], [80.0960734, 30.7853244], [80.0967729, 30.7857318], [80.0968815, 30.7857951], [80.0979516, 30.7863975], [80.0979974, 30.7864189], [80.098393, 30.7866036], [80.0984603, 30.786635], [80.0986289, 30.7867137], [80.0986333, 30.7867158], [80.0987152, 30.786754], [80.0987349, 30.7867632], [80.0988395, 30.786812], [80.0988548, 30.7868192], [80.0989463, 30.7868619], [80.0989734, 30.7868746], [80.0989998, 30.7868869], [80.0990109, 30.7868919], [80.0990135, 30.786893], [80.0991378, 30.7869487], [80.0991494, 30.7869539], [80.0992677, 30.7870068], [80.0992836, 30.7870139], [80.0994121, 30.7870714], [80.0994141, 30.7870723], [80.0995215, 30.7871204], [80.099552, 30.7871341], [80.0996294, 30.7871687], [80.0996541, 30.7871798], [80.0997464, 30.7872211], [80.099775, 30.7872339], [80.0997954, 30.787243], [80.0998007, 30.7872454], [80.0998693, 30.7872761], [80.099955, 30.7873145], [80.0999883, 30.7873294], [80.1001109, 30.7873842], [80.0957134, 30.7908878], [80.0924719, 30.792048], [80.0890073, 30.7940769], [80.0878644, 30.7957184], [80.087049, 30.796626], [80.086431, 30.798154], [80.086041, 30.799488], [80.085456, 30.800724], [80.084838, 30.801862], [80.084545, 30.803717], [80.084252, 30.804985], [80.083504, 30.806481], [80.082463, 30.807685], [80.081812, 30.8084], [80.080577, 30.809767], [80.079601, 30.81123], [80.079048, 30.812629], [80.078072, 30.814808], [80.077617, 30.815329], [80.076478, 30.815947], [80.076023, 30.816565], [80.07547, 30.817378], [80.074949, 30.818484], [80.074657, 30.81933], [80.074331, 30.820045], [80.074006, 30.820566], [80.073095, 30.821021], [80.071762, 30.821509], [80.071209, 30.821769], [80.070168, 30.822452], [80.068932, 30.823591], [80.067988, 30.824469], [80.066655, 30.825607], [80.063955, 30.827819], [80.061385, 30.830096], [80.057287, 30.833707], [80.057287, 30.834617], [80.057124, 30.835073], [80.056474, 30.835593], [80.055595, 30.836146], [80.054945, 30.837024], [80.054327, 30.838065], [80.054002, 30.838813], [80.052863, 30.839529], [80.051465, 30.840537], [80.050229, 30.84122], [80.049285, 30.84122], [80.048732, 30.840993], [80.048277, 30.840212], [80.047724, 30.839464], [80.046586, 30.838846], [80.044992, 30.837968], [80.043008, 30.836894], [80.042194, 30.836927], [80.041251, 30.837187], [80.040373, 30.837577], [80.039007, 30.83826], [80.037966, 30.838944], [80.036632, 30.84018], [80.035168, 30.841383], [80.03364, 30.840505], [80.032956, 30.84044], [80.031916, 30.84083], [80.03068, 30.841643], [80.029574, 30.842554], [80.028891, 30.843432], [80.028077, 30.845189], [80.027199, 30.846848], [80.025833, 30.849157], [80.024285, 30.849317], [80.02314, 30.849933], [80.021621, 30.850726], [80.020124, 30.851738], [80.018892, 30.852795], [80.018275, 30.853389], [80.017174, 30.854424], [80.016382, 30.85515], [80.015898, 30.85559], [80.015325, 30.856669], [80.014731, 30.85733], [80.013983, 30.857858], [80.013653, 30.858276], [80.013256, 30.859223], [80.012662, 30.860235], [80.011297, 30.861842], [80.0098, 30.863317], [80.009118, 30.864109], [80.008722, 30.865078], [80.008171, 30.866245], [80.00689, 30.865506], [80.006304, 30.865506], [80.004548, 30.865994], [80.003051, 30.866417], [80.001718, 30.866352], [80.000514, 30.866287], [79.999311, 30.865929], [79.998107, 30.865734], [79.996644, 30.865864], [79.99531, 30.867003], [79.994985, 30.867621], [79.99492, 30.868726], [79.995115, 30.869605], [79.994854, 30.870255], [79.994009, 30.872109], [79.993358, 30.873475], [79.992122, 30.874614], [79.98978, 30.876143], [79.988707, 30.876923], [79.987471, 30.877379], [79.9854776, 30.8771836], [79.9845889, 30.8776831], [79.9838623, 30.8785574], [79.982364, 30.878322], [79.980543, 30.878062], [79.979339, 30.878257], [79.97781, 30.87855], [79.976346, 30.879135], [79.97485, 30.879395], [79.972867, 30.879434], [79.970656, 30.880052], [79.968964, 30.880605], [79.967435, 30.881483], [79.965711, 30.882621], [79.964508, 30.883532], [79.963922, 30.884671], [79.963207, 30.885972], [79.962361, 30.887468], [79.961515, 30.888541], [79.960409, 30.887956], [79.958263, 30.886655], [79.957189, 30.886004], [79.955303, 30.885224], [79.953741, 30.884605], [79.951757, 30.883792], [79.950196, 30.883142], [79.94883, 30.882817], [79.948081, 30.882751], [79.947301, 30.882979], [79.94652, 30.883272], [79.945252, 30.88363], [79.944211, 30.883792], [79.943333, 30.883825], [79.942032, 30.884215], [79.939787, 30.883988], [79.938811, 30.882784], [79.938063, 30.882133], [79.936339, 30.880735], [79.935103, 30.879629], [79.93403, 30.879206], [79.932501, 30.879954], [79.930972, 30.88054], [79.928858, 30.882589], [79.928175, 30.88428], [79.927459, 30.886329], [79.926971, 30.887891], [79.926484, 30.889647], [79.925833, 30.890395], [79.92502, 30.891144], [79.924369, 30.892054], [79.923816, 30.893258], [79.923296, 30.894071], [79.922515, 30.894721], [79.921149, 30.895665], [79.920401, 30.896543], [79.919848, 30.897551], [79.91949, 30.898657], [79.918905, 30.899373], [79.917961, 30.900088], [79.917018, 30.901097], [79.916335, 30.902138], [79.915749, 30.903374], [79.914871, 30.904903], [79.914221, 30.906204], [79.913603, 30.907082], [79.91292, 30.907797], [79.912529, 30.908936], [79.911879, 30.91105], [79.910805, 30.912026], [79.909699, 30.913197], [79.908398, 30.914693], [79.906121, 30.914563], [79.905048, 30.914531], [79.903975, 30.914791], [79.902966, 30.915181], [79.901958, 30.915669], [79.90095, 30.916287], [79.899714, 30.916255], [79.898543, 30.916352], [79.897469, 30.91671], [79.896786, 30.916677], [79.895843, 30.916645], [79.895095, 30.916873], [79.894444, 30.91736], [79.892655, 30.9171], [79.891419, 30.916905], [79.890281, 30.916938], [79.888784, 30.917653], [79.888687, 30.918141], [79.888557, 30.919312], [79.888361, 30.921166], [79.888134, 30.922825], [79.887613, 30.924451], [79.887191, 30.926175], [79.886833, 30.928257], [79.886605, 30.930014], [79.886735, 30.931705], [79.886996, 30.933299], [79.887353, 30.934372], [79.887874, 30.935446], [79.888427, 30.936649], [79.888589, 30.937365], [79.888404, 30.937885], [79.886924, 30.93909], [79.885609, 30.939602], [79.884696, 30.939638], [79.883782, 30.939803], [79.884019, 30.940661], [79.884275, 30.94247], [79.88422, 30.943876], [79.883946, 30.944863], [79.883398, 30.945922], [79.882577, 30.947329], [79.8817, 30.948662], [79.881974, 30.9491], [79.882668, 30.950251], [79.882905, 30.951292], [79.882851, 30.952297], [79.882613, 30.952918], [79.882311, 30.953198], [79.882148, 30.955117], [79.88166, 30.955768], [79.88101, 30.956549], [79.880619, 30.956549], [79.880261, 30.956516], [79.879839, 30.956516], [79.879286, 30.956841], [79.878824, 30.957208], [79.878399, 30.957876], [79.87822, 30.958578], [79.878122, 30.959214], [79.877973, 30.960723], [79.877939, 30.962572], [79.877267, 30.96432], [79.876393, 30.965766], [79.8752524, 30.9667387], [79.875014, 30.966942], [79.873939, 30.967615], [79.872829, 30.968052], [79.871686, 30.968556], [79.870779, 30.968959], [79.869299, 30.9698], [79.867854, 30.970741], [79.866846, 30.971279], [79.866039, 30.971783], [79.864694, 30.97222], [79.863686, 30.972455], [79.862778, 30.97259], [79.862139, 30.972892], [79.861635, 30.973464], [79.860996, 30.973598], [79.85982, 30.974035], [79.858811, 30.974472], [79.858071, 30.974909], [79.857466, 30.975481], [79.857231, 30.975582], [79.856256, 30.975817], [79.855718, 30.975884], [79.854844, 30.975683], [79.854105, 30.975246], [79.85313, 30.974573], [79.850507, 30.97296], [79.849903, 30.972825], [79.848591, 30.972993], [79.847314, 30.973195], [79.846205, 30.973632], [79.845297, 30.973968], [79.844524, 30.973901], [79.843851, 30.973632], [79.842708, 30.973329], [79.841162, 30.972724], [79.839515, 30.971682], [79.837733, 30.971144], [79.837061, 30.971447], [79.835581, 30.972018], [79.834607, 30.972321], [79.833531, 30.972321], [79.832926, 30.972455], [79.831884, 30.973397], [79.830942, 30.973094], [79.829799, 30.97296], [79.828219, 30.972792], [79.827413, 30.972623], [79.826404, 30.972086], [79.824622, 30.972186], [79.822975, 30.971817], [79.821361, 30.971548], [79.819714, 30.97148], [79.818168, 30.971447], [79.816588, 30.971682], [79.815646, 30.972086], [79.814739, 30.97259], [79.814134, 30.973262], [79.813562, 30.974136], [79.81326, 30.974909], [79.813125, 30.97575], [79.812554, 30.976859], [79.812083, 30.97733], [79.811411, 30.977834], [79.8101, 30.978271], [79.809091, 30.978809], [79.808217, 30.980288], [79.807141, 30.979683], [79.806099, 30.979347], [79.803712, 30.977901], [79.801931, 30.9777], [79.799914, 30.977666], [79.798367, 30.97817], [79.797392, 30.97854], [79.796417, 30.979246], [79.795274, 30.980019], [79.794468, 30.980793], [79.79393, 30.981667], [79.793594, 30.982877], [79.793358, 30.984255], [79.793022, 30.985633], [79.792081, 30.986171], [79.789627, 30.986642], [79.786265, 30.98681], [79.783542, 30.986709], [79.782197, 30.986709], [79.780617, 30.986642], [79.779777, 30.986306], [79.778802, 30.986272], [79.777356, 30.986239], [79.776213, 30.986239], [79.775642, 30.986541], [79.775003, 30.987079], [79.774566, 30.987785], [79.774264, 30.988356], [79.773558, 30.988592], [79.772583, 30.988827], [79.77181, 30.98923], [79.77023, 30.990037], [79.769524, 30.990441], [79.768784, 30.990911], [79.768112, 30.991516], [79.767406, 30.992088], [79.766632, 30.992996], [79.76596, 30.99387], [79.765557, 30.994643], [79.765221, 30.995214], [79.764918, 30.995954], [79.764683, 30.996156], [79.76391, 30.996593], [79.763405, 30.996929], [79.762968, 30.9975], [79.762666, 30.998206], [79.762565, 30.999013], [79.762531, 30.999887], [79.762296, 30.99982], [79.761288, 30.999753], [79.760346, 30.999786], [79.758934, 31.000055], [79.757993, 31.000425], [79.757052, 31.000996], [79.756077, 31.001871], [79.754833, 31.003047], [79.753757, 31.004224], [79.752312, 31.005804], [79.751135, 31.004862], [79.749488, 31.003585], [79.748479, 31.00261], [79.748177, 31.002106], [79.748009, 31.001097], [79.747941, 31.000223], [79.747874, 30.99982], [79.747471, 30.998879], [79.747134, 30.997904], [79.746664, 30.996828], [79.746328, 30.996189], [79.74579, 30.995483], [79.745454, 30.994744], [79.74495, 30.994172], [79.744411, 30.993399], [79.744008, 30.992827], [79.743168, 30.992054], [79.74263, 30.991315], [79.742159, 30.990474], [79.741655, 30.988894], [79.740647, 30.986676], [79.740008, 30.985566], [79.739537, 30.98449], [79.739134, 30.98328], [79.738764, 30.982574], [79.73826, 30.981902], [79.737016, 30.980759], [79.735974, 30.980019], [79.734932, 30.979515], [79.733015, 30.978977], [79.731133, 30.978675], [79.729149, 30.978473], [79.727637, 30.978204], [79.725687, 30.977901], [79.725115, 30.977599], [79.723872, 30.976926], [79.722627, 30.976523], [79.720342, 30.976321], [79.718694, 30.975683], [79.716577, 30.974674], [79.715809, 30.975014], [79.714552, 30.975585], [79.713068, 30.976042], [79.710726, 30.976785], [79.707585, 30.976042], [79.705587, 30.975186], [79.703531, 30.974101], [79.700733, 30.970731], [79.698848, 30.971017], [79.69742, 30.97136], [79.696507, 30.971931], [79.695479, 30.972844], [79.694051, 30.973073], [79.692623, 30.973244], [79.689425, 30.974386], [79.687027, 30.975357], [79.684057, 30.977299], [79.681716, 30.978612], [79.678918, 30.97964], [79.677204, 30.980668], [79.674578, 30.982438], [79.67315, 30.982438], [79.670637, 30.982495], [79.668353, 30.982724], [79.665555, 30.982895], [79.664469, 30.980782], [79.663613, 30.978783], [79.663099, 30.976499], [79.662985, 30.974786], [79.662985, 30.971874], [79.663499, 30.970846], [79.664241, 30.969818], [79.66544, 30.968733], [79.665783, 30.968047], [79.665783, 30.967248], [79.665497, 30.966734], [79.664355, 30.965706], [79.663156, 30.96445], [79.660986, 30.964792], [79.658073, 30.963193], [79.656417, 30.962565], [79.655732, 30.962394], [79.65419, 30.962108], [79.65202, 30.96148], [79.649051, 30.960452], [79.647908, 30.959938], [79.646138, 30.958282], [79.645225, 30.957711], [79.643283, 30.957254], [79.641969, 30.957083], [79.640999, 30.956683], [79.639, 30.95537], [79.637287, 30.954113], [79.635117, 30.953085], [79.632889, 30.952457], [79.630548, 30.951886], [79.628378, 30.9516], [79.625808, 30.951087], [79.623923, 30.950915], [79.621639, 30.950858], [79.620155, 30.950915], [79.617699, 30.948745], [79.616899, 30.947603], [79.616614, 30.946118], [79.614712, 30.943851], [79.613054, 30.943201], [79.611297, 30.942778], [79.609769, 30.942453], [79.608272, 30.94229], [79.607296, 30.941867], [79.605897, 30.940794], [79.604679, 30.940236], [79.60268, 30.939722], [79.600909, 30.938809], [79.599938, 30.939323], [79.598682, 30.940293], [79.597826, 30.941093], [79.596595, 30.941477], [79.595424, 30.941835], [79.593236, 30.942883], [79.591591, 30.944045], [79.589268, 30.946174], [79.58772, 30.947335], [79.586365, 30.947722], [79.5850213, 30.9478909], [79.5829681, 30.9482094], [79.5813231, 30.9486718], [79.5791285, 30.9489048], [79.5764342, 30.9493657], [79.5732807, 30.9496091], [79.5711076, 30.9496643], [79.5685212, 30.9502], [79.56759, 30.9516086], [79.5669535, 30.9535268], [79.5658479, 30.9552247], [79.5650576, 30.9557477], [79.5629292, 30.9561223], [79.5602858, 30.9563594], [79.558398, 30.956238], [79.557527, 30.956722], [79.556366, 30.956915], [79.555011, 30.957012], [79.553249, 30.957382], [79.552631, 30.957968], [79.552143, 30.958878], [79.551557, 30.959887], [79.551297, 30.961058], [79.551069, 30.962229], [79.550972, 30.963139], [79.550777, 30.964375], [79.550451, 30.965124], [79.549342, 30.965991], [79.548599, 30.966448], [79.547971, 30.967077], [79.547514, 30.967762], [79.546886, 30.968676], [79.546544, 30.969361], [79.54619, 30.970003], [79.54593, 30.970425], [79.545052, 30.971109], [79.544434, 30.971434], [79.543523, 30.971727], [79.542352, 30.972182], [79.541409, 30.972735], [79.541084, 30.973255], [79.540921, 30.973776], [79.540824, 30.974231], [79.540205, 30.974589], [79.540205, 30.975109], [79.540075, 30.975239], [79.53936, 30.975923], [79.539295, 30.977874], [79.538644, 30.978557], [79.538254, 30.980346], [79.537148, 30.981159], [79.534037, 30.982781], [79.5315008, 30.9847859], [79.5301963, 30.9871842], [79.5300661, 30.9888344], [79.527455, 30.989747], [79.524137, 30.9903], [79.522706, 30.990332], [79.521697, 30.992642], [79.521047, 30.993064], [79.520104, 30.993747], [79.519583, 30.994268], [79.519193, 30.994788], [79.5189, 30.995471], [79.518119, 30.996057], [79.517306, 30.996415], [79.516753, 30.996707], [79.516038, 30.997456], [79.516331, 30.998009], [79.516558, 30.998496], [79.516688, 30.999147], [79.516688, 30.999765], [79.516884, 31.00022], [79.517241, 31.000741], [79.517696, 31.001424], [79.518347, 31.002205], [79.518867, 31.002985], [79.519258, 31.003636], [79.519518, 31.004416], [79.519616, 31.004969], [79.519518, 31.005522], [79.51929, 31.006108], [79.518802, 31.006628], [79.517989, 31.007246], [79.517339, 31.008287], [79.516884, 31.009165], [79.516558, 31.010401], [79.516363, 31.012516], [79.514216, 31.013459], [79.512232, 31.014272], [79.510541, 31.014825], [79.509077, 31.015118], [79.508459, 31.01733], [79.507873, 31.018858], [79.507613, 31.021005], [79.507938, 31.021721], [79.508556, 31.022339], [79.509402, 31.023282], [79.509988, 31.024486], [79.50989, 31.025527], [79.509435, 31.026405], [79.508524, 31.027673], [79.506865, 31.03239], [79.505662, 31.03239], [79.505304, 31.03239], [79.5043672, 31.0325774], [79.5030688, 31.0327493], [79.502246, 31.032715], [79.501303, 31.032487], [79.500457, 31.032162], [79.500002, 31.031642], [79.498213, 31.030796], [79.497172, 31.031121], [79.495838, 31.031316], [79.494179, 31.031219], [79.492098, 31.031251], [79.490244, 31.031479], [79.488455, 31.031804], [79.486958, 31.032195], [79.485495, 31.032683], [79.484454, 31.033268], [79.483478, 31.033984], [79.481982, 31.033723], [79.48068, 31.033431], [79.47964, 31.033073], [79.478566, 31.03304], [79.477721, 31.03317], [79.476322, 31.033756], [79.475411, 31.034179], [79.4745, 31.034407], [79.473427, 31.034569], [79.472549, 31.034699], [79.471443, 31.034764], [79.470662, 31.034472], [79.470109, 31.034049], [79.469459, 31.033496], [79.468548, 31.033138], [79.46767, 31.032813], [79.466206, 31.032325], [79.46523, 31.032065], [79.464189, 31.031804], [79.462856, 31.031577], [79.461717, 31.031414], [79.460676, 31.031089], [79.459766, 31.031024], [79.459115, 31.031154], [79.458074, 31.031219], [79.456578, 31.031089], [79.455537, 31.030991], [79.453911, 31.030601], [79.45287, 31.030276], [79.451666, 31.029625], [79.450593, 31.029039], [79.449389, 31.028682], [79.447926, 31.028389], [79.447112, 31.028064], [79.446592, 31.027771], [79.445876, 31.027283], [79.4449, 31.026925], [79.44386, 31.026535], [79.443046, 31.02608], [79.441192, 31.024909], [79.439729, 31.024095], [79.438818, 31.023705], [79.437582, 31.023477], [79.436118, 31.023054], [79.434297, 31.022762], [79.431922, 31.022534], [79.430686, 31.022501], [79.429255, 31.022501], [79.428409, 31.022599], [79.427466, 31.022924], [79.427108, 31.023282], [79.427011, 31.023835], [79.426815, 31.024648], [79.426653, 31.025364], [79.426263, 31.026112], [79.425905, 31.026958], [79.425059, 31.028129], [79.424766, 31.028714], [79.424376, 31.029495], [79.424343, 31.030243], [79.424343, 31.030731], [79.424181, 31.031739], [79.423888, 31.033138], [79.42353, 31.034341], [79.423075, 31.03535], [79.422587, 31.036196], [79.421806, 31.037074], [79.421286, 31.037919], [79.421058, 31.039123], [79.42083, 31.039969], [79.420538, 31.040619], [79.420017, 31.041693], [79.419464, 31.042636], [79.419562, 31.043417], [79.419659, 31.04423], [79.419757, 31.044913], [79.419692, 31.045921], [79.419446, 31.047343], [79.418578, 31.048996], [79.420107, 31.05102], [79.420892, 31.053045], [79.420892, 31.055565], [79.420644, 31.05821], [79.41957, 31.06292], [79.418289, 31.065606], [79.417669, 31.066721], [79.416512, 31.068126], [79.4147938, 31.0697322], [79.412382, 31.0723409], [79.41143, 31.072093], [79.409738, 31.071335], [79.408615, 31.070642], [79.406865, 31.070047], [79.403562, 31.068627], [79.402572, 31.068495], [79.400854, 31.068495], [79.398477, 31.068793], [79.397321, 31.069057], [79.396264, 31.06942], [79.395504, 31.069585], [79.39491, 31.069486], [79.39273, 31.068528], [79.391674, 31.068297], [79.390386, 31.068297], [79.38923, 31.068363], [79.388834, 31.068], [79.387248, 31.065556], [79.386324, 31.064532], [79.38454, 31.062815], [79.385003, 31.061197], [79.385168, 31.05981], [79.385135, 31.058819], [79.384937, 31.057465], [79.38454, 31.055352], [79.383352, 31.055286], [79.381866, 31.05479], [79.380809, 31.054196], [79.377671, 31.053634], [79.37635, 31.0537], [79.375954, 31.052974], [79.375392, 31.052445], [79.374171, 31.05162], [79.371991, 31.049572], [79.370703, 31.047954], [79.369977, 31.0466], [79.369415, 31.045213], [79.368424, 31.041547], [79.367863, 31.039962], [79.367334, 31.039137], [79.366839, 31.038641], [79.36608, 31.038113], [79.362351, 31.03611], [79.360995, 31.036055], [79.360265, 31.036134], [79.359506, 31.035308], [79.358614, 31.034615], [79.356368, 31.033492], [79.35551, 31.032963], [79.354684, 31.032237], [79.353825, 31.031345], [79.353495, 31.03085], [79.352042, 31.030784], [79.349763, 31.031081], [79.348376, 31.03118], [79.345734, 31.03151], [79.343158, 31.031642], [79.342894, 31.03151], [79.342366, 31.030553], [79.341309, 31.029562], [79.340648, 31.029199], [79.340087, 31.029], [79.338403, 31.028868], [79.33794, 31.028604], [79.337181, 31.027679], [79.336752, 31.027349], [79.336124, 31.027151], [79.335265, 31.026986], [79.334968, 31.027118], [79.33368, 31.027085], [79.331203, 31.026854], [79.329057, 31.02659], [79.328462, 31.026259], [79.324004, 31.026028], [79.322716, 31.025863], [79.322155, 31.024905], [79.321428, 31.024014], [79.320537, 31.023221], [79.319645, 31.02266], [79.319017, 31.021834], [79.318324, 31.021207], [79.31763, 31.020414], [79.316045, 31.019159], [79.314493, 31.017673], [79.313568, 31.017046], [79.312314, 31.016352], [79.309539, 31.015196], [79.308681, 31.014569], [79.308582, 31.013578], [79.308417, 31.010176], [79.308152, 31.007435], [79.307954, 31.006346], [79.307723, 31.005421], [79.308681, 31.004826], [79.310068, 31.004133], [79.311389, 31.003671], [79.312578, 31.003142], [79.313833, 31.002812], [79.315187, 31.002284], [79.316574, 31.001656], [79.317663, 31.001392], [79.318885, 31.000897], [79.320702, 31.000401], [79.322287, 30.999906], [79.323839, 30.999642], [79.325391, 30.999443], [79.326778, 30.999179], [79.327901, 30.998849], [79.328727, 30.99842], [79.32942, 30.997627], [79.329915, 30.996702], [79.330147, 30.99591], [79.330543, 30.995514], [79.330939, 30.995018], [79.330972, 30.994589], [79.330774, 30.994226], [79.328826, 30.992773], [79.328, 30.991914], [79.327075, 30.990725], [79.326514, 30.989734], [79.326184, 30.989008], [79.32592, 30.988149], [79.325788, 30.987323], [79.325721, 30.986102], [79.325457, 30.985342], [79.324565, 30.984748], [79.323509, 30.983922], [79.322716, 30.983427], [79.323146, 30.982469], [79.323905, 30.981082], [79.324863, 30.979794], [79.326613, 30.977746], [79.327108, 30.976822], [79.327406, 30.975633], [79.328099, 30.975402], [79.328628, 30.974939], [79.328958, 30.974213], [79.32909, 30.973222], [79.329024, 30.971108], [79.329255, 30.970712], [79.329387, 30.970217], [79.329156, 30.968797], [79.329156, 30.9684], [79.328, 30.96774], [79.326745, 30.966947], [79.325688, 30.966155], [79.325094, 30.96556], [79.324698, 30.965065], [79.324268, 30.964008], [79.323476, 30.962687], [79.323211, 30.961994], [79.32123, 30.96097], [79.318753, 30.959781], [79.317861, 30.959187], [79.31697, 30.958757], [79.315781, 30.959021], [79.314757, 30.959187], [79.312908, 30.959187], [79.312247, 30.959253], [79.311488, 30.959451], [79.311059, 30.959649], [79.310728, 30.960342], [79.310299, 30.961036], [79.309903, 30.961564], [79.309275, 30.962027], [79.30802, 30.962456], [79.307029, 30.962918], [79.306138, 30.963216], [79.305444, 30.963348], [79.304817, 30.963414], [79.303826, 30.964041], [79.302703, 30.964669], [79.302142, 30.965395], [79.301778, 30.965725], [79.301217, 30.967212], [79.300755, 30.968202], [79.300391, 30.968235], [79.299995, 30.9684], [79.298972, 30.968367], [79.297816, 30.968566], [79.297386, 30.968599], [79.296891, 30.968533], [79.29557, 30.9685], [79.294678, 30.968235], [79.29306, 30.96807], [79.292268, 30.968103], [79.291607, 30.968202], [79.290881, 30.9684], [79.290451, 30.968433], [79.290154, 30.968235], [79.286092, 30.966551], [79.285497, 30.966419], [79.285035, 30.966419], [79.283946, 30.966023], [79.283615, 30.965098], [79.283186, 30.964272], [79.282756, 30.963216], [79.282492, 30.962753], [79.281898, 30.962786], [79.281468, 30.962588], [79.281171, 30.962225], [79.28061, 30.962126], [79.280313, 30.961895], [79.279619, 30.961795], [79.27876, 30.961762], [79.27777, 30.96163], [79.276944, 30.96163], [79.276218, 30.961465], [79.274699, 30.960805], [79.270768, 30.960045], [79.269745, 30.959649], [79.268259, 30.958922], [79.26707, 30.958097], [79.266112, 30.957271], [79.265121, 30.956313], [79.264263, 30.955686], [79.263008, 30.954662], [79.2660893, 30.9534775], [79.2682797, 30.9520375], [79.2704581, 30.9492163], [79.2715064, 30.9472016], [79.273575, 30.94521], [79.276015, 30.943186], [79.2766069, 30.9419819], [79.2785991, 30.9410781], [79.2806245, 30.939849], [79.2818088, 30.9383522], [79.2828956, 30.9367227], [79.2837807, 30.9349122], [79.2846246, 30.9328087], [79.284426, 30.9315589], [79.2834928, 30.9293208], [79.2824121, 30.9275774], [79.2809421, 30.9261593], [79.2802876, 30.9239741], [79.280063, 30.9230028], [79.280435, 30.9213643], [79.2805832, 30.9206238], [79.280653, 30.9202753], [79.2820239, 30.9179761], [79.2826746, 30.9169325], [79.2829026, 30.9152336], [79.2827495, 30.9134457], [79.2819333, 30.9122154], [79.2808677, 30.9113704], [79.2785402, 30.911046], [79.2755442, 30.9103423], [79.2736557, 30.9095711], [79.2717913, 30.908496], [79.2705299, 30.9072017], [79.2697919, 30.9059895], [79.2698187, 30.9050159], [79.2704802, 30.9038012], [79.2719113, 30.9024629], [79.2727385, 30.9015215], [79.2729541, 30.9002012], [79.2727826, 30.8994764], [79.2719209, 30.8987267], [79.2705855, 30.8976799], [79.2697916, 30.8965546], [79.2694918, 30.8952413], [79.2693154, 30.893061], [79.2695857, 30.8913551], [79.2703562, 30.8903637], [79.2715467, 30.8897687], [79.2729677, 30.8891573], [79.272958, 30.8881085], [79.2731724, 30.8865971], [79.2747642, 30.8856062], [79.2758123, 30.8838688], [79.2762399, 30.8816782], [79.2771066, 30.8787951], [79.2772342, 30.8775936], [79.2775646, 30.8771999], [79.2789487, 30.8762265], [79.2802266, 30.8753056], [79.278254, 30.8743446], [79.2766259, 30.8739492], [79.2745076, 30.8735246], [79.2734272, 30.8732436], [79.2729639, 30.8727039], [79.272446, 30.8713953], [79.2721539, 30.8703252], [79.2715747, 30.8695736], [79.2700417, 30.8691048], [79.2675845, 30.8687581], [79.2644653, 30.8680925], [79.259221, 30.8672135], [79.2588139, 30.8668539], [79.2583171, 30.8642776], [79.2578557, 30.8619602], [79.2562993, 30.8602559], [79.2547946, 30.8587026], [79.2547471, 30.8566934], [79.2541046, 30.8533428], [79.253141, 30.851167], [79.2522594, 30.8496039], [79.2512062, 30.847746], [79.2508321, 30.8454597], [79.2505815, 30.8427775], [79.2502473, 30.8420777], [79.2473419, 30.8419818], [79.244939, 30.8420157], [79.2416365, 30.8419603], [79.2402576, 30.8412037], [79.2381152, 30.839789], [79.2358262, 30.8385909], [79.2369151, 30.8363226], [79.2380492, 30.833977], [79.2392284, 30.8322092], [79.2396544, 30.8310294], [79.2399008, 30.8293024], [79.239921, 30.8275804], [79.2404586, 30.8249312], [79.2404519, 30.8237638], [79.2387299, 30.8232794], [79.2361249, 30.8226544], [79.2333507, 30.8215645], [79.230238, 30.820683], [79.2273546, 30.8195514], [79.2263288, 30.8186109], [79.2257958, 30.8170092], [79.2254527, 30.8151178], [79.2253238, 30.813233]]]}, "properties": {"place_id": 241389891, "osm_type": "relation", "osm_id": 9990705, "place_rank": 12, "category": "boundary", "type": "administrative", "importance": 0.24000999999999997, "addresstype": "county", "name": "Joshimath Tehsil", "display_name": "Joshimath Tehsil, Chamoli, Uttarakhand, India", "_source": "nominatim_osm", "_fetched_at": "2026-09-27T11:04:55.180739+00:00", "zone_id": "Z-UTTARAKHAND-JOSHIMATH-01"}}, {"type": "Feature", "geometry": {"type": "Polygon", "coordinates": [[[87.9872898, 27.1195069], [87.9873927, 27.1193843], [87.9882463, 27.1191746], [87.9884506, 27.1190384], [87.9884819, 27.118869], [87.988385, 27.1181093], [87.9884706, 27.1178019], [87.9890583, 27.1171773], [87.9891848, 27.1168763], [87.989273, 27.1165102], [87.9890676, 27.1160852], [87.9890326, 27.1158327], [87.9890693, 27.1155685], [87.9896114, 27.1144952], [87.989758, 27.1141016], [87.9897886, 27.1137765], [87.989512, 27.112718], [87.9895198, 27.1120997], [87.989654, 27.11181], [87.989916, 27.111576], [87.990555, 27.1111944], [87.9909068, 27.1107745], [87.99104, 27.1102975], [87.9910748, 27.10974], [87.9909512, 27.1091565], [87.9907174, 27.1085241], [87.9906741, 27.1077514], [87.9908064, 27.1065591], [87.991479, 27.1056109], [87.9930807, 27.1049787], [87.9933927, 27.1047689], [87.9944457, 27.1038883], [87.9948787, 27.1036776], [87.9951097, 27.1036422], [87.9972719, 27.1038885], [87.9980822, 27.1037158], [87.9986977, 27.1037543], [87.999152, 27.103882], [87.9994934, 27.1040691], [87.9998073, 27.1040193], [88.0002688, 27.1039462], [88.000593, 27.1040454], [88.0010194, 27.1045085], [88.0014923, 27.1050972], [88.0015943, 27.1051083], [88.0018491, 27.1051374], [88.0032679, 27.1046062], [88.0037327, 27.1039491], [88.0038682, 27.1037404], [88.0040631, 27.1035243], [88.0050734, 27.1031019], [88.0055224, 27.1027432], [88.0057571, 27.1025194], [88.0064706, 27.1020315], [88.0069216, 27.1018545], [88.0075286, 27.101505], [88.0080841, 27.1010385], [88.0082383, 27.1005996], [88.0083236, 27.100484], [88.0082932, 27.1003217], [88.0079656, 27.0997781], [88.0079485, 27.0994826], [88.0080609, 27.0992269], [88.0083871, 27.0989555], [88.0085449, 27.0987992], [88.0088307, 27.0986234], [88.0089656, 27.0984803], [88.0090597, 27.0985112], [88.0094173, 27.0983936], [88.0104717, 27.0983274], [88.0109122, 27.0978233], [88.0110987, 27.0977453], [88.0115856, 27.0976515], [88.0117355, 27.0975669], [88.0119199, 27.0973287], [88.012081, 27.0968831], [88.0123031, 27.095997], [88.0124505, 27.0956417], [88.012505, 27.0953255], [88.0124912, 27.0937845], [88.0132253, 27.0932129], [88.0134312, 27.0929159], [88.0135219, 27.092401], [88.0135736, 27.0919863], [88.0136433, 27.0917616], [88.0136979, 27.0914564], [88.013915, 27.0908637], [88.0143067, 27.0905473], [88.015158, 27.0901937], [88.0152501, 27.0900576], [88.0153678, 27.0896191], [88.0154671, 27.0894514], [88.0156836, 27.0887887], [88.0158324, 27.0885891], [88.0160258, 27.0885155], [88.0163488, 27.088547], [88.0166663, 27.0887433], [88.01691, 27.0887028], [88.017182, 27.0886358], [88.0175457, 27.0883646], [88.0181321, 27.0881167], [88.018688, 27.0878203], [88.0190536, 27.0875753], [88.0194903, 27.087509], [88.0200719, 27.087498], [88.0209652, 27.0878841], [88.0208636, 27.0869643], [88.0207074, 27.0863495], [88.0207087, 27.0857138], [88.0207264, 27.085316], [88.0206721, 27.0848155], [88.0208282, 27.0838238], [88.0207881, 27.0825967], [88.0205623, 27.0822261], [88.0202514, 27.0819916], [88.0197747, 27.0816091], [88.0192458, 27.0811053], [88.0186002, 27.0803699], [88.0184208, 27.080239], [88.0182683, 27.0801106], [88.0180345, 27.0796881], [88.018083, 27.0794756], [88.0180075, 27.0790701], [88.017584, 27.0783284], [88.0174393, 27.0781175], [88.016969, 27.0777419], [88.0161479, 27.0773129], [88.0159091, 27.0771787], [88.0160476, 27.076625], [88.0161813, 27.0763351], [88.0162572, 27.0760255], [88.0162645, 27.0752222], [88.0161712, 27.0744585], [88.0161241, 27.0739778], [88.0162442, 27.0737445], [88.0165007, 27.073466], [88.0168834, 27.0729498], [88.017316, 27.0724146], [88.0177971, 27.0716003], [88.0180652, 27.0711615], [88.0184102, 27.070428], [88.0186234, 27.0702554], [88.0189005, 27.0700905], [88.0193131, 27.0699881], [88.0197956, 27.0697997], [88.0200491, 27.0697392], [88.0209216, 27.0696562], [88.021071, 27.0694475], [88.0211545, 27.0690701], [88.0213346, 27.0687845], [88.0214424, 27.0683731], [88.0217068, 27.0678169], [88.0218414, 27.067593], [88.0218929, 27.0674783], [88.0221203, 27.0669738], [88.0222298, 27.0667017], [88.0226247, 27.0656186], [88.0228102, 27.0650916], [88.0228473, 27.064807], [88.0227733, 27.064503], [88.0225637, 27.0641774], [88.0224496, 27.0638217], [88.0224387, 27.0635239], [88.0224525, 27.0633095], [88.0226009, 27.0629971], [88.0228552, 27.0621333], [88.0231904, 27.0614427], [88.023629, 27.0608349], [88.0237673, 27.0603082], [88.024019, 27.0599995], [88.0243895, 27.059726], [88.0251536, 27.0590165], [88.0253968, 27.0587372], [88.0257467, 27.0579405], [88.0259179, 27.0575038], [88.025928, 27.0568787], [88.0258702, 27.0566242], [88.0259211, 27.0561184], [88.0258517, 27.0555226], [88.0257507, 27.0548471], [88.0258997, 27.0546745], [88.0262324, 27.0537064], [88.0265472, 27.0533409], [88.0267566, 27.0528114], [88.0268858, 27.0526773], [88.0271956, 27.0518403], [88.0274323, 27.0511865], [88.0276537, 27.0509502], [88.0283046, 27.0506115], [88.0286188, 27.0503249], [88.0287851, 27.0501071], [88.0288393, 27.0499059], [88.0287888, 27.0496197], [88.0288142, 27.0494323], [88.0289881, 27.0492257], [88.029176, 27.0491093], [88.0299517, 27.0489208], [88.0300514, 27.0487396], [88.0300883, 27.048358], [88.0300116, 27.0481036], [88.0300091, 27.0478261], [88.0302181, 27.0470507], [88.0303931, 27.0469705], [88.0308659, 27.0469354], [88.0311074, 27.0467531], [88.0313207, 27.0463815], [88.0317549, 27.0458459], [88.0321326, 27.0455263], [88.0324314, 27.0452182], [88.0325481, 27.0446916], [88.0326743, 27.0444425], [88.0330083, 27.0440407], [88.0333246, 27.0438376], [88.0334648, 27.0436673], [88.0338154, 27.0435745], [88.0341042, 27.0436268], [88.0344308, 27.0436377], [88.0348337, 27.0433978], [88.0349627, 27.0431148], [88.0350247, 27.0425232], [88.0352672, 27.0421548], [88.0353748, 27.0419588], [88.0358542, 27.0416214], [88.0360885, 27.0413399], [88.036261, 27.0407791], [88.0365277, 27.0403213], [88.0366011, 27.0401292], [88.0366507, 27.0399346], [88.0366111, 27.0393212], [88.0364884, 27.0388596], [88.0364599, 27.0384965], [88.0365679, 27.0382611], [88.0367942, 27.0380631], [88.0372577, 27.0378476], [88.0373747, 27.0376956], [88.0375079, 27.0374509], [88.0373528, 27.0371655], [88.037493, 27.0367855], [88.0378716, 27.0365232], [88.0383265, 27.0363235], [88.0391289, 27.0361822], [88.0395268, 27.0362312], [88.040053, 27.0363943], [88.0402399, 27.0364688], [88.0405887, 27.0366927], [88.0409603, 27.0366222], [88.0412297, 27.0364623], [88.0416524, 27.0363306], [88.0421985, 27.0363265], [88.0424612, 27.0363945], [88.0430542, 27.0367015], [88.0431854, 27.0367208], [88.0438982, 27.0370291], [88.0452526, 27.0369785], [88.0456338, 27.0368583], [88.0461769, 27.0363846], [88.0466417, 27.0360007], [88.0471994, 27.0356017], [88.0476719, 27.0351916], [88.0481105, 27.034969], [88.0483246, 27.0348731], [88.0492286, 27.0347206], [88.0496711, 27.0346874], [88.0503853, 27.0345945], [88.0508773, 27.0345111], [88.0511172, 27.0344326], [88.0514881, 27.0341311], [88.0518265, 27.0338112], [88.0519731, 27.0336726], [88.0521138, 27.0336005], [88.0523453, 27.0334819], [88.0526692, 27.0333448], [88.0530389, 27.0333043], [88.0535313, 27.0332504], [88.0540434, 27.0331179], [88.0541552, 27.0330416], [88.0542606, 27.0329696], [88.0547175, 27.0327992], [88.0548882, 27.0327558], [88.0552296, 27.0326691], [88.0555574, 27.0326467], [88.0557538, 27.0326155], [88.0561242, 27.0324773], [88.0562648, 27.032359], [88.0565264, 27.0323164], [88.0569381, 27.0321886], [88.0577246, 27.0319261], [88.0578806, 27.0317745], [88.0583858, 27.0313936], [88.0587328, 27.0310972], [88.0590515, 27.0301562], [88.0592084, 27.0294308], [88.0593383, 27.0293125], [88.0595565, 27.0292725], [88.0601597, 27.0295207], [88.0604111, 27.02953], [88.0622521, 27.0301231], [88.0627224, 27.0302369], [88.0629082, 27.0302355], [88.0639985, 27.0311658], [88.0643063, 27.0313485], [88.0651269, 27.0314709], [88.0661307, 27.0313731], [88.066774, 27.0312621], [88.0674411, 27.0313451], [88.0675185, 27.0314032], [88.0679887, 27.0314966], [88.0684538, 27.0314924], [88.0691575, 27.0314787], [88.0697606, 27.0317088], [88.0709915, 27.0325207], [88.0713896, 27.032987], [88.0720835, 27.033627], [88.0726763, 27.0338977], [88.0728418, 27.0340814], [88.0734237, 27.0343997], [88.0741941, 27.0346126], [88.0745633, 27.0347429], [88.0749021, 27.034799], [88.0751557, 27.0350896], [88.0754767, 27.0354805], [88.0758617, 27.0357619], [88.0763426, 27.0357875], [88.0765699, 27.0356579], [88.0769303, 27.0355281], [88.0772482, 27.0356339], [88.077487, 27.0355148], [88.0777356, 27.0352286], [88.0783857, 27.034637], [88.078887, 27.0343394], [88.0791563, 27.0341415], [88.0792096, 27.0339831], [88.0794594, 27.0338255], [88.0796099, 27.0335514], [88.0798385, 27.0333715], [88.0802615, 27.0329576], [88.080563, 27.0327115], [88.0806839, 27.0325618], [88.0812974, 27.0318462], [88.0818675, 27.0309416], [88.0821767, 27.0301473], [88.0825124, 27.0298108], [88.0828777, 27.0291537], [88.0830158, 27.0287803], [88.083067, 27.0283987], [88.0831081, 27.0280544], [88.0831861, 27.0272022], [88.0832225, 27.026421], [88.083496, 27.0253224], [88.0835713, 27.0251661], [88.0834997, 27.0245304], [88.0835057, 27.024078], [88.0834898, 27.0234949], [88.0835609, 27.0229641], [88.084173, 27.0219035], [88.0845092, 27.0216279], [88.0847463, 27.0212628], [88.0847433, 27.0209514], [88.0848815, 27.0205871], [88.0853793, 27.0200347], [88.0862434, 27.0190209], [88.0865816, 27.0186152], [88.0866528, 27.0185293], [88.0871182, 27.0180654], [88.087505, 27.0174262], [88.0876354, 27.0172988], [88.0878613, 27.0169451], [88.0883745, 27.0158266], [88.0884592, 27.0155326], [88.0885268, 27.0146409], [88.0885088, 27.0138874], [88.0884178, 27.0135273], [88.0883483, 27.0131058], [88.0881354, 27.012635], [88.0876565, 27.0116722], [88.0875791, 27.0114489], [88.0879807, 27.0112314], [88.0881427, 27.0110542], [88.0880077, 27.0106333], [88.0880811, 27.0102808], [88.0883175, 27.0098801], [88.0886082, 27.0094261], [88.0885949, 27.0092299], [88.0884174, 27.0089479], [88.0882301, 27.0087454], [88.088162, 27.0084995], [88.0883175, 27.0083431], [88.0888838, 27.0077769], [88.089215, 27.0076594], [88.0897098, 27.007484], [88.0899993, 27.0072787], [88.0902975, 27.0069221], [88.0905285, 27.0064488], [88.0911629, 27.0058279], [88.0915259, 27.0053098], [88.0916078, 27.0051408], [88.0917392, 27.0050233], [88.0921216, 27.0046811], [88.0923465, 27.004562], [88.0927901, 27.0045678], [88.0933452, 27.004622], [88.093966, 27.0045494], [88.0943038, 27.0044453], [88.0953017, 27.0044217], [88.0956309, 27.0043425], [88.0959207, 27.004162], [88.0962125, 27.0041191], [88.0968248, 27.0041482], [88.0975106, 27.0040165], [88.0978632, 27.0040483], [88.0984631, 27.0041264], [88.0987543, 27.0040812], [88.0990258, 27.0039031], [88.0995016, 27.0032974], [88.100076, 27.0025463], [88.1003276, 27.0021715], [88.1006356, 27.0019254], [88.1010744, 27.0012835], [88.1014607, 27.0006954], [88.1016257, 27.0004988], [88.1017484, 27.000317], [88.102205, 26.999878], [88.102855, 26.9991171], [88.1033651, 26.9986174], [88.1040016, 26.9979529], [88.1042486, 26.9976464], [88.1048931, 26.9973809], [88.1053494, 26.9971414], [88.1060071, 26.996994], [88.1064831, 26.9969558], [88.1066888, 26.9968962], [88.1067404, 26.9967649], [88.1067239, 26.9964354], [88.1066813, 26.9961291], [88.1068106, 26.9958935], [88.1073733, 26.9955461], [88.1076893, 26.9955436], [88.1084512, 26.995409], [88.1086733, 26.9952651], [88.108931, 26.9947081], [88.1091481, 26.9940475], [88.1091707, 26.993657], [88.1091424, 26.9935932], [88.1089151, 26.9930814], [88.1089658, 26.9929276], [88.1092796, 26.9926905], [88.1101259, 26.9917994], [88.1110682, 26.9912617], [88.111483, 26.9912494], [88.1120413, 26.9912315], [88.112448, 26.9910974], [88.1128527, 26.9906338], [88.1133068, 26.9901363], [88.1138129, 26.989796], [88.113856, 26.9897664], [88.1144956, 26.9892424], [88.1149399, 26.9889682], [88.1154455, 26.988807], [88.1160021, 26.988583], [88.1164133, 26.9883403], [88.1173376, 26.9878887], [88.1180845, 26.9875873], [88.11851, 26.9875729], [88.1195963, 26.9874692], [88.1211089, 26.9874346], [88.1215309, 26.9875125], [88.1218063, 26.9875349], [88.1223396, 26.9875376], [88.1228426, 26.9876577], [88.1233771, 26.9876535], [88.1237048, 26.9877283], [88.1243901, 26.987821], [88.1255302, 26.9878104], [88.1260924, 26.9878417], [88.126991, 26.9878528], [88.1276561, 26.9878562], [88.1281517, 26.9878973], [88.1286352, 26.9879296], [88.1288783, 26.9879003], [88.129189, 26.9878349], [88.1296132, 26.9877204], [88.1301035, 26.9875545], [88.1303769, 26.987416], [88.1307455, 26.9871523], [88.1310264, 26.9870327], [88.1314297, 26.9870024], [88.1317735, 26.9869179], [88.1329097, 26.9867378], [88.1332643, 26.9867623], [88.1337681, 26.9868212], [88.1338883, 26.9867934], [88.1341503, 26.9867008], [88.1343399, 26.9865187], [88.1343972, 26.9862212], [88.1345343, 26.985811], [88.1351442, 26.9852285], [88.1354044, 26.9850549], [88.1352876, 26.9849379], [88.135291, 26.9848031], [88.1350071, 26.9847154], [88.1348356, 26.9846534], [88.1347238, 26.984555], [88.1347022, 26.9844108], [88.1346096, 26.9842489], [88.134527, 26.984076], [88.1344043, 26.9838878], [88.1342414, 26.9837263], [88.1339259, 26.9834671], [88.1337434, 26.9833605], [88.1331765, 26.9831393], [88.1326586, 26.9827824], [88.1317025, 26.9819937], [88.1316811, 26.9818854], [88.1316188, 26.9816785], [88.1314956, 26.981508], [88.1312721, 26.9813202], [88.1305722, 26.9809017], [88.1304191, 26.9807585], [88.1302748, 26.9804325], [88.1302321, 26.9801716], [88.1301593, 26.9799641], [88.1299139, 26.9796424], [88.129669, 26.9793454], [88.1293302, 26.9787694], [88.1291142, 26.9783277], [88.1289192, 26.9780762], [88.1288073, 26.977915], [88.1282481, 26.9774593], [88.1276161, 26.9767762], [88.1272763, 26.9761214], [88.1271556, 26.9759458], [88.1270002, 26.9756718], [88.1267943, 26.9752936], [88.1264777, 26.9748883], [88.1263338, 26.9747341], [88.1261412, 26.9745114], [88.1257216, 26.9739101], [88.1255468, 26.9735505], [88.125322, 26.9732883], [88.1251681, 26.9730465], [88.1250552, 26.9727941], [88.1246776, 26.9723204], [88.124442, 26.9720318], [88.1243087, 26.9717982], [88.1241872, 26.9716823], [88.1237796, 26.9713219], [88.1235757, 26.9710798], [88.1234196, 26.9706922], [88.1232657, 26.9703698], [88.1231121, 26.9700998], [88.12309, 26.9699263], [88.1230789, 26.9698], [88.1229968, 26.9696198], [88.122421, 26.9685237], [88.1222597, 26.9676135], [88.1221475, 26.9674113], [88.1221462, 26.9672585], [88.122168, 26.9668918], [88.1221528, 26.966608], [88.1220046, 26.9662685], [88.1218812, 26.9657396], [88.1218255, 26.965469], [88.1218898, 26.9652776], [88.1220179, 26.9650072], [88.1220419, 26.964759], [88.1220624, 26.9641483], [88.1221002, 26.9639687], [88.1222594, 26.9638388], [88.1223827, 26.9636438], [88.1224601, 26.9633806], [88.122489, 26.9631917], [88.1224864, 26.96293], [88.1224239, 26.9627139], [88.1223417, 26.9625496], [88.1222595, 26.9624557], [88.1222596, 26.9623973], [88.1223217, 26.9616204], [88.1224019, 26.9615115], [88.1224883, 26.9611041], [88.1225466, 26.9608695], [88.122685, 26.960686], [88.1228856, 26.9604675], [88.1229636, 26.9603388], [88.1229742, 26.9602592], [88.1228406, 26.9600083], [88.1227272, 26.9597828], [88.1222592, 26.9590744], [88.1219684, 26.9586788], [88.1218863, 26.9583252], [88.1218354, 26.9579872], [88.1217872, 26.9576063], [88.1215852, 26.9571612], [88.1213852, 26.9568672], [88.1212352, 26.9563382], [88.1210685, 26.955455], [88.1210784, 26.9551834], [88.1211282, 26.954807], [88.1210719, 26.9544431], [88.1209617, 26.9540517], [88.120961, 26.9538765], [88.1208112, 26.9533701], [88.1207795, 26.9528401], [88.1208042, 26.9526639], [88.1208945, 26.9524985], [88.1208786, 26.9522279], [88.120771, 26.9519805], [88.1206886, 26.9516044], [88.1203121, 26.9507703], [88.1203237, 26.9506055], [88.1203725, 26.9505143], [88.120388, 26.9504854], [88.1206616, 26.9503078], [88.1208972, 26.9501046], [88.1211299, 26.9497034], [88.1212869, 26.9496074], [88.1214562, 26.9494165], [88.1218066, 26.9489408], [88.1220399, 26.9486109], [88.1222596, 26.9485482], [88.1224024, 26.9484496], [88.1226208, 26.9482904], [88.1226916, 26.9480529], [88.1227187, 26.9478158], [88.1230091, 26.9474834], [88.1232266, 26.9472455], [88.123267, 26.9468774], [88.1233675, 26.9466667], [88.1240065, 26.945978], [88.1241356, 26.945661], [88.1242941, 26.945344], [88.1246994, 26.9448398], [88.1249614, 26.9446008], [88.1250617, 26.9443767], [88.1252355, 26.9441128], [88.1253203, 26.9439968], [88.1255117, 26.9437314], [88.1257126, 26.9434113], [88.1260043, 26.9431316], [88.1261196, 26.943028], [88.1262212, 26.9429483], [88.1265138, 26.9428015], [88.126759, 26.9424181], [88.126802, 26.9422848], [88.1270651, 26.9421109], [88.1273578, 26.9419635], [88.1274054, 26.9419319], [88.1275021, 26.9418731], [88.1277054, 26.941621], [88.1277759, 26.9414375], [88.127849, 26.9413175], [88.1281252, 26.9410513], [88.1282825, 26.9406688], [88.1284534, 26.939968], [88.1285661, 26.9396286], [88.1286808, 26.939521], [88.1288429, 26.9394279], [88.129296, 26.9393204], [88.1295666, 26.9394495], [88.1297889, 26.9395284], [88.1303191, 26.9389039], [88.130846, 26.9385696], [88.1311216, 26.9384101], [88.1315315, 26.938303], [88.1319718, 26.9383378], [88.1320299, 26.938299], [88.1324511, 26.9378737], [88.1325521, 26.9376496], [88.1328142, 26.9374236], [88.1330613, 26.9371986], [88.1333375, 26.9369596], [88.1335983, 26.9366687], [88.1336819, 26.9364994], [88.1337426, 26.9363765], [88.1339604, 26.9361114], [88.1340901, 26.9359405], [88.1342221, 26.9358071], [88.1346433, 26.9354371], [88.1348313, 26.9352374], [88.1350355, 26.9350778], [88.1351286, 26.9350279], [88.1354607, 26.9348498], [88.1357067, 26.9347317], [88.1360712, 26.9344919], [88.1365831, 26.9342506], [88.137079, 26.9340235], [88.1371952, 26.933916], [88.1373412, 26.9337974], [88.1376163, 26.9335047], [88.137817, 26.9329905], [88.1378598, 26.9328593], [88.1379167, 26.9327149], [88.1379857, 26.9322525], [88.1381576, 26.9318455], [88.1382589, 26.9317235], [88.138373, 26.9314209], [88.138533, 26.9311837], [88.138561, 26.9311313], [88.1386617, 26.9309467], [88.1388009, 26.9301424], [88.1389587, 26.9298487], [88.1390438, 26.9295497], [88.1391597, 26.9293363], [88.1391722, 26.9291399], [88.1392436, 26.9289814], [88.1397089, 26.9285038], [88.1398238, 26.928293], [88.1400421, 26.9280674], [88.1402011, 26.9278951], [88.1406353, 26.927287], [88.1408242, 26.9270891], [88.1413209, 26.9268595], [88.1415402, 26.9268329], [88.1417311, 26.9267381], [88.1418613, 26.9266588], [88.1420217, 26.9264601], [88.1421215, 26.9262483], [88.1422072, 26.9259999], [88.1423578, 26.9253676], [88.142376, 26.9252738], [88.142448, 26.9251157], [88.1426205, 26.9248626], [88.1427213, 26.9246393], [88.1430977, 26.9241512], [88.1434904, 26.923778], [88.1439, 26.9235781], [88.1440309, 26.9235254], [88.1441611, 26.9233912], [88.1442331, 26.923312], [88.1444938, 26.9228764], [88.1446655, 26.9224937], [88.1453913, 26.9216837], [88.1457084, 26.9214081], [88.1458994, 26.9211818], [88.1459263, 26.9209176], [88.1458502, 26.92067], [88.1455977, 26.9203427], [88.1451697, 26.920096], [88.1449927, 26.9200046], [88.1446815, 26.9197184], [88.144651, 26.919534], [88.1446184, 26.9192586], [88.1445441, 26.9191019], [88.1442306, 26.9186165], [88.1442417, 26.9182892], [88.1441817, 26.9181451], [88.1439754, 26.917911], [88.1438696, 26.9177665], [88.1438376, 26.9174622], [88.1439821, 26.9172512], [88.144201, 26.9171185], [88.1442863, 26.916908], [88.1443571, 26.9166299], [88.1442658, 26.9163035], [88.1442792, 26.9161974], [88.1443659, 26.9160658], [88.1447435, 26.9158506], [88.144848, 26.915825], [88.1448761, 26.9157458], [88.144669, 26.9155489], [88.1444164, 26.9152103], [88.1443107, 26.9149865], [88.1442627, 26.9145389], [88.1432935, 26.9129834], [88.1427615, 26.9125794], [88.1419859, 26.9113492], [88.1419692, 26.911126], [88.1420251, 26.9108638], [88.1419184, 26.910335], [88.1417666, 26.9101077], [88.1417648, 26.9098273], [88.141513, 26.9094977], [88.1414057, 26.9090666], [88.1411837, 26.9088965], [88.1410499, 26.9087793], [88.1408269, 26.9085164], [88.1402524, 26.9083113], [88.1400926, 26.9082497], [88.1399873, 26.9081062], [88.1399999, 26.9079622], [88.1400282, 26.9078006], [88.1399824, 26.9075243], [88.1400349, 26.9072242], [88.1399758, 26.9070026], [88.139764, 26.9064761], [88.1395246, 26.9061975], [88.1394073, 26.9060055], [88.1393655, 26.9058756], [88.1391236, 26.9056228], [88.1387716, 26.9055768], [88.138671, 26.9054853], [88.1386065, 26.9052089], [88.138547, 26.9049558], [88.1385308, 26.904797], [88.1385443, 26.9046828], [88.1386294, 26.904409], [88.1386871, 26.904287], [88.1387608, 26.904153], [88.1389299, 26.9040039], [88.1389271, 26.9032047], [88.1390237, 26.9026431], [88.139015, 26.9020129], [88.1389428, 26.9019308], [88.1386904, 26.9017246], [88.1383532, 26.9017533], [88.1381178, 26.9016481], [88.1376163, 26.9013894], [88.1372029, 26.9011167], [88.1368518, 26.9009472], [88.1366131, 26.900726], [88.1365963, 26.9005095], [88.1365928, 26.9003605], [88.136476, 26.9001121], [88.1363241, 26.8997279], [88.1362637, 26.8995342], [88.1362164, 26.8991522], [88.1362412, 26.8988869], [88.1362424, 26.8988756], [88.1364605, 26.898664], [88.1368372, 26.8982143], [88.1371157, 26.8981985], [88.1373501, 26.8981695], [88.1375691, 26.8980504], [88.1377877, 26.8978907], [88.1379911, 26.8977176], [88.138634, 26.897462], [88.1387946, 26.8973569], [88.1388962, 26.8972636], [88.1389969, 26.8970778], [88.1390962, 26.8967498], [88.1391827, 26.8966025], [88.1394142, 26.896287], [88.1396757, 26.8960073], [88.1400095, 26.8956752], [88.1400809, 26.8954513], [88.1402707, 26.8953708], [88.140562, 26.8951857], [88.1407217, 26.8949858], [88.1410252, 26.8945773], [88.1413302, 26.8942589], [88.1414904, 26.8941651], [88.1417102, 26.8941363], [88.1417816, 26.8939123], [88.1417913, 26.8934384], [88.1418611, 26.893122], [88.1420066, 26.8929516], [88.1422081, 26.8925935], [88.1422357, 26.892397], [88.1421159, 26.8921881], [88.1422902, 26.8919362], [88.1424478, 26.8916575], [88.1426365, 26.8914732], [88.1428409, 26.8913407], [88.143236, 26.8912833], [88.1434566, 26.8913221], [88.1439535, 26.8911331], [88.1442765, 26.8911576], [88.1445265, 26.891248], [88.1447468, 26.8912575], [88.145024, 26.8911109], [88.1452126, 26.8909131], [88.1454016, 26.8907536], [88.1455315, 26.8905292], [88.1454852, 26.8903062], [88.1453368, 26.8901224], [88.1454067, 26.8898195], [88.1455519, 26.889622], [88.1458571, 26.8893826], [88.1463519, 26.8889838], [88.1466434, 26.8888235], [88.1467619, 26.8889015], [88.147112, 26.8887542], [88.1473907, 26.888752], [88.1476112, 26.8887885], [88.1479933, 26.8888779], [88.1481253, 26.8888633], [88.1482708, 26.8887583], [88.1483566, 26.888532], [88.1483541, 26.8882839], [88.1483388, 26.888205], [88.1485133, 26.8880457], [88.1487901, 26.8878584], [88.1494185, 26.8876705], [88.1499887, 26.8875079], [88.1501492, 26.8873871], [88.1503091, 26.887282], [88.1502929, 26.8871106], [88.150292, 26.8870181], [88.1504229, 26.8868997], [88.150745, 26.886843], [88.1510516, 26.8866825], [88.1513693, 26.8862467], [88.1515586, 26.8860602], [88.1517193, 26.8857768], [88.1517891, 26.8856522], [88.1518766, 26.8856515], [88.1520519, 26.8855711], [88.1522701, 26.8853843], [88.152592, 26.8853027], [88.1527237, 26.8852632], [88.1534139, 26.8853366], [88.1538554, 26.8855157], [88.1544732, 26.8857092], [88.154694, 26.8857729], [88.1549139, 26.885744], [88.1551183, 26.8856769], [88.1553665, 26.8855305], [88.1556887, 26.8854737], [88.1559945, 26.885302], [88.156289, 26.8854304], [88.1563054, 26.8855611], [88.1563646, 26.8856261], [88.1564383, 26.885639], [88.1566863, 26.8855332], [88.1569182, 26.8852673], [88.1570927, 26.885108], [88.1571512, 26.8851075], [88.1572679, 26.885014], [88.1573964, 26.8847242], [88.1573496, 26.8844493], [88.1572452, 26.8842651], [88.157125, 26.8839502], [88.1570937, 26.883779], [88.157252, 26.8834506], [88.1573816, 26.8832645], [88.1576891, 26.8831965], [88.1580407, 26.8831282], [88.1583039, 26.883099], [88.1588012, 26.8829505], [88.158947, 26.8828704], [88.15915, 26.8826047], [88.1592219, 26.8825003], [88.1593094, 26.8824477], [88.1594258, 26.8823272], [88.1596418, 26.8819825], [88.1598748, 26.8818249], [88.1601671, 26.8816758], [88.1604884, 26.8815423], [88.1607514, 26.8814883], [88.1607634, 26.8814814], [88.1611745, 26.8812862], [88.1615396, 26.8811253], [88.1618301, 26.8808093], [88.161958, 26.8804517], [88.1620133, 26.8800835], [88.1621121, 26.8797149], [88.1623446, 26.8795145], [88.1626934, 26.8791709], [88.1629396, 26.8788914], [88.163171, 26.8785736], [88.1633452, 26.8783894], [88.1634289, 26.8779668], [88.1635138, 26.8776502], [88.1635689, 26.8773226], [88.1637706, 26.8769915], [88.1639432, 26.8766472], [88.163986, 26.8765295], [88.1640851, 26.8761993], [88.1641419, 26.8760296], [88.1642298, 26.8751534], [88.1642138, 26.8744564], [88.1642643, 26.8740453], [88.1642988, 26.8738488], [88.1643963, 26.8735434], [88.1646397, 26.8731736], [88.1651461, 26.8725692], [88.1652907, 26.8724372], [88.1655548, 26.8723109], [88.1659472, 26.8721768], [88.1662921, 26.8718965], [88.1666275, 26.8716049], [88.1667437, 26.8713422], [88.1667509, 26.871121], [88.1666008, 26.8707771], [88.1664804, 26.8706314], [88.1667246, 26.8703993], [88.1671002, 26.8704119], [88.1673641, 26.8702631], [88.1675812, 26.8700312], [88.1682094, 26.8697124], [88.1686107, 26.8695872], [88.1691119, 26.8694026], [88.1694944, 26.8692279], [88.1696407, 26.8692019], [88.1700072, 26.8692395], [88.1702549, 26.8693525], [88.1705124, 26.8694406], [88.1707604, 26.8695198], [88.1710893, 26.8695171], [88.1713006, 26.869574], [88.1714742, 26.8695725], [88.171693, 26.869503], [88.1718644, 26.8692309], [88.1720727, 26.8690667], [88.1721702, 26.8687613], [88.1721959, 26.8685715], [88.1722018, 26.8682285], [88.1721697, 26.8677934], [88.1722579, 26.8675061], [88.1723656, 26.8672751], [88.1723996, 26.8670356], [88.1723788, 26.8667831], [88.172366, 26.8663974], [88.1723811, 26.8660927], [88.1724528, 26.865977], [88.1725247, 26.8658704], [88.1730189, 26.8658572], [88.1732291, 26.8658058], [88.173383, 26.8656669], [88.1734532, 26.8654024], [88.1734433, 26.8652964], [88.1732755, 26.8650022], [88.1731626, 26.8647234], [88.1730674, 26.8643384], [88.1729183, 26.8640937], [88.1726781, 26.8638497], [88.1726409, 26.8637778], [88.1724167, 26.8633849], [88.1723691, 26.8631641], [88.172257, 26.8629598], [88.1721538, 26.8627147], [88.1720315, 26.8623795], [88.1719747, 26.8621747], [88.171795, 26.8616505], [88.1716964, 26.8609293], [88.1716658, 26.860643], [88.1716736, 26.860485], [88.1717189, 26.8604282], [88.1718454, 26.8603121], [88.1722294, 26.8602841], [88.1726242, 26.8603959], [88.1727431, 26.8603949], [88.1729167, 26.8604025], [88.1731088, 26.860367], [88.1739656, 26.8600824], [88.1742474, 26.8599063], [88.1742835, 26.8598654], [88.1743646, 26.8597497], [88.174363, 26.859594], [88.1742981, 26.8594547], [88.1741863, 26.8592841], [88.1739096, 26.8590473], [88.1736973, 26.8588866], [88.1735681, 26.8588042], [88.1734936, 26.8586491], [88.1734736, 26.8584778], [88.1735786, 26.8580505], [88.1736588, 26.8578355], [88.1737565, 26.8574331], [88.1737903, 26.8572929], [88.1737665, 26.8567606], [88.1736737, 26.8566034], [88.1735058, 26.8563025], [88.1734314, 26.8561542], [88.1733647, 26.8559088], [88.173345, 26.8557714], [88.1733068, 26.8555979], [88.1734131, 26.8552947], [88.1735117, 26.8551044], [88.1736469, 26.8549137], [88.1738194, 26.8547566], [88.1740361, 26.8544841], [88.1742262, 26.8543178], [88.1743703, 26.8540887], [88.1745152, 26.8539228], [88.1746141, 26.8537573], [88.1745756, 26.8535681], [88.1745095, 26.8533723], [88.1743883, 26.8531522], [88.1741667, 26.8529397], [88.1738896, 26.8527209], [88.1735484, 26.8524372], [88.173181, 26.8523094], [88.1728401, 26.8520572], [88.1725372, 26.8519537], [88.1720594, 26.8517839], [88.1716933, 26.8517712], [88.1714468, 26.8517732], [88.1708323, 26.8516475], [88.1705032, 26.8516818], [88.1701831, 26.8516776], [88.1698441, 26.851615], [88.1697428, 26.8515504], [88.1694743, 26.8512481], [88.1692416, 26.85088], [88.1690388, 26.8507259], [88.1684146, 26.850501], [88.1680479, 26.8504386], [88.1677912, 26.8503595], [88.1675972, 26.8502122], [88.1672748, 26.8499869], [88.1672455, 26.8498225], [88.1672891, 26.849601], [88.1673876, 26.8493949], [88.1676047, 26.8491629], [88.1676569, 26.8489166], [88.1676275, 26.8486867], [88.1674212, 26.8484447], [88.1673773, 26.8483932], [88.1672929, 26.8481885], [88.1674261, 26.8478174], [88.1675969, 26.8474798], [88.1678593, 26.8471911], [88.1680774, 26.8470585], [88.1686061, 26.8469232], [88.168925, 26.8467469], [88.1691983, 26.8466634], [88.1693527, 26.8465718], [88.1697348, 26.8463634], [88.1699976, 26.8461153], [88.1701693, 26.8458747], [88.1702956, 26.8457428], [88.170423, 26.8456605], [88.1705302, 26.8453798], [88.170501, 26.8452334], [88.1704804, 26.8450035], [88.1703588, 26.8447337], [88.1702836, 26.8445786], [88.1701536, 26.8443496], [88.1697834, 26.843942], [88.1696625, 26.8437377], [88.1696147, 26.8435576], [88.1695863, 26.8434834], [88.1695547, 26.8430414], [88.1694593, 26.8426902], [88.1693205, 26.8425267], [88.1691085, 26.8423885], [88.1687693, 26.8423011], [88.168604, 26.842246], [88.1684844, 26.8421726], [88.1683357, 26.8419594], [88.1682787, 26.8417388], [88.1682589, 26.8415833], [88.1683388, 26.8413457], [88.1684998, 26.8409834], [88.168479, 26.8407354], [88.1683935, 26.8404247], [88.168291, 26.8402383], [88.1682246, 26.8400245], [88.1680565, 26.8396897], [88.1677694, 26.8393469], [88.1677299, 26.8390606], [88.1675608, 26.8386266], [88.1674655, 26.8382258], [88.1674069, 26.8379059], [88.1674869, 26.8376841], [88.1675767, 26.837487], [88.1677303, 26.8373211], [88.1682019, 26.8369562], [88.1684465, 26.8367082], [88.1685646, 26.8366328], [88.169011, 26.8364486], [88.1695771, 26.8363447], [88.1701261, 26.8363582], [88.1705278, 26.8362804], [88.1707836, 26.8362692], [88.1712756, 26.8360598], [88.1716672, 26.8358603], [88.1720219, 26.8356859], [88.1723398, 26.8354779], [88.1727041, 26.8353192], [88.1730671, 26.8350365], [88.1732838, 26.8347639], [88.1735098, 26.8344913], [88.1736917, 26.8343837], [88.1738991, 26.8341361], [88.1741051, 26.8336831], [88.174111, 26.8334033], [88.1740435, 26.833018], [88.173939, 26.8326331], [88.1737975, 26.8322642], [88.1735851, 26.8320381], [88.173141, 26.8315883], [88.172937, 26.8313192], [88.1726878, 26.8310505], [88.1723634, 26.8306855], [88.1720957, 26.8303989], [88.171826, 26.8299747], [88.1718995, 26.8297201], [88.1717796, 26.8293291], [88.1719698, 26.82872], [88.1720518, 26.8280745], [88.1723737, 26.8273684], [88.1723124, 26.8269272], [88.1723809, 26.8261548], [88.1725073, 26.8259732], [88.1725971, 26.8258416], [88.1726517, 26.8257757], [88.1727571, 26.825389], [88.1734714, 26.824537], [88.1737332, 26.8242573], [88.1739691, 26.824032], [88.1742035, 26.8237187], [88.1743749, 26.8235119], [88.1750083, 26.822962], [88.175652, 26.8221874], [88.1760679, 26.820946], [88.1761895, 26.8207797], [88.1763288, 26.820589], [88.1763748, 26.8205261], [88.1765492, 26.820046], [88.1768238, 26.8195652], [88.1771333, 26.8187944], [88.1774265, 26.8182602], [88.1776766, 26.8180333], [88.1778515, 26.8177785], [88.1780366, 26.8174302], [88.1782789, 26.8170548], [88.1784305, 26.8167267], [88.1785076, 26.8161472], [88.1786221, 26.8159906], [88.1787268, 26.8158474], [88.1787949, 26.8157543], [88.1788771, 26.8151035], [88.1789108, 26.814438], [88.1788044, 26.8140358], [88.1786902, 26.8136775], [88.1783981, 26.8130799], [88.1782244, 26.8126251], [88.1781786, 26.8121342], [88.1783019, 26.811731], [88.1780763, 26.810889], [88.1780008, 26.8105783], [88.1779691, 26.8103055], [88.1778932, 26.8099564], [88.1779612, 26.8095407], [88.1782126, 26.8086812], [88.1782682, 26.8080417], [88.1781746, 26.8073486], [88.1780663, 26.8067979], [88.1780973, 26.8063199], [88.1781275, 26.8057568], [88.178248, 26.804955], [88.1784744, 26.8044059], [88.1788803, 26.8023528], [88.1790359, 26.8015664], [88.1792201, 26.8006354], [88.1794156, 26.8003389], [88.1802554, 26.7997637], [88.1802647, 26.7979922], [88.1801647, 26.7975348], [88.1805805, 26.7972065], [88.180546, 26.7966607], [88.1806725, 26.79631], [88.1809134, 26.7958409], [88.1810544, 26.7955013], [88.1811218, 26.7944645], [88.1811291, 26.7943342], [88.1811221, 26.7936596], [88.1811619, 26.7933209], [88.1813315, 26.7929449], [88.1818146, 26.7921354], [88.1820143, 26.7918742], [88.182142, 26.7916408], [88.1821819, 26.791302], [88.1823052, 26.7906534], [88.182387, 26.7901722], [88.1824978, 26.7897042], [88.1826783, 26.7889897], [88.1828593, 26.7883249], [88.1830985, 26.7876888], [88.1832676, 26.7872723], [88.1834647, 26.786763], [88.1835767, 26.7864123], [88.1837172, 26.7860208], [88.1839432, 26.7855135], [88.1844914, 26.7839521], [88.1847152, 26.7833546], [88.185404, 26.7791589], [88.1877064, 26.7731519], [88.1879276, 26.7701201], [88.1876474, 26.7660314], [88.1876732, 26.7658794], [88.1883721, 26.7617555], [88.1897754, 26.7567836], [88.1897862, 26.7526219], [88.189666, 26.7495485], [88.1892819, 26.746749], [88.1878893, 26.7437788], [88.1862849, 26.7410906], [88.1860597, 26.739239], [88.1858421, 26.7374402], [88.185906, 26.7346187], [88.1848543, 26.7316299], [88.183081, 26.7287392], [88.1830211, 26.7286415], [88.1823618, 26.7275668], [88.1827615, 26.7238057], [88.1828784, 26.7222242], [88.1830943, 26.7217168], [88.1825566, 26.7196429], [88.1811284, 26.7180673], [88.1802633, 26.7169323], [88.1797622, 26.7149272], [88.178797, 26.7130832], [88.1774602, 26.7110093], [88.1735441, 26.708274], [88.1702399, 26.7021235], [88.1675184, 26.6996209], [88.1681371, 26.6992098], [88.1684388, 26.6982213], [88.168652, 26.6975228], [88.167901, 26.6959892], [88.1681585, 26.692481], [88.1680123, 26.6893745], [88.1682658, 26.6879757], [88.167665, 26.6863461], [88.1684375, 26.6844229], [88.1678152, 26.6828567], [88.166787, 26.6817924], [88.1664127, 26.6812196], [88.1648755, 26.6788673], [88.1649164, 26.678269], [88.1650079, 26.6769313], [88.1652821, 26.6756525], [88.1652617, 26.674363], [88.165371, 26.6675677], [88.1643605, 26.66188], [88.1640746, 26.6544787], [88.1638735, 26.6492733], [88.1636922, 26.6476931], [88.1636837, 26.6461319], [88.1625578, 26.6446682], [88.1621347, 26.6441182], [88.1610857, 26.6427843], [88.159581, 26.6426395], [88.1584115, 26.6403681], [88.1584096, 26.6402849], [88.1603065, 26.6379308], [88.1609316, 26.6367948], [88.1585346, 26.6361768], [88.1581151, 26.6330038], [88.1570705, 26.6322783], [88.1549343, 26.6306582], [88.1489019, 26.6297352], [88.14722, 26.6297838], [88.1448769, 26.6283457], [88.1444693, 26.6271565], [88.1426718, 26.6259947], [88.1409628, 26.6226359], [88.1412318, 26.6209225], [88.1402309, 26.618024], [88.1405415, 26.6142497], [88.1406158, 26.6133473], [88.1401586, 26.612552], [88.1397012, 26.6117565], [88.1391982, 26.6108815], [88.1395981, 26.6093687], [88.1395401, 26.6090399], [88.1394931, 26.6087737], [88.1390862, 26.6064687], [88.1356447, 26.6059037], [88.1340315, 26.6047687], [88.1331415, 26.6041424], [88.1312974, 26.6026309], [88.1299166, 26.6012854], [88.1317337, 26.597993], [88.1320902, 26.5931936], [88.1300974, 26.589877], [88.1296654, 26.5880513], [88.1300624, 26.585432], [88.129127, 26.5833798], [88.1272783, 26.5818628], [88.1285389, 26.5803852], [88.1298371, 26.5796752], [88.1299659, 26.5782455], [88.1304058, 26.5777561], [88.1304701, 26.5770845], [88.1304272, 26.575981], [88.1302663, 26.5750887], [88.1301805, 26.5745034], [88.1301697, 26.5737837], [88.1298801, 26.5733231], [88.1285711, 26.5727378], [88.1278952, 26.5740812], [88.1277236, 26.5751942], [88.1270584, 26.5763169], [88.1257494, 26.577689], [88.1251272, 26.5777753], [88.1240221, 26.5775642], [88.1233033, 26.5773052], [88.1230994, 26.5765184], [88.1244942, 26.5757316], [88.1251701, 26.5750215], [88.1249233, 26.574062], [88.124183, 26.5730065], [88.122917, 26.5722772], [88.1221875, 26.574465], [88.120808, 26.5759551], [88.1189629, 26.575157], [88.1176018, 26.5745543], [88.1184105, 26.5727837], [88.1185483, 26.5709187], [88.1194307, 26.5702136], [88.119062, 26.5682536], [88.1175529, 26.5687499], [88.1165304, 26.5697556], [88.1146178, 26.5701406], [88.114525, 26.5722524], [88.1136757, 26.5726861], [88.1125187, 26.5717055], [88.1119255, 26.569675], [88.1113843, 26.5684426], [88.1128137, 26.5664633], [88.1115727, 26.5655504], [88.1116847, 26.5649208], [88.112431, 26.5645716], [88.1133423, 26.565156], [88.1144265, 26.5667403], [88.1150082, 26.5663338], [88.1152848, 26.5661405], [88.1150268, 26.5653815], [88.1134609, 26.5636503], [88.1127526, 26.5631492], [88.1126822, 26.5630994], [88.1107724, 26.5625236], [88.1106327, 26.5619207], [88.1131873, 26.5599747], [88.1138043, 26.5595047], [88.1132464, 26.5580652], [88.1114225, 26.5570287], [88.1104385, 26.5570353], [88.1102167, 26.5570298], [88.1090725, 26.557152], [88.108193, 26.5583384], [88.1081768, 26.5583981], [88.1076136, 26.5604785], [88.1056479, 26.5608332], [88.1054581, 26.5582865], [88.1053117, 26.5562487], [88.1054215, 26.5549666], [88.1054556, 26.5545691], [88.1056319, 26.5525405], [88.1056112, 26.5505812], [88.1078245, 26.5504285], [88.1101181, 26.5481073], [88.1115355, 26.5452872], [88.1085654, 26.5435678], [88.1066305, 26.5412192], [88.1038767, 26.5407909], [88.1028557, 26.5396437], [88.1035045, 26.5388085], [88.1034925, 26.5385237], [88.1035517, 26.5383828], [88.1035674, 26.5383453], [88.1037306, 26.5379569], [88.1037466, 26.5379189], [88.1037485, 26.5379145], [88.1039754, 26.5377546], [88.1044209, 26.5374407], [88.1053441, 26.5372107], [88.105981, 26.5371153], [88.1059915, 26.5371138], [88.1064059, 26.5370517], [88.1064402, 26.5370466], [88.1066084, 26.5370214], [88.1071857, 26.5369992], [88.1071955, 26.5369988], [88.1074448, 26.5367914], [88.1078229, 26.5364768], [88.1078678, 26.5364394], [88.1078794, 26.5364369], [88.1078883, 26.536435], [88.1083096, 26.5363445], [88.1086656, 26.536268], [88.1088976, 26.5362269], [88.1089559, 26.5362166], [88.1092022, 26.5361731], [88.1092778, 26.5361597], [88.1098188, 26.536088], [88.1098623, 26.5360822], [88.1099785, 26.5360668], [88.1100253, 26.5360606], [88.1105519, 26.5354668], [88.1106375, 26.5353702], [88.1111192, 26.5342284], [88.1111249, 26.5341898], [88.111145, 26.534053], [88.1112297, 26.5334748], [88.1113699, 26.5326447], [88.1113905, 26.5325226], [88.1114507, 26.5320701], [88.1114632, 26.5319754], [88.1115009, 26.5316924], [88.1115476, 26.5315902], [88.1117099, 26.5312348], [88.1117106, 26.5312332], [88.1117318, 26.5311869], [88.1122736, 26.5310561], [88.1122737, 26.5310561], [88.1124456, 26.5311951], [88.1127702, 26.5314577], [88.1128547, 26.5315224], [88.1131775, 26.5317694], [88.1137083, 26.5321754], [88.1137247, 26.5321944], [88.1137675, 26.532244], [88.11399, 26.5325017], [88.1140394, 26.532559], [88.114102, 26.532612], [88.1142535, 26.5327402], [88.1145438, 26.5329858], [88.1145461, 26.5329878], [88.1146655, 26.5325702], [88.1147597, 26.5322404], [88.114777, 26.53218], [88.1148459, 26.5321772], [88.1151081, 26.5321665], [88.1157, 26.5323425], [88.1159088, 26.5324364], [88.1162117, 26.5325727], [88.1162572, 26.5325982], [88.1164483, 26.5327053], [88.1165178, 26.5327442], [88.1166909, 26.532739], [88.1168714, 26.5327337], [88.1169693, 26.5327307], [88.1169595, 26.5322273], [88.1169493, 26.5316973], [88.1168992, 26.5311152], [88.1177421, 26.5305827], [88.1179729, 26.5301946], [88.1179177, 26.5296485], [88.1178943, 26.5291706], [88.1178777, 26.5288317], [88.1176387, 26.5284382], [88.1175977, 26.5283708], [88.117376, 26.5280058], [88.1173394, 26.5278741], [88.1172657, 26.5276087], [88.117825, 26.5270477], [88.1179164, 26.526956], [88.117963, 26.5269093], [88.1183507, 26.5265575], [88.118535, 26.5263903], [88.1186231, 26.5263498], [88.1199899, 26.5257225], [88.1208843, 26.5255973], [88.1210535, 26.5255736], [88.1220819, 26.525172], [88.1225531, 26.5249282], [88.1232153, 26.5245857], [88.1232508, 26.5245673], [88.1238197, 26.524131], [88.1238628, 26.524098], [88.1238979, 26.5236005], [88.123937, 26.5230474], [88.1239581, 26.5227486], [88.1239594, 26.5226203], [88.1239632, 26.5222252], [88.1243935, 26.5217279], [88.1246505, 26.5214309], [88.1250289, 26.5207467], [88.1251472, 26.5205329], [88.1253203, 26.5204077], [88.125351, 26.5203855], [88.1265016, 26.5195536], [88.126742, 26.5193124], [88.1270349, 26.5190186], [88.1279864, 26.5180644], [88.1280724, 26.5179809], [88.1287884, 26.5172859], [88.1291302, 26.5169542], [88.1293545, 26.5165446], [88.1296112, 26.5160758], [88.1296468, 26.516011], [88.1300529, 26.5160245], [88.1308959, 26.5162863], [88.131267, 26.5164848], [88.1316075, 26.5164684], [88.1321098, 26.5164441], [88.1327971, 26.5164395], [88.1334816, 26.5167225], [88.1337673, 26.5168407], [88.1349815, 26.5233835], [88.1362043, 26.5234296], [88.1370252, 26.523904], [88.1371029, 26.5239489], [88.137598, 26.524235], [88.1400366, 26.5242179], [88.1418461, 26.5239043], [88.1428841, 26.5229724], [88.1441933, 26.5224653], [88.144309, 26.5224452], [88.1444005, 26.5224294], [88.1449086, 26.5223413], [88.1460028, 26.5221516], [88.1473754, 26.5226288], [88.148332, 26.524225], [88.1485182, 26.5267827], [88.1485241, 26.5268644], [88.148627, 26.5282777], [88.1503458, 26.5318103], [88.1521639, 26.5322522], [88.1522, 26.5322212], [88.1522955, 26.5321392], [88.1528435, 26.5316685], [88.1549903, 26.5298243], [88.1563453, 26.530022], [88.157534, 26.5307684], [88.1575739, 26.5307934], [88.1614745, 26.5332424], [88.1625192, 26.5337133], [88.1630702, 26.5339616], [88.1643095, 26.5345201], [88.1644513, 26.534584], [88.164581, 26.5346425], [88.1665435, 26.5355269], [88.1665489, 26.5355402], [88.1674334, 26.537761], [88.1678061, 26.5403898], [88.167827, 26.540537], [88.1678582, 26.5407574], [88.1681755, 26.5403515], [88.1684676, 26.5401242], [88.1685467, 26.5400626], [88.1694356, 26.5398198], [88.1694398, 26.5398186], [88.1699414, 26.5394349], [88.1701296, 26.5389817], [88.1703097, 26.5385482], [88.1704325, 26.5382524], [88.170593, 26.5377424], [88.1712021, 26.5372794], [88.1712024, 26.5372792], [88.1712028, 26.5372789], [88.1712048, 26.5372774], [88.1720525, 26.5366498], [88.1727847, 26.5359727], [88.1738352, 26.5353886], [88.1748965, 26.5347986], [88.1752527, 26.5347354], [88.1759158, 26.5351664], [88.1762312, 26.5353713], [88.1762069, 26.535521], [88.1761795, 26.5356902], [88.1761361, 26.535958], [88.1760011, 26.5367387], [88.1758425, 26.5379533], [88.175806, 26.5382326], [88.1758164, 26.5389817], [88.1757859, 26.5392233], [88.1757563, 26.5394587], [88.1757288, 26.5396765], [88.1756214, 26.5405297], [88.1758653, 26.5411467], [88.1759051, 26.5412475], [88.1761136, 26.541775], [88.1762192, 26.5423662], [88.1765247, 26.5427871], [88.1771229, 26.5436114], [88.1773287, 26.5438912], [88.1773321, 26.5439008], [88.1774097, 26.5441217], [88.1777457, 26.5450779], [88.1783685, 26.5464946], [88.1784561, 26.5467735], [88.1785122, 26.5469521], [88.1785896, 26.5471985], [88.178743, 26.547442], [88.1787973, 26.5475281], [88.1789762, 26.5478121], [88.1793929, 26.5482542], [88.1794892, 26.5482505], [88.1808592, 26.5481984], [88.1817507, 26.5481645], [88.1820272, 26.5481539], [88.1821881, 26.5489707], [88.1836984, 26.5488122], [88.1852659, 26.5485577], [88.1859561, 26.5484457], [88.1878076, 26.5482148], [88.1902109, 26.5480467], [88.1909873, 26.5479988], [88.1918706, 26.5479444], [88.1921376, 26.5479279], [88.1922252, 26.5479225], [88.1925691, 26.5479013], [88.1945813, 26.5479951], [88.1953424, 26.5479659], [88.1954142, 26.5479631], [88.1953864, 26.5477672], [88.1953322, 26.547385], [88.195258, 26.546862], [88.1952782, 26.5464815], [88.1953109, 26.545866], [88.1953672, 26.5448087], [88.1955776, 26.5443708], [88.1956345, 26.5443339], [88.195732, 26.5442708], [88.1960253, 26.5440808], [88.1962748, 26.5439192], [88.1972585, 26.5439738], [88.1975224, 26.5439884], [88.1976518, 26.5439956], [88.1978052, 26.5440041], [88.198543, 26.544073], [88.1987261, 26.54409], [88.1991047, 26.5441254], [88.2001978, 26.5440028], [88.2012873, 26.5438806], [88.2017529, 26.5438096], [88.2020131, 26.54377], [88.2021201, 26.5437537], [88.2020346, 26.5435687], [88.2019298, 26.5431412], [88.2019015, 26.5430258], [88.2018985, 26.5430134], [88.2017222, 26.5422944], [88.2017127, 26.5422557], [88.2015113, 26.5411321], [88.2015088, 26.5411028], [88.2014757, 26.5407171], [88.2013747, 26.5395392], [88.2017153, 26.5396505], [88.201879, 26.5397039], [88.2025785, 26.5399325], [88.2026845, 26.5399671], [88.2032118, 26.5403352], [88.2033315, 26.5404188], [88.2033823, 26.5404542], [88.2038594, 26.5409864], [88.2039848, 26.5411263], [88.2055274, 26.5404114], [88.2055547, 26.5403988], [88.2062019, 26.5404527], [88.2064297, 26.5404574], [88.2070545, 26.5404705], [88.2071818, 26.5404731], [88.2076721, 26.5404834], [88.2078558, 26.5404586], [88.209569, 26.5402277], [88.2095885, 26.5402251], [88.2104813, 26.539998], [88.2107624, 26.5399265], [88.2115267, 26.5399423], [88.2116103, 26.539944], [88.2120724, 26.5401456], [88.2126844, 26.5404127], [88.2129504, 26.5406976], [88.2129635, 26.5407116], [88.2132066, 26.540972], [88.2133524, 26.5410826], [88.2135799, 26.5412551], [88.2137357, 26.5413732], [88.2139797, 26.5415582], [88.2133005, 26.5421258], [88.2129368, 26.5424298], [88.212335, 26.5425882], [88.2121291, 26.5426424], [88.2118376, 26.5426593], [88.2115019, 26.5426789], [88.2105334, 26.5424448], [88.210281, 26.5424449], [88.2102624, 26.5424449], [88.2094898, 26.5423687], [88.2088624, 26.5422156], [88.2087852, 26.5422808], [88.2081404, 26.5428253], [88.207877, 26.5430851], [88.2077743, 26.5431865], [88.207751, 26.5431886], [88.2072826, 26.5432319], [88.2069617, 26.5432401], [88.2063845, 26.543255], [88.2055661, 26.5434273], [88.2052458, 26.5434948], [88.2052469, 26.5435284], [88.2052473, 26.5435398], [88.2052636, 26.5440244], [88.2052714, 26.5442574], [88.2053889, 26.5445271], [88.2054071, 26.5445687], [88.2057734, 26.5446317], [88.2058529, 26.5446815], [88.2061047, 26.5448392], [88.2064208, 26.5447712], [88.2068976, 26.545123], [88.2073911, 26.5453002], [88.2076505, 26.5453933], [88.2080703, 26.545387], [88.2085837, 26.5453793], [88.2087542, 26.5452663], [88.2087968, 26.5452682], [88.2094498, 26.545297], [88.2097628, 26.5453108], [88.2105804, 26.5450035], [88.2108711, 26.5448927], [88.2116237, 26.5446058], [88.2119046, 26.5444251], [88.2119242, 26.5444362], [88.2128642, 26.544969], [88.2134155, 26.5452816], [88.2135547, 26.5453996], [88.2138498, 26.5456496], [88.2140381, 26.5458092], [88.214409, 26.5461993], [88.2145656, 26.546364], [88.2150704, 26.5468949], [88.2150925, 26.5469182], [88.2151831, 26.5470134], [88.2156352, 26.5477623], [88.2156862, 26.5478408], [88.2157094, 26.5478766], [88.2158007, 26.5480173], [88.2161062, 26.5484883], [88.2162381, 26.5486916], [88.216144, 26.5487044], [88.2146599, 26.5489071], [88.2139804, 26.5489998], [88.2134944, 26.5491121], [88.2125826, 26.5493227], [88.2123348, 26.5493799], [88.2117729, 26.5495337], [88.2108148, 26.5496295], [88.210019, 26.5497091], [88.2099566, 26.5497153], [88.2089783, 26.5498061], [88.2084766, 26.5499057], [88.2083643, 26.5499718], [88.2083626, 26.5499728], [88.2082157, 26.5500592], [88.2082162, 26.550072], [88.2082363, 26.5505493], [88.2082413, 26.5506685], [88.2082112, 26.5509503], [88.2081989, 26.5510654], [88.2081444, 26.5515756], [88.2081036, 26.5519582], [88.2080818, 26.5521623], [88.2081516, 26.5526398], [88.2081995, 26.5529676], [88.2082856, 26.5535567], [88.2082935, 26.5536108], [88.208425, 26.5539113], [88.2084477, 26.5539629], [88.2085147, 26.5541161], [88.208595, 26.5542842], [88.2087257, 26.5545582], [88.2089504, 26.5547134], [88.2091174, 26.5548288], [88.2097446, 26.554887], [88.2097095, 26.5549187], [88.2097088, 26.5549762], [88.2097009, 26.5556154], [88.2096957, 26.5560322], [88.2096912, 26.5564049], [88.2096906, 26.556453], [88.2098857, 26.5568899], [88.2100471, 26.5572514], [88.2101479, 26.5574772], [88.2101991, 26.5577329], [88.210274, 26.5581077], [88.2103337, 26.5584061], [88.2103645, 26.5585601], [88.2103878, 26.5586867], [88.2104933, 26.5592604], [88.2105776, 26.5597186], [88.2106467, 26.5600943], [88.2107201, 26.560292], [88.2108492, 26.5606396], [88.2109533, 26.56092], [88.2110183, 26.5609583], [88.2112749, 26.5611098], [88.2114674, 26.5612234], [88.2114955, 26.56124], [88.2116593, 26.5612133], [88.2116919, 26.561208], [88.2119121, 26.5611721], [88.2122307, 26.5609425], [88.2123133, 26.5608831], [88.212955, 26.5600027], [88.2131238, 26.5598893], [88.2138628, 26.5593929], [88.2141077, 26.5591935], [88.2142289, 26.5590948], [88.2142418, 26.5590821], [88.2144553, 26.5588709], [88.2145849, 26.5587426], [88.214779, 26.5585678], [88.2148406, 26.5585123], [88.2148687, 26.5584966], [88.2148885, 26.5584855], [88.215469, 26.5581606], [88.2160576, 26.5578312], [88.2160596, 26.5578301], [88.2166278, 26.5575386], [88.2167467, 26.5574777], [88.2173437, 26.5572607], [88.2187082, 26.5566596], [88.2195711, 26.5565597], [88.2198194, 26.5565808], [88.2203358, 26.5566246], [88.2204754, 26.5566364], [88.2217892, 26.5567478], [88.2228159, 26.5568205], [88.2239371, 26.5568998], [88.2247945, 26.5568143], [88.2250604, 26.5567878], [88.2254876, 26.5567452], [88.2260291, 26.5562078], [88.2260309, 26.5562002], [88.2261441, 26.5557249], [88.2262294, 26.5552576], [88.2262365, 26.5552192], [88.2262479, 26.5551567], [88.226257, 26.5551067], [88.2262679, 26.5550472], [88.2263183, 26.5547711], [88.2263238, 26.554741], [88.2262735, 26.5544572], [88.2262734, 26.5544568], [88.226274, 26.5544555], [88.226426, 26.5541259], [88.2264338, 26.5541092], [88.2274401, 26.5535062], [88.227497, 26.5534721], [88.2276261, 26.5533396], [88.2280033, 26.5529527], [88.2279618, 26.5525612], [88.2279072, 26.5520458], [88.2275757, 26.551721], [88.2273917, 26.5515407], [88.2272, 26.5513528], [88.2270835, 26.5512386], [88.2261101, 26.5512302], [88.2256583, 26.5509733], [88.2254619, 26.5502379], [88.2254603, 26.548338], [88.2254903, 26.5479971], [88.2255596, 26.5472097], [88.2261559, 26.5462797], [88.2262234, 26.5460171], [88.226366, 26.5454626], [88.2269781, 26.5445483], [88.2276989, 26.5434716], [88.2279692, 26.5427132], [88.2289246, 26.5408186], [88.2289782, 26.5407124], [88.2289959, 26.5406772], [88.2293064, 26.5400632], [88.2292803, 26.5388854], [88.2293419, 26.5385747], [88.22958, 26.5373734], [88.2297242, 26.5358344], [88.2297137, 26.5356322], [88.2296989, 26.535346], [88.2296833, 26.5350447], [88.2286042, 26.5346439], [88.2271989, 26.5339996], [88.2262581, 26.5334625], [88.2258486, 26.5332288], [88.2246941, 26.5323902], [88.223379, 26.531642], [88.2228234, 26.5313455], [88.2223149, 26.5310741], [88.2220086, 26.5308738], [88.221846, 26.5307674], [88.2217979, 26.5307359], [88.2214684, 26.5302439], [88.2212905, 26.5299781], [88.2208295, 26.5297276], [88.2207073, 26.5296611], [88.2205276, 26.5295634], [88.2195591, 26.5292121], [88.2192876, 26.52903], [88.2191425, 26.5289326], [88.2181839, 26.5285315], [88.2176471, 26.5285319], [88.2171871, 26.5286322], [88.2170452, 26.5286631], [88.2165441, 26.5286068], [88.216127, 26.5285599], [88.2156526, 26.52813], [88.2155707, 26.5280558], [88.2149824, 26.5275227], [88.2147281, 26.5271515], [88.2143797, 26.5266431], [88.2132153, 26.5259488], [88.2130538, 26.5258611], [88.2121864, 26.5253899], [88.2121258, 26.5253713], [88.2113415, 26.5251305], [88.210631, 26.5249125], [88.2094168, 26.5246378], [88.2090245, 26.5245003], [88.2087744, 26.5244126], [88.2082173, 26.5240203], [88.2081085, 26.5239017], [88.2076985, 26.5234549], [88.2076751, 26.5234295], [88.2076469, 26.5228573], [88.2076191, 26.5222923], [88.2076089, 26.5222841], [88.2075311, 26.5222216], [88.2073832, 26.5221029], [88.2067657, 26.521494], [88.2064026, 26.5212885], [88.2060882, 26.5211107], [88.2055447, 26.5211416], [88.2053659, 26.5211518], [88.204152, 26.5212879], [88.2039908, 26.5202049], [88.2037261, 26.5194073], [88.2037093, 26.5193565], [88.2039149, 26.5192662], [88.2038946, 26.519], [88.2039245, 26.5187201], [88.2039196, 26.5186782], [88.2039044, 26.5185487], [88.2034378, 26.5184902], [88.2031892, 26.5179321], [88.2027445, 26.5169337], [88.2023319, 26.5151107], [88.2023653, 26.5150193], [88.2024241, 26.514858], [88.2025723, 26.5144517], [88.2026441, 26.5144], [88.2027728, 26.5143072], [88.2033566, 26.5140678], [88.2034199, 26.5140418], [88.2035, 26.5140089], [88.203545, 26.5137427], [88.203324, 26.5134089], [88.2031633, 26.5131337], [88.2028924, 26.5131203], [88.202416, 26.5133101], [88.2019697, 26.5134728], [88.2016688, 26.5135453], [88.2013377, 26.5135002], [88.2007957, 26.5131665], [88.2001511, 26.5128307], [88.1999477, 26.5127248], [88.1992535, 26.5126825], [88.1990352, 26.5126692], [88.1988442, 26.5126576], [88.1978211, 26.5130958], [88.1966727, 26.5135432], [88.195663, 26.5139254], [88.1951019, 26.5141378], [88.1940378, 26.5137428], [88.193602, 26.513581], [88.1934071, 26.5135086], [88.1929829, 26.513113], [88.1923822, 26.5125526], [88.1922427, 26.5124225], [88.192187, 26.5123706], [88.1921522, 26.5123381], [88.1912842, 26.5115285], [88.1910631, 26.5108968], [88.1912726, 26.5103484], [88.191418, 26.5099676], [88.1915389, 26.509651], [88.1913333, 26.5090856], [88.1912986, 26.5089902], [88.191132, 26.5085321], [88.190264, 26.5079413], [88.1900998, 26.5078736], [88.1896242, 26.5076775], [88.188799, 26.5073372], [88.188311, 26.5070167], [88.1882772, 26.5069945], [88.187956, 26.5067734], [88.187593, 26.5059027], [88.187514, 26.5057132], [88.1872731, 26.5053252], [88.1859698, 26.5047595], [88.1856526, 26.5046218], [88.1853993, 26.5043541], [88.1851106, 26.5040489], [88.1849039, 26.5032857], [88.184794, 26.5028802], [88.1847694, 26.502811], [88.1847028, 26.5026236], [88.1846582, 26.502498], [88.1843721, 26.5016935], [88.1842224, 26.5014281], [88.1842068, 26.5014004], [88.1840773, 26.5011708], [88.1840056, 26.5010438], [88.1839321, 26.5009338], [88.183584, 26.500413], [88.1832127, 26.5001403], [88.182785, 26.5000453], [88.1827744, 26.5000429], [88.182651, 26.5000163], [88.1821443, 26.4999623], [88.1813242, 26.4999525], [88.181051, 26.4999492], [88.180923, 26.4999367], [88.1800428, 26.4998503], [88.1797016, 26.4995842], [88.1795207, 26.4990247], [88.1795055, 26.4985553], [88.1796084, 26.4977588], [88.1796554, 26.4973954], [88.17958, 26.4969623], [88.1790105, 26.496197], [88.1786164, 26.4956675], [88.1788517, 26.4946023], [88.179027, 26.4940426], [88.1794432, 26.4940155], [88.1800651, 26.4940603], [88.1807772, 26.4938705], [88.1811483, 26.493726], [88.1816095, 26.4932293], [88.1817848, 26.4928186], [88.1817997, 26.4925253], [88.1817543, 26.491898], [88.1814431, 26.491483], [88.1811621, 26.491131], [88.180585, 26.4902919], [88.1803038, 26.4897279], [88.1801983, 26.4892496], [88.1800074, 26.4885186], [88.1798866, 26.4876431], [88.1801823, 26.487282], [88.1805785, 26.4871239], [88.1813657, 26.4868709], [88.1826696, 26.4867485], [88.183527, 26.4866037], [88.1850362, 26.4860706], [88.185718, 26.4853889], [88.1859685, 26.484915], [88.1861785, 26.4837686], [88.1866199, 26.4839264], [88.1870664, 26.4841699], [88.1872722, 26.484594], [88.1874528, 26.4848512], [88.1877908, 26.4848961], [88.1878591, 26.4849051], [88.1882901, 26.4844717], [88.1886309, 26.4840203], [88.1887361, 26.4836998], [88.1890465, 26.4828061], [88.1894926, 26.4825126], [88.1901746, 26.4823137], [88.1906609, 26.4820518], [88.190781, 26.4817584], [88.1908408, 26.4810679], [88.1907499, 26.479881], [88.1907494, 26.4790056], [88.1908645, 26.4786851], [88.19106, 26.4783917], [88.191233, 26.4781704], [88.1915881, 26.4777161], [88.1916212, 26.4776739], [88.192333, 26.477123], [88.1932352, 26.4764591], [88.1941224, 26.4759172], [88.195085, 26.475488], [88.1957667, 26.4751311], [88.1962983, 26.4751941], [88.1970406, 26.4752885], [88.1977928, 26.4753829], [88.1983395, 26.4756218], [88.1988311, 26.4758878], [88.1995281, 26.4759416], [88.2000746, 26.4757608], [88.2006512, 26.4756161], [88.2011378, 26.4758956], [88.2022663, 26.4762425], [88.2029583, 26.4763595], [88.2033895, 26.4761877], [88.2035248, 26.4759215], [88.2035245, 26.4755604], [88.2029572, 26.4746401], [88.2029722, 26.4745183], [88.2033131, 26.4743195], [88.203699, 26.4741884], [88.2046617, 26.4739848], [88.2051506, 26.4739417], [88.2056394, 26.4738986], [88.2073394, 26.473884], [88.2077554, 26.473762], [88.2089537, 26.4735356], [88.2098864, 26.4734403], [88.2102122, 26.4733499], [88.210538, 26.4731737], [88.2107336, 26.4730923], [88.210879, 26.4731329], [88.2112502, 26.4733221], [88.2118723, 26.4736603], [88.212294, 26.4739565], [88.2126226, 26.4741873], [88.2127452, 26.4742735], [88.2134577, 26.4748191], [88.2140952, 26.4756716], [88.2149988, 26.4769438], [88.2150308, 26.4769898], [88.2157669, 26.4780489], [88.2156368, 26.4784777], [88.2154414, 26.4786899], [88.2153411, 26.4787119], [88.2150703, 26.4787714], [88.2146439, 26.4785189], [88.2137961, 26.4780772], [88.2135309, 26.4789032], [88.2133111, 26.4798646], [88.2129703, 26.480298], [88.2121134, 26.4810973], [88.2117729, 26.4816435], [88.2117883, 26.4822438], [88.2119643, 26.482898], [88.212456, 26.4832452], [88.2130329, 26.4834118], [88.213819, 26.4833825], [88.2141411, 26.4833705], [88.2153245, 26.4832525], [88.2168642, 26.4833192], [88.2182733, 26.4833499], [88.2198582, 26.4835248], [88.2211919, 26.4833255], [88.2222297, 26.4829772], [88.223829, 26.4823895], [88.2243602, 26.4819468], [88.2246404, 26.4812607], [88.2246245, 26.479926], [88.2246242, 26.4799023], [88.224473, 26.4789412], [88.2242365, 26.4779937], [88.2238949, 26.4772944], [88.223754, 26.4769121], [88.2234526, 26.4760943], [88.2233216, 26.4757062], [88.2231652, 26.4752434], [88.2230655, 26.4749483], [88.2227687, 26.4738203], [88.2224571, 26.472927], [88.2218798, 26.4722053], [88.2211673, 26.4715288], [88.2198028, 26.4708619], [88.2189151, 26.4707045], [88.2182181, 26.4706643], [88.2176114, 26.4707099], [88.2168394, 26.4708593], [88.2162329, 26.47118], [88.2150651, 26.4719525], [88.2145036, 26.4719528], [88.2136861, 26.4718585], [88.2133521, 26.471874], [88.2127986, 26.4718997], [88.2121016, 26.4718595], [88.2117054, 26.4718236], [88.2113943, 26.4716253], [88.2110381, 26.4712915], [88.2106717, 26.4707998], [88.2106665, 26.470794], [88.2106, 26.4707187], [88.2104007, 26.4704931], [88.2097783, 26.4696811], [88.2098231, 26.4692253], [88.2100185, 26.468986], [88.2102841, 26.4687602], [88.2108306, 26.4685974], [88.2116278, 26.468597], [88.2122797, 26.4686508], [88.2134983, 26.4687448], [88.2139995, 26.4685775], [88.2143551, 26.4680177], [88.2146257, 26.4672723], [88.2146353, 26.4672458], [88.2149157, 26.4668034], [88.215492, 26.4663879], [88.2160435, 26.4662295], [88.216605, 26.4661344], [88.2170362, 26.4660033], [88.217728, 26.465908], [88.217848, 26.4655018], [88.2179076, 26.464861], [88.2180072, 26.4639267], [88.2182022, 26.4632858], [88.2184524, 26.4625861], [88.2186878, 26.4623468], [88.219755, 26.4614119], [88.2201803, 26.4603196], [88.2207166, 26.4600123], [88.2218845, 26.4595783], [88.2227464, 26.4591264], [88.2231271, 26.4586027], [88.2245341, 26.4565033], [88.2249645, 26.4555462], [88.2251243, 26.4547699], [88.2251474, 26.4538916], [88.2251534, 26.4536643], [88.2256297, 26.4535556], [88.2264868, 26.4534828], [88.2276398, 26.4531615], [88.2288675, 26.4526282], [88.2292193, 26.4524895], [88.2308973, 26.4518279], [88.2346559, 26.4514594], [88.2389844, 26.4521783], [88.2394763, 26.4527149], [88.2405703, 26.4537701], [88.2411525, 26.4544646], [88.2415031, 26.4549657], [88.2416194, 26.4551321], [88.2428749, 26.4571258], [88.2431916, 26.4579694], [88.2433175, 26.4585063], [88.2433682, 26.4591381], [88.2434239, 26.4596615], [88.2435998, 26.4600586], [88.2438309, 26.4604871], [88.2440969, 26.4607712], [88.2448547, 26.4614384], [88.2457679, 26.4621191], [88.2457772, 26.4621325], [88.2461747, 26.4627054], [88.2466167, 26.4634949], [88.2469062, 26.4640416], [88.248744, 26.4675119], [88.2491351, 26.4674987], [88.2499325, 26.4674047], [88.2506946, 26.4674369], [88.2512058, 26.4676089], [88.2519676, 26.467975], [88.2522234, 26.4679302], [88.2543563, 26.4675279], [88.2544149, 26.4675169], [88.2548413, 26.4673954], [88.2553676, 26.4676124], [88.256044, 26.4680327], [88.2567257, 26.4683853], [88.2570814, 26.4686022], [88.2579269, 26.4705434], [88.2579964, 26.4712159], [88.2577894, 26.4725515], [88.2579444, 26.4730571], [88.2580788, 26.4739282], [88.2582636, 26.4746504], [88.258498, 26.4758646], [88.2587174, 26.4771058], [88.2588574, 26.4775797], [88.2589524, 26.4782518], [88.2589569, 26.4782838], [88.2589368, 26.4788172], [88.2589054, 26.4796512], [88.2588851, 26.4807275], [88.2588837, 26.4807455], [88.2588684, 26.4815195], [88.2588697, 26.4815256], [88.2589533, 26.4819077], [88.2594291, 26.4823999], [88.260291, 26.483073], [88.2611778, 26.4838816], [88.2614985, 26.4842338], [88.2620593, 26.4850782], [88.262074, 26.4854076], [88.2620726, 26.4854109], [88.2619383, 26.4857144], [88.2618025, 26.4861114], [88.2618067, 26.4861485], [88.2618522, 26.4865538], [88.2621572, 26.4875016], [88.2626531, 26.4880662], [88.2632447, 26.4883419], [88.2648243, 26.4884425], [88.2653064, 26.4884379], [88.2661483, 26.4884299], [88.2668606, 26.4882771], [88.2669326, 26.4882462], [88.2674987, 26.4880036], [88.2679643, 26.487804], [88.2683156, 26.4875741], [88.2688072, 26.4874391], [88.2695796, 26.4872727], [88.2710496, 26.4866871], [88.2723687, 26.4865121], [88.273989, 26.4859988], [88.2747063, 26.4858594], [88.2749419, 26.4859002], [88.2750873, 26.4859816], [88.2752126, 26.4861261], [88.2752725, 26.4863878], [88.2752657, 26.4864038], [88.2750514, 26.4869111], [88.2745992, 26.4878359], [88.2744732, 26.4885218], [88.2744786, 26.488543], [88.2747681, 26.4896729], [88.2752891, 26.490323], [88.2754376, 26.490467], [88.2758854, 26.4909012], [88.2763567, 26.4911587], [88.2766876, 26.4911454], [88.2767761, 26.4910883], [88.277631, 26.4905368], [88.2785143, 26.4898921], [88.2791914, 26.489712], [88.2797533, 26.4895364], [88.2805971, 26.4880477], [88.2814706, 26.4869743], [88.2818121, 26.486293], [88.282324, 26.4857563], [88.2825349, 26.4855624], [88.2828507, 26.485671], [88.2831262, 26.4860773], [88.2836622, 26.4869486], [88.2838673, 26.4875038], [88.2841127, 26.4879507], [88.2845438, 26.4881902], [88.2852411, 26.4878657], [88.2862293, 26.487591], [88.2868964, 26.4873749], [88.2871421, 26.4874201], [88.287543, 26.4879214], [88.287856, 26.4882363], [88.2886605, 26.4890457], [88.2890869, 26.4893912], [88.2891567, 26.4894477], [88.2892561, 26.4895498], [88.2892692, 26.4895633], [88.2899034, 26.4902153], [88.2909261, 26.4906401], [88.2917033, 26.4909159], [88.2928916, 26.4913137], [88.2944563, 26.4913778], [88.2955448, 26.4911663], [88.2965282, 26.4905215], [88.2966791, 26.4903824], [88.2978881, 26.4892677], [88.2988415, 26.488474], [88.2998601, 26.4877705], [88.300195, 26.4877378], [88.3007779, 26.4876807], [88.3025081, 26.4876501], [88.3035963, 26.4877454], [88.3046842, 26.4883551], [88.3055663, 26.4892266], [88.3063829, 26.4906937], [88.306618, 26.4915828], [88.3066525, 26.4927742], [88.3067517, 26.4944259], [88.3068868, 26.4950668], [88.3071222, 26.4954189], [88.309333, 26.4972839], [88.3106565, 26.4982953], [88.3115037, 26.4989049], [88.3125918, 26.4993973], [88.312853, 26.499413], [88.3128576, 26.4994133], [88.3135749, 26.4994564], [88.3153104, 26.4990916], [88.3174473, 26.4986322], [88.3189423, 26.4980236], [88.3194192, 26.4977272], [88.3194193, 26.4977271], [88.3200961, 26.4973065], [88.3215476, 26.4967325], [88.3217265, 26.4966618], [88.3232564, 26.4962382], [88.3251925, 26.4959004], [88.3269279, 26.4958108], [88.3319746, 26.4950752], [88.3330285, 26.4961362], [88.3336401, 26.4973172], [88.3341094, 26.4979451], [88.3345236, 26.4984994], [88.3347237, 26.4987671], [88.3352165, 26.4991229], [88.3360004, 26.4996889], [88.3363545, 26.5006874], [88.3369553, 26.5012539], [88.3392191, 26.5022525], [88.3421484, 26.5030677], [88.3422553, 26.5030974], [88.343457, 26.50472], [88.3463538, 26.5071011], [88.346983, 26.5075588], [88.3490682, 26.5093381], [88.3498406, 26.5107398], [88.3500767, 26.5137832], [88.3507955, 26.5205417], [88.3522188, 26.5242575], [88.3556127, 26.5293733], [88.3566105, 26.5313795], [88.3566561, 26.531635], [88.3568132, 26.5325158], [88.3570933, 26.5340864], [88.3574903, 26.5376282], [88.3575868, 26.5400374], [88.3564925, 26.5422642], [88.3567822, 26.5439055], [88.3579945, 26.545729], [88.3584452, 26.5481573], [88.3596682, 26.5494337], [88.3636165, 26.5525721], [88.3651507, 26.5531095], [88.3673715, 26.5548178], [88.3695817, 26.5571019], [88.3707297, 26.55905], [88.371104, 26.5614214], [88.3709335, 26.5652397], [88.3707075, 26.568666], [88.3694744, 26.571573], [88.3688092, 26.5734249], [88.3689058, 26.5747491], [88.3694851, 26.5759197], [88.3705661, 26.5767665], [88.3716309, 26.5776852], [88.3731544, 26.5793451], [88.3737337, 26.5810242], [88.3738625, 26.5831063], [88.3742702, 26.5847278], [88.3758688, 26.5863205], [88.3764428, 26.5876541], [88.3770227, 26.5888655], [88.3768314, 26.5902134], [88.3785869, 26.5928504], [88.3795665, 26.5968537], [88.3810568, 26.5988215], [88.3852473, 26.6004532], [88.3883563, 26.6006345], [88.3915575, 26.6004094], [88.3930766, 26.6005518], [88.3945205, 26.6007097], [88.3957363, 26.6009005], [88.3964009, 26.6010048], [88.3971497, 26.6014278], [88.3974489, 26.6016729], [88.3976091, 26.6019491], [88.3977926, 26.6026605], [88.3976732, 26.6034518], [88.3970293, 26.6040197], [88.3957413, 26.6046016], [88.3943546, 26.6051431], [88.3912272, 26.6056227], [88.3885449, 26.6059873], [88.3877563, 26.606841], [88.3872199, 26.6078291], [88.3871019, 26.6095749], [88.3873701, 26.6111193], [88.387928, 26.6122991], [88.3893335, 26.6137187], [88.3904385, 26.6142559], [88.3928564, 26.6153334], [88.3958057, 26.6164131], [88.3971912, 26.6178306], [88.3977176, 26.6194518], [88.3973848, 26.6209952], [88.397361, 26.623232], [88.3971186, 26.624505], [88.3970861, 26.6251726], [88.3971168, 26.6258536], [88.3973317, 26.6263903], [88.3976158, 26.6269136], [88.3981179, 26.6273794], [88.3993013, 26.6281169], [88.4039971, 26.6290103], [88.4073482, 26.6304863], [88.4094904, 26.6323566], [88.4097607, 26.6340898], [88.4093822, 26.635823], [88.4080858, 26.6368624], [88.4076943, 26.6376793], [88.4064597, 26.6401165], [88.4031055, 26.6413401], [88.4014835, 26.6414487], [88.4004139, 26.6418641], [88.3998968, 26.6424418], [88.3997412, 26.6428525], [88.3997413, 26.6434843], [88.3997422, 26.6434858], [88.399748, 26.6434957], [88.4000177, 26.6439535], [88.4000809, 26.644081], [88.400081, 26.6440813], [88.4002638, 26.6444499], [88.400475, 26.6456863], [88.4004863, 26.6459083], [88.4005557, 26.6472658], [88.4006764, 26.6482541], [88.4009829, 26.6490257], [88.4010636, 26.6498095], [88.4010735, 26.6499056], [88.4010687, 26.6499222], [88.4008025, 26.6508398], [88.400617, 26.6519997], [88.4006234, 26.6520366], [88.4007075, 26.6525186], [88.4008633, 26.6531549], [88.4008612, 26.6532143], [88.4008333, 26.6540033], [88.3997137, 26.6556958], [88.3990409, 26.6567428], [88.3986444, 26.65765], [88.3985792, 26.6586111], [88.3985839, 26.6586265], [88.3988556, 26.6595182], [88.3993352, 26.6604501], [88.3998053, 26.6613637], [88.3999259, 26.6617744], [88.4000516, 26.6624919], [88.4004187, 26.6647482], [88.4004175, 26.6648068], [88.4003441, 26.6682817], [88.400346, 26.6683046], [88.4004432, 26.6694704], [88.4005254, 26.6704568], [88.4005232, 26.670491], [88.4004353, 26.6718332], [88.4004203, 26.6724243], [88.4002044, 26.6729208], [88.3998981, 26.6732773], [88.3991347, 26.6737739], [88.3979393, 26.6742389], [88.3964725, 26.6746272], [88.39482, 26.6750922], [88.3943349, 26.6752492], [88.3924341, 26.6758642], [88.3914194, 26.6764413], [88.3905054, 26.6772949], [88.3899529, 26.6780125], [88.3898324, 26.6785901], [88.3898407, 26.678626], [88.389953, 26.6791091], [88.3902143, 26.6798401], [88.3907318, 26.6806073], [88.390972, 26.6808442], [88.3912544, 26.6811307], [88.3914784, 26.6813209], [88.391807, 26.6816], [88.3926309, 26.6820105], [88.394133, 26.6824796], [88.3954493, 26.682836], [88.3959222, 26.6830209], [88.3965797, 26.6832781], [88.3974387, 26.6837156], [88.3980216, 26.6843203], [88.3986949, 26.6852002], [88.398792, 26.6853485], [88.3993984, 26.6862741], [88.3998407, 26.6869734], [88.4006398, 26.6889545], [88.4010069, 26.6901096], [88.4013135, 26.6909625], [88.4014038, 26.6912409], [88.40159, 26.6918153], [88.40159, 26.6918843], [88.4015901, 26.6926683], [88.401591, 26.6926742], [88.4016506, 26.6930834], [88.4020777, 26.693494], [88.4028264, 26.694085], [88.4038665, 26.6946625], [88.4047258, 26.6953482], [88.4055852, 26.6959843], [88.4061982, 26.6964219], [88.406776, 26.6965887], [88.407605, 26.6967826], [88.4083386, 26.6971661], [88.4088916, 26.6981271], [88.4092586, 26.6989258], [88.4094748, 26.6993364], [88.4097763, 26.6995033], [88.4098277, 26.6995179], [88.4102687, 26.699643], [88.4130522, 26.6999132], [88.4137908, 26.6999987], [88.4143385, 26.6999986], [88.4146299, 26.6999037], [88.414876, 26.6996013], [88.4149927, 26.6991987], [88.4149964, 26.6991861], [88.4149931, 26.6991427], [88.4149055, 26.6980038], [88.4148773, 26.6971368], [88.4148751, 26.6970696], [88.4149956, 26.6966544], [88.4158245, 26.6964647], [88.417201, 26.6963786], [88.4178404, 26.6963566], [88.4195875, 26.6962966], [88.4208736, 26.6962962], [88.4210597, 26.6967926], [88.42216, 26.6966523], [88.4231396, 26.6965166], [88.4231475, 26.6965159], [88.4237525, 26.6964623], [88.423937, 26.6967934], [88.4240894, 26.6970669], [88.4245934, 26.6970241], [88.4257423, 26.6969264], [88.4258624, 26.6959652], [88.4271788, 26.6958563], [88.4272542, 26.6958969], [88.4273763, 26.6960329], [88.4274126, 26.6960733], [88.4276512, 26.6963391], [88.4280834, 26.6965555], [88.4285104, 26.6965554], [88.4287562, 26.6963598], [88.4288168, 26.6963115], [88.42955, 26.695702], [88.4300121, 26.6952642], [88.4302399, 26.6949156], [88.4303183, 26.6947947], [88.4304778, 26.6944664], [88.4305894, 26.694244], [88.4309258, 26.6938062], [88.4312182, 26.6935755], [88.431418, 26.6934179], [88.4319403, 26.6932011], [88.4334375, 26.6931735], [88.4346031, 26.6932542], [88.4353365, 26.6931456], [88.4359796, 26.6930054], [88.4368988, 26.6927297], [88.4374012, 26.6927701], [88.4376474, 26.692743], [88.4378937, 26.692964], [88.4379241, 26.6934875], [88.4379846, 26.6940109], [88.439316, 26.6941551], [88.4397281, 26.6941997], [88.4411701, 26.694366], [88.4422796, 26.6945569], [88.4424513, 26.6945865], [88.4429136, 26.6947217], [88.4433107, 26.695051], [88.4437684, 26.6957682], [88.4441708, 26.6965127], [88.4445382, 26.6975278], [88.4447196, 26.6985205], [88.4450112, 26.6989221], [88.4454737, 26.6992512], [88.4459309, 26.6993051], [88.4464537, 26.6997156], [88.4467006, 26.7009835], [88.446882, 26.7017821], [88.4470381, 26.702274], [88.4472795, 26.702662], [88.4481391, 26.7033746], [88.4489334, 26.7039518], [88.4492401, 26.7044209], [88.4492664, 26.7045481], [88.4493359, 26.7048857], [88.4493254, 26.7049022], [88.4490899, 26.7052738], [88.4489786, 26.7053452], [88.4482311, 26.7058249], [88.4474074, 26.7065112], [88.4468554, 26.7073644], [88.4444557, 26.710899], [88.4439034, 26.711838], [88.4436577, 26.712524], [88.443382, 26.7137064], [88.443292, 26.7146136], [88.4426835, 26.7161359], [88.4426046, 26.7163332], [88.4405842, 26.7157294], [88.4394484, 26.7153734], [88.4384986, 26.715261], [88.4384071, 26.7152727], [88.4378253, 26.7153471], [88.4373381, 26.7156496], [88.4369413, 26.7160875], [88.4363588, 26.7169406], [88.4357464, 26.7182361], [88.4357165, 26.7186467], [88.4357213, 26.7186644], [88.4358374, 26.7190889], [88.435898, 26.7196079], [88.4358916, 26.7196178], [88.4344318, 26.7219235], [88.4341105, 26.7227089], [88.4337139, 26.723422], [88.4335584, 26.7239455], [88.4335586, 26.7244148], [88.4335595, 26.7244183], [88.4336543, 26.7247984], [88.4339912, 26.7252405], [88.4349507, 26.7252993], [88.4353079, 26.7253212], [88.4353385, 26.7261199], [88.4353367, 26.7261199], [88.4345229, 26.7261203], [88.4334388, 26.7261207], [88.4318157, 26.7262838], [88.4298911, 26.7267866], [88.4297053, 26.7268352], [88.4293685, 26.7267541], [88.429092, 26.7264789], [88.4284332, 26.7254231], [88.4283285, 26.7251301], [88.4281866, 26.7247328], [88.4277895, 26.7245163], [88.4276162, 26.7245223], [88.4269905, 26.7245437], [88.426503, 26.7243498], [88.4262265, 26.7241017], [88.4257993, 26.7240477], [88.4253265, 26.7230235], [88.4250348, 26.7225949], [88.4250224, 26.722596], [88.424286, 26.7226629], [88.4238892, 26.7228164], [88.4236282, 26.7235882], [88.422925, 26.7245496], [88.4224628, 26.7251003], [88.4217297, 26.7264498], [88.4215792, 26.7270817], [88.4215874, 26.7271225], [88.4217907, 26.7281286], [88.4226809, 26.7297212], [88.4231084, 26.7306868], [88.423908, 26.7320359], [88.4243506, 26.732681], [88.424964, 26.7332313], [88.4252707, 26.7335336], [88.4253313, 26.7342511], [88.4253274, 26.7342667], [88.4251205, 26.7351041], [88.4247187, 26.7356818], [88.4240807, 26.7361198], [88.4230356, 26.7370001], [88.4228612, 26.7373005], [88.4227945, 26.7374153], [88.4227596, 26.7378802], [88.4227638, 26.7379071], [88.4228251, 26.7382953], [88.423132, 26.7390353], [88.4233333, 26.7397076], [88.4233314, 26.73977], [88.4233035, 26.7407005], [88.4232868, 26.7410332], [88.4232386, 26.7419911], [88.4232405, 26.7420433], [88.4232692, 26.742844], [88.4232677, 26.7428483], [88.4226266, 26.7446628], [88.4226329, 26.7447191], [88.4227224, 26.7455156], [88.4228131, 26.745845], [88.423092, 26.7460019], [88.4231498, 26.7460345], [88.423465, 26.7460091], [88.4236575, 26.7459936], [88.4244517, 26.7460747], [88.4249866, 26.7463316], [88.4253717, 26.7465166], [88.4259549, 26.7468728], [88.4265986, 26.747342], [88.4271164, 26.7476982], [88.427423, 26.7478877], [88.4274231, 26.7479588], [88.4274232, 26.7480276], [88.4271166, 26.748303], [88.4261971, 26.7489893], [88.4257399, 26.7493504], [88.4244234, 26.7504475], [88.4240318, 26.7515836], [88.4234845, 26.7528789], [88.4230324, 26.75375], [88.4229571, 26.7540208], [88.4229593, 26.754088], [88.4229724, 26.7544991], [88.4231233, 26.754797], [88.4232742, 26.7549954], [88.4235457, 26.7552029], [88.4238071, 26.7552164], [88.4242193, 26.7552163], [88.4244055, 26.7551069], [88.4247269, 26.7549182], [88.4249732, 26.7547331], [88.4250797, 26.7545065], [88.4250836, 26.7544984], [88.4252443, 26.7542547], [88.4255057, 26.75402], [88.4257921, 26.7538213], [88.4260529, 26.7538016], [88.4260936, 26.7537986], [88.4264255, 26.7539971], [88.4268076, 26.7542541], [88.4273861, 26.7550166], [88.427382, 26.7550817], [88.4273561, 26.7554949], [88.4270397, 26.7561133], [88.42607, 26.7571606], [88.4258289, 26.7575532], [88.4256934, 26.757973], [88.4256936, 26.7584654], [88.4256936, 26.7585641], [88.4256945, 26.7585824], [88.4257089, 26.7588845], [88.4258195, 26.7591553], [88.4259776, 26.7592387], [88.4260759, 26.7592906], [88.4263373, 26.7592543], [88.4268299, 26.7591188], [88.4272268, 26.7587847], [88.4277897, 26.7582205], [88.4284729, 26.7575027], [88.4287217, 26.7571157], [88.4289402, 26.756776], [88.4293218, 26.7560493], [88.4295428, 26.7555708], [88.4297637, 26.7548578], [88.4300348, 26.7541447], [88.4301158, 26.7539063], [88.4301652, 26.753761], [88.4302607, 26.7535308], [88.4303159, 26.7534676], [88.4303561, 26.7533458], [88.4304666, 26.7532465], [88.4306174, 26.7532464], [88.4310549, 26.7535802], [88.4314672, 26.7539455], [88.4320706, 26.7543289], [88.4324378, 26.7548341], [88.4325889, 26.7554252], [88.4325778, 26.7554498], [88.432137, 26.7564227], [88.4318408, 26.7570501], [88.4315745, 26.7575195], [88.4314642, 26.7580475], [88.43147, 26.7580956], [88.4314894, 26.7582552], [88.4316001, 26.7583905], [88.4318917, 26.7584175], [88.4328065, 26.7582185], [88.4333192, 26.7581752], [88.4339877, 26.7581188], [88.4353851, 26.7579241], [88.4357086, 26.758241], [88.435712, 26.7582444], [88.4357676, 26.7588716], [88.4357629, 26.7588806], [88.4354146, 26.7595506], [88.4353006, 26.7597699], [88.435267, 26.7598423], [88.434924, 26.7605823], [88.4348843, 26.7614803], [88.4346785, 26.7621844], [88.4345683, 26.7629832], [88.4345428, 26.7632025], [88.4344682, 26.7638451], [88.434192, 26.7643868], [88.4341693, 26.7645027], [88.4340666, 26.7650276], [88.4340682, 26.7650957], [88.4340821, 26.765691], [88.4342381, 26.7661331], [88.4343642, 26.7668958], [88.434382, 26.7669333], [88.4346108, 26.7674146], [88.4348573, 26.7678207], [88.4352296, 26.7682492], [88.4354242, 26.7684194], [88.4356369, 26.7686055], [88.4361095, 26.7687046], [88.4373314, 26.7688982], [88.4375225, 26.7691237], [88.4375079, 26.7691771], [88.4374522, 26.769381], [88.4370954, 26.7696022], [88.4365776, 26.7696024], [88.4360296, 26.7696523], [88.4356879, 26.7697608], [88.4355874, 26.7699458], [88.4355874, 26.7701218], [88.4355883, 26.7701224], [88.4358389, 26.7703022], [88.4367539, 26.7704282], [88.4368611, 26.7705301], [88.43692, 26.7705861], [88.4373978, 26.7709333], [88.4375886, 26.7712981], [88.437589, 26.7712988], [88.4375818, 26.771355], [88.4375139, 26.77189], [88.4374337, 26.7722961], [88.4370707, 26.7726567], [88.4368157, 26.7729101], [88.4364589, 26.7733164], [88.4363061, 26.7735909], [88.436306, 26.7735911], [88.4362931, 26.7736143], [88.4362947, 26.7736847], [88.4363086, 26.7742913], [88.4365751, 26.7745845], [88.4371936, 26.7747828], [88.4375357, 26.7749315], [88.4378526, 26.7752607], [88.437837, 26.7753153], [88.4377961, 26.7754585], [88.4377572, 26.7755947], [88.4376317, 26.7759287], [88.4370135, 26.7761862], [88.436551, 26.7762857], [88.4361237, 26.7764574], [88.4358774, 26.7765793], [88.4357015, 26.7767283], [88.4353147, 26.7774189], [88.435159, 26.7777529], [88.4349932, 26.7778974], [88.4346514, 26.77806], [88.4342642, 26.7779383], [88.4336205, 26.7776182], [88.4331126, 26.7773341], [88.432142, 26.7774204], [88.4319914, 26.7774338], [88.43173, 26.7775557], [88.4316094, 26.7777634], [88.4315392, 26.777962], [88.4315472, 26.7780136], [88.4316098, 26.7784177], [88.4318664, 26.7788102], [88.4322537, 26.7791575], [88.4330484, 26.7796129], [88.4335563, 26.7799422], [88.433828, 26.7801767], [88.4340142, 26.7806686], [88.4340398, 26.7815937], [88.4340394, 26.7816189], [88.43403, 26.7822344], [88.4340318, 26.7822467], [88.4342016, 26.7834032], [88.434423, 26.7836828], [88.4347096, 26.7837685], [88.4348977, 26.7837404], [88.4355291, 26.7836463], [88.4366804, 26.7833525], [88.4373581, 26.7831244], [88.4377813, 26.782982], [88.438832, 26.7827108], [88.4397017, 26.7824035], [88.4402497, 26.78234], [88.4402991, 26.7823618], [88.4405263, 26.7824618], [88.440637, 26.7826467], [88.4406132, 26.7826772], [88.4404159, 26.7829312], [88.4400039, 26.783315], [88.4398682, 26.783473], [88.4398828, 26.7835286], [88.4398893, 26.7835535], [88.4399488, 26.7837798], [88.4403461, 26.783942], [88.4412363, 26.784262], [88.4416085, 26.7844469], [88.4419907, 26.7846543], [88.4420234, 26.7847342], [88.4421014, 26.784925], [88.4421418, 26.7852814], [88.4421358, 26.7852922], [88.4420464, 26.785453], [88.4417499, 26.7857239], [88.4409155, 26.7860312], [88.4402016, 26.7863518], [88.4397794, 26.7867221], [88.4397156, 26.7867615], [88.4389, 26.787449], [88.4388663, 26.7874947], [88.4386839, 26.7877425], [88.438654, 26.78809], [88.4386599, 26.7881038], [88.4387849, 26.7883967], [88.4389911, 26.7886539], [88.4394136, 26.7889379], [88.4398965, 26.7891228], [88.4414705, 26.7893342], [88.4418803, 26.7895044], [88.4420891, 26.7895911], [88.4423507, 26.7899113], [88.4423419, 26.789971], [88.4423106, 26.7901821], [88.441994, 26.7905027], [88.4414485, 26.7907272], [88.4413355, 26.7907737], [88.4401489, 26.7910586], [88.4393395, 26.7912665], [88.4387364, 26.7917451], [88.4385858, 26.7920927], [88.438586, 26.7925254], [88.4385861, 26.7926838], [88.438587, 26.7926894], [88.4387374, 26.793654], [88.4387325, 26.7936879], [88.4386473, 26.7942678], [88.4383974, 26.7946347], [88.438386, 26.7946515], [88.4378683, 26.794972], [88.4375919, 26.7954866], [88.4371847, 26.7956853], [88.4364003, 26.7957218], [88.4361441, 26.795707], [88.4355504, 26.7956725], [88.4347409, 26.7956503], [88.4346313, 26.7956573], [88.4343839, 26.795673], [88.4341123, 26.7956641], [88.4340004, 26.7956088], [88.4334635, 26.7953439], [88.4333897, 26.7952867], [88.4330509, 26.7950238], [88.4326977, 26.7949955], [88.4324324, 26.7949743], [88.4318593, 26.7950738], [88.4314721, 26.7951868], [88.4310901, 26.7955163], [88.4310949, 26.7955846], [88.4311154, 26.7958728], [88.4312052, 26.7965008], [88.4312159, 26.7965753], [88.4312567, 26.7968611], [88.4312545, 26.7969107], [88.4312543, 26.7969139], [88.4312543, 26.7969147], [88.4312418, 26.7971905], [88.4310105, 26.797353], [88.4306938, 26.7975111], [88.4304607, 26.7975641], [88.4302564, 26.7976106], [88.429804, 26.7980304], [88.4298043, 26.7985945], [88.4298052, 26.7985959], [88.4299602, 26.7988426], [88.4303576, 26.7990229], [88.4304985, 26.7991493], [88.4305538, 26.7993343], [88.4305383, 26.7993508], [88.430197, 26.7997134], [88.4297697, 26.7999754], [88.429619, 26.8002462], [88.4294835, 26.8008825], [88.4294861, 26.8009461], [88.4294987, 26.8012526], [88.4297653, 26.8013382], [88.4303436, 26.801374], [88.4305749, 26.8014236], [88.4309571, 26.8013152], [88.4312034, 26.8011301], [88.4319024, 26.8011027], [88.4325764, 26.8012378], [88.433205, 26.8014496], [88.4332671, 26.8014759], [88.4345027, 26.8019997], [88.4346136, 26.8025547], [88.4346211, 26.8026121], [88.4346929, 26.8031613], [88.4346944, 26.8031729], [88.4346885, 26.8031925], [88.434599, 26.8034888], [88.4346196, 26.8034953], [88.4348857, 26.803579], [88.4348442, 26.8036373], [88.4344736, 26.8041568], [88.4337804, 26.8055695], [88.4337707, 26.8061742], [88.4337726, 26.8061835], [88.4338664, 26.806639], [88.4339874, 26.8070721], [88.4340027, 26.8075504], [88.4340016, 26.8075597], [88.4339476, 26.8080197], [88.4338021, 26.8085749], [88.433405, 26.8091165], [88.4330482, 26.8094867], [88.4322941, 26.8101865], [88.4321176, 26.8103111], [88.4314381, 26.8107908], [88.4312132, 26.8109496], [88.43063, 26.811392], [88.4294752, 26.8120444], [88.4293831, 26.8120965], [88.429011, 26.81239], [88.4287648, 26.8127736], [88.4287702, 26.8128383], [88.42878, 26.8129586], [88.4289612, 26.8132022], [88.4290668, 26.813315], [88.4292177, 26.8133737], [88.4295748, 26.8133645], [88.4305351, 26.8128813], [88.4314251, 26.8123033], [88.4322194, 26.8116757], [88.4329886, 26.8109714], [88.4335214, 26.8105561], [88.4340694, 26.8101993], [88.4343861, 26.8100999], [88.4348237, 26.8099147], [88.4352511, 26.8099281], [88.4355781, 26.8100859], [88.4357694, 26.8103566], [88.4358198, 26.8107401], [88.4358145, 26.810765], [88.4356543, 26.8115254], [88.435187, 26.8124507], [88.4346394, 26.8134978], [88.4340314, 26.814509], [88.4334534, 26.8152943], [88.4324831, 26.816098], [88.4315731, 26.8167753], [88.4302962, 26.8179445], [88.4299796, 26.8184275], [88.4298439, 26.818757], [88.4297937, 26.8190909], [88.4297973, 26.819145], [88.4298393, 26.8197904], [88.4300156, 26.8202235], [88.4303175, 26.8204671], [88.4306445, 26.8206655], [88.4313336, 26.8207149], [88.4328826, 26.8205789], [88.4339389, 26.8206777], [88.4344873, 26.8209934], [88.4352622, 26.8216565], [88.4358107, 26.8223105], [88.4361933, 26.8229602], [88.4362743, 26.8232758], [88.436279, 26.8232941], [88.4362677, 26.8233182], [88.4360882, 26.8237003], [88.4360281, 26.8237373], [88.4356708, 26.8239577], [88.4355753, 26.8241699], [88.4355051, 26.8245263], [88.4355149, 26.8245531], [88.4355857, 26.8247475], [88.4362601, 26.8254467], [88.4365218, 26.8257804], [88.4366426, 26.825979], [88.4367285, 26.8265701], [88.4368745, 26.8270619], [88.4371213, 26.8277161], [88.4372826, 26.8281809], [88.43764, 26.8287989], [88.438093, 26.8293492], [88.4389234, 26.8300754], [88.439648, 26.8306031], [88.440116, 26.8310947], [88.4404483, 26.8315639], [88.4407201, 26.831812], [88.4409632, 26.832146], [88.4410222, 26.832227], [88.4412739, 26.8326692], [88.4412682, 26.8327293], [88.4412117, 26.8333302], [88.4412089, 26.8333596], [88.4411136, 26.8339011], [88.4409632, 26.8346143], [88.4407725, 26.8354401], [88.4407688, 26.8355399], [88.4407378, 26.8363878], [88.4407408, 26.8363997], [88.4408336, 26.8367578], [88.4409997, 26.8369923], [88.4411758, 26.8371638], [88.4414375, 26.8372133], [88.4419204, 26.8371634], [88.4421517, 26.8371137], [88.4424283, 26.8369285], [88.4430822, 26.8369553], [88.4433288, 26.8371763], [88.4437313, 26.8372709], [88.4443752, 26.8372344], [88.4447427, 26.8375908], [88.4454926, 26.8383801], [88.4460965, 26.8386732], [88.4485923, 26.8398677], [88.4496791, 26.8402101], [88.4508111, 26.8404081], [88.4523757, 26.8405923], [88.4536786, 26.8405419], [88.4546243, 26.8405279], [88.4564559, 26.8412399], [88.459737, 26.8428896], [88.4633099, 26.8444984], [88.4657506, 26.845458], [88.4694898, 26.8470576], [88.4706574, 26.847621], [88.4712259, 26.8478056], [88.4719657, 26.8479901], [88.4728057, 26.8479625], [88.4740635, 26.8479526], [88.4746171, 26.8481236], [88.4757243, 26.8486373], [88.4778183, 26.8499897], [88.4788051, 26.8507515], [88.4801338, 26.8515042], [88.4828574, 26.8532982], [88.4837382, 26.8537668], [88.4847498, 26.8540729], [88.4854542, 26.8541716], [88.4859925, 26.8541848], [88.4870186, 26.8538635], [88.4879791, 26.8534793], [88.4894175, 26.8529501], [88.490026, 26.852715], [88.4904533, 26.8523942], [88.4909056, 26.8518885], [88.4913426, 26.8512608], [88.4918352, 26.8507099], [88.4924684, 26.8500912], [88.4926393, 26.8499918], [88.4930768, 26.8498199], [88.4935194, 26.8496706], [88.4942189, 26.8498054], [88.4947223, 26.8500893], [88.4951902, 26.850152], [88.4957687, 26.8500658], [88.496342, 26.8498397], [88.496875, 26.8495956], [88.4973064, 26.8491891], [88.4986406, 26.8477756], [88.4988981, 26.8475028], [88.499508, 26.8463707], [88.4995903, 26.8447869], [88.4996067, 26.8435459], [88.4996378, 26.8427607], [88.4996697, 26.8425446], [88.4997037, 26.8423141], [88.5001218, 26.8417955], [88.5009678, 26.8410335], [88.5020298, 26.8404434], [88.5033232, 26.8399978], [88.5046364, 26.8396921], [88.5058843, 26.839481], [88.5081633, 26.8392077], [88.5086613, 26.8392396], [88.5090838, 26.8392942], [88.51013, 26.8393808], [88.5112067, 26.8391966], [88.5116449, 26.8386283], [88.512098, 26.838349], [88.5122595, 26.838551], [88.5122799, 26.8385766], [88.5124697, 26.8388141], [88.5124401, 26.8388475], [88.5106265, 26.8408974], [88.5105003, 26.8412628], [88.5104536, 26.842761], [88.5103565, 26.8442681], [88.5101849, 26.8447869], [88.5091367, 26.846528], [88.5079181, 26.8476731], [88.5064379, 26.8488045], [88.5059395, 26.8490343], [88.5047221, 26.8489926], [88.5036257, 26.8486261], [88.5028009, 26.8485442], [88.502378, 26.8486702], [88.5014112, 26.8495222], [88.4997394, 26.850888], [88.4981135, 26.8517665], [88.4973029, 26.8522712], [88.4972189, 26.8523447], [88.496466, 26.853003], [88.4957826, 26.8537391], [88.4952898, 26.8540012], [88.494465, 26.8542817], [88.4940827, 26.8543226], [88.493673, 26.8545152], [88.4935345, 26.8545803], [88.4930268, 26.8549147], [88.4924989, 26.8553934], [88.4917202, 26.856432], [88.4912381, 26.8573304], [88.4907862, 26.8582513], [88.4899871, 26.8590868], [88.4891627, 26.8598772], [88.4882177, 26.8607398], [88.4878054, 26.8610741], [88.4861967, 26.8624562], [88.4851509, 26.863179], [88.4836828, 26.8643625], [88.4832305, 26.8648682], [88.4828034, 26.865586], [88.4823815, 26.8663851], [88.4822237, 26.866586], [88.4821403, 26.8666922], [88.4820228, 26.8668311], [88.4818387, 26.8670488], [88.4807425, 26.8677897], [88.48029, 26.868133], [88.480099, 26.8683678], [88.4798124, 26.8686252], [88.4797574, 26.8689232], [88.4795666, 26.8694873], [88.4793412, 26.870557], [88.4793269, 26.871455], [88.4793289, 26.8714621], [88.4795894, 26.8724025], [88.4797468, 26.8738915], [88.4797468, 26.8739549], [88.4797475, 26.8746812], [88.4796925, 26.8751596], [88.4790141, 26.8760581], [88.4786571, 26.8765006], [88.4783555, 26.8767489], [88.4776563, 26.8770834], [88.4771381, 26.8772056], [88.4763683, 26.8772649], [88.4753266, 26.8772205], [88.4752165, 26.8778974], [88.4752208, 26.8779479], [88.4752636, 26.8784441], [88.4752879, 26.8787251], [88.4753079, 26.8789578], [88.4753064, 26.8790009], [88.4752932, 26.879373], [88.4752965, 26.8793789], [88.4754293, 26.879621], [88.4756391, 26.8798175], [88.4756508, 26.8798285], [88.4756506, 26.8798347], [88.4756481, 26.8798967], [88.4756065, 26.8809296], [88.4753614, 26.8826671], [88.4752529, 26.8851446], [88.4748176, 26.8879833], [88.4744073, 26.890804], [88.4741938, 26.8942021], [88.4741705, 26.8962869], [88.4741715, 26.8963464], [88.474197, 26.8977626], [88.4741967, 26.8977645], [88.4739765, 26.8990623], [88.4737306, 26.8997665], [88.4732434, 26.9010439], [88.4727213, 26.902565], [88.4727219, 26.9032779], [88.4726979, 26.9046994], [88.4725884, 26.9060488], [88.472453, 26.9066761], [88.4720709, 26.9071683], [88.4710598, 26.9080534], [88.4708389, 26.9086401], [88.4707589, 26.9093532], [88.4707648, 26.9093807], [88.4708954, 26.9099939], [88.4714444, 26.9103365], [88.4721292, 26.9106789], [88.4728694, 26.9109447], [88.4739372, 26.9117788], [88.4740183, 26.9124646], [88.4740133, 26.9124856], [88.4738528, 26.9131507], [88.4733903, 26.9137873], [88.4731721, 26.9138485], [88.473172, 26.9138485], [88.4727612, 26.9139637], [88.4724129, 26.9140749], [88.4722149, 26.9141381], [88.4720273, 26.914198], [88.4719963, 26.9142079], [88.4713119, 26.9143573], [88.4706625, 26.9144299], [88.4694042, 26.9146248], [88.4674362, 26.914775], [88.4671128, 26.9148192], [88.4669627, 26.9148398], [88.4660117, 26.9149699], [88.4648894, 26.9152188], [88.4643158, 26.9155125], [88.4639639, 26.9160993], [88.463909, 26.9167898], [88.4639138, 26.9168123], [88.4640454, 26.917426], [88.4640432, 26.917483], [88.4640158, 26.9181886], [88.4639358, 26.9188972], [88.4638155, 26.9190873], [88.4637313, 26.9192204], [88.4635789, 26.9194614], [88.4631212, 26.920071], [88.4627015, 26.9204391], [88.4625427, 26.9205783], [88.4620296, 26.9210283], [88.4606859, 26.9216157], [88.4595134, 26.9221579], [88.4583912, 26.9228445], [88.4573901, 26.9235273], [88.457239, 26.9236303], [88.4567258, 26.9240909], [88.456258, 26.9246056], [88.4562651, 26.9246704], [88.456334, 26.9252947], [88.4563391, 26.9253411], [88.4563431, 26.9253698], [88.4565364, 26.9267624], [88.4564262, 26.927453], [88.4561249, 26.9286039], [88.4558235, 26.9294388], [88.4554856, 26.9300837], [88.4549486, 26.931109], [88.4547022, 26.9315153], [88.4536668, 26.9339706], [88.453174, 26.9350043], [88.4523644, 26.9357499], [88.4522181, 26.9358847], [88.4505522, 26.9368874], [88.4491325, 26.9370596], [88.4479962, 26.9369763], [88.4477882, 26.936961], [88.4455981, 26.9370118], [88.4454974, 26.9370118], [88.4443142, 26.9370125], [88.4437655, 26.937112], [88.4423965, 26.937776], [88.442014, 26.9381688], [88.4418834, 26.9385569], [88.4419643, 26.9393691], [88.4421308, 26.9398834], [88.4425392, 26.9408896], [88.4428164, 26.941282], [88.4428416, 26.9413768], [88.4429312, 26.9415038], [88.444429, 26.9436278], [88.4448979, 26.9447557], [88.445004, 26.9453468], [88.4448986, 26.9459335], [88.4447076, 26.9464751], [88.4443203, 26.9470394], [88.4436912, 26.9477255], [88.4429263, 26.9484615], [88.4419703, 26.9495178], [88.4416986, 26.9499738], [88.4414723, 26.9507593], [88.4414021, 26.9510027], [88.4409096, 26.95265], [88.4407994, 26.953697], [88.4406349, 26.9565445], [88.4404999, 26.9583361], [88.4398461, 26.9597804], [88.438613, 26.9609858], [88.4382763, 26.9611729], [88.4373292, 26.9616993], [88.4366696, 26.961844], [88.4359041, 26.9616728], [88.4356293, 26.9615655], [88.4342066, 26.9610102], [88.4323996, 26.9602038], [88.4323814, 26.9601325], [88.4323782, 26.960131], [88.4314714, 26.9594951], [88.4306251, 26.9588546], [88.4300761, 26.9584893], [88.428842, 26.9579257], [88.4277122, 26.9578686], [88.4273364, 26.9578496], [88.4266011, 26.9578498], [88.425201, 26.9576066], [88.4244054, 26.9577017], [88.4236651, 26.9573815], [88.422995, 26.9572372], [88.4229751, 26.9572329], [88.4213793, 26.9584698], [88.4207198, 26.9588897], [88.419036, 26.9605376], [88.4186257, 26.960939], [88.4173622, 26.962248], [88.4179062, 26.9626134], [88.4179269, 26.962631], [88.4181938, 26.9628572], [88.418284, 26.9629337], [88.4189289, 26.9636916], [88.4193775, 26.9646706], [88.4194384, 26.9659522], [88.4192122, 26.9671346], [88.4187644, 26.9681681], [88.4183416, 26.9687774], [88.4182868, 26.9703658], [88.4186799, 26.9712185], [88.4188766, 26.9719721], [88.4189325, 26.9731814], [88.4191543, 26.9739349], [88.4200262, 26.975293], [88.4207019, 26.9773325], [88.4207576, 26.9781853], [88.4205312, 26.9787133], [88.4198063, 26.979571], [88.4193532, 26.9801487], [88.4192729, 26.9810061], [88.4190769, 26.9816716], [88.4190164, 26.9818771], [88.4187395, 26.9824818], [88.4187144, 26.9827707], [88.4176467, 26.9830463], [88.4162165, 26.983701], [88.4154309, 26.9839539], [88.4144337, 26.9844099], [88.4139656, 26.9845179], [88.413501, 26.984625], [88.413356, 26.9846584], [88.4121773, 26.9846316], [88.411729, 26.9845325], [88.411341, 26.9842573], [88.4106105, 26.9835535], [88.4100814, 26.9828497], [88.4096027, 26.9821459], [88.4090132, 26.9815684], [88.4085901, 26.9813158], [88.4082526, 26.9812392], [88.4078043, 26.9813385], [88.4055332, 26.9828011], [88.404833, 26.9827741], [88.403987, 26.983027], [88.4033171, 26.9833024], [88.4027832, 26.9836545], [88.4020228, 26.9842323], [88.4013229, 26.9846881], [88.4007335, 26.9847875], [88.4000385, 26.9850042], [88.3992276, 26.9852345], [88.3979936, 26.9854874], [88.3970669, 26.9858396], [88.3962812, 26.9862187], [88.3952711, 26.9868222], [88.3951026, 26.9869229], [88.3942011, 26.9871982], [88.3933901, 26.9873743], [88.3927152, 26.9875504], [88.3918741, 26.9877038], [88.3914812, 26.9879024], [88.3917936, 26.9884755], [88.3924938, 26.9891027], [88.3930731, 26.9896757], [88.3935143, 26.9902439], [88.3936022, 26.9903571], [88.3943881, 26.991115], [88.3952042, 26.9916339], [88.3957684, 26.9920399], [88.3971739, 26.9928565], [88.3984385, 26.9936234], [88.3996929, 26.9945393], [88.4001968, 26.9951123], [88.4002665, 26.9952061], [88.4010584, 26.9962719], [88.4014514, 26.9968584], [88.402565, 26.9979187], [88.4038599, 26.9988841], [88.4049838, 26.9999473], [88.4050948, 27.0000523], [88.4056368, 27.0013815], [88.4060773, 27.0022802], [88.4070549, 27.0034352], [88.4079569, 27.0043239], [88.4093931, 27.0049419], [88.4096549, 27.0050545], [88.4101487, 27.0054335], [88.4102168, 27.0054998], [88.4108575, 27.0061234], [88.4123458, 27.0075719], [88.4132831, 27.00842], [88.4137881, 27.0089599], [88.4138275, 27.009002], [88.4146841, 27.0095974], [88.4151124, 27.0098003], [88.4157472, 27.0098994], [88.4163064, 27.0097413], [88.4185279, 27.0092127], [88.4199393, 27.0088928], [88.4208603, 27.008684], [88.4228401, 27.0082727], [88.4232936, 27.0085974], [88.423123, 27.0102085], [88.4230077, 27.0117428], [88.4219058, 27.0152449], [88.4213518, 27.0158813], [88.4205765, 27.0170999], [88.4196699, 27.0180298], [88.4180483, 27.0199301], [88.4168546, 27.0213022], [88.4158876, 27.0225434], [88.4152481, 27.0234596], [88.4152415, 27.0234821], [88.4149763, 27.0243893], [88.4149767, 27.0243903], [88.4153747, 27.0253729], [88.4159393, 27.0259593], [88.4163578, 27.0268573], [88.4176635, 27.0285761], [88.4180265, 27.0293205], [88.4181032, 27.0295004], [88.4184804, 27.0303854], [88.4190654, 27.031405], [88.4192419, 27.0319104], [88.4194335, 27.0323481], [88.4193934, 27.0329166], [88.4192376, 27.0338598], [88.4189406, 27.0346902], [88.4185983, 27.0355522], [88.4184825, 27.0359448], [88.4183415, 27.0363149], [88.4181703, 27.0365857], [88.4178883, 27.0371092], [88.4178997, 27.0375837], [88.4179036, 27.0377454], [88.41803, 27.0385351], [88.4182166, 27.0390585], [88.4184437, 27.0400376], [88.4183908, 27.0403132], [88.4182476, 27.0410575], [88.4180765, 27.0418247], [88.4176786, 27.042434], [88.4162126, 27.043883], [88.4155829, 27.0444427], [88.415326, 27.0447541], [88.4153688, 27.0449737], [88.4157229, 27.0467914], [88.4161319, 27.0488908], [88.4169126, 27.0528978], [88.417078, 27.053747], [88.4171489, 27.0546766], [88.4169588, 27.0564499], [88.416953, 27.0565042], [88.4169383, 27.0575827], [88.4166008, 27.0583499], [88.4165912, 27.0594374], [88.416929, 27.0599381], [88.4171157, 27.0605067], [88.4170806, 27.0609624], [88.4173681, 27.0613234], [88.4181748, 27.0622076], [88.4191882, 27.063024], [88.4195665, 27.063579], [88.4212404, 27.0649863], [88.4215078, 27.0653066], [88.4217348, 27.0659473], [88.4216091, 27.066701], [88.4213623, 27.0672786], [88.4211202, 27.0677654], [88.4210098, 27.0679872], [88.4207075, 27.0682445], [88.4203005, 27.0687937], [88.4202994, 27.0687952], [88.4204558, 27.0690252], [88.4211161, 27.0691243], [88.4220184, 27.0691015], [88.4222452, 27.0691059], [88.4230767, 27.0687491], [88.4247548, 27.067837], [88.4253072, 27.0674338], [88.4259793, 27.0669431], [88.4263625, 27.0665447], [88.4268258, 27.0660629], [88.4268836, 27.066124], [88.427043, 27.0662922], [88.4278899, 27.0671862], [88.4284346, 27.0679982], [88.4290098, 27.0692659], [88.4292219, 27.0701413], [88.4297873, 27.0718153], [88.4300951, 27.0724424], [88.4301256, 27.0731147], [88.4306101, 27.0740847], [88.4309234, 27.0756549], [88.43108, 27.0765303], [88.4312415, 27.0767062], [88.4314987, 27.0770445], [88.4318064, 27.0775137], [88.432086, 27.0779159], [88.4321545, 27.0780144], [88.4323958, 27.0783078], [88.4326034, 27.0785602], [88.4328909, 27.0790069], [88.4329466, 27.0792596], [88.4323015, 27.0796885], [88.4318142, 27.0799523], [88.4316931, 27.0800179], [88.4308501, 27.0804743], [88.4296656, 27.0808266], [88.4285363, 27.0808993], [88.4270191, 27.0811436], [88.4257942, 27.0814959], [88.4242116, 27.082223], [88.4228406, 27.0829138], [88.4215503, 27.0834332], [88.4192873, 27.0847697], [88.4168125, 27.0863046], [88.4149424, 27.0872572], [88.4136722, 27.0880383], [88.4110308, 27.088955], [88.4091907, 27.0893796], [88.4076179, 27.0896778], [88.4060399, 27.089809], [88.4044013, 27.0897281], [88.4038684, 27.0897578], [88.4025361, 27.0898323], [88.401311, 27.0898551], [88.4002909, 27.0900493], [88.3992238, 27.0902525], [88.3973837, 27.0908755], [88.3958866, 27.0918233], [88.3943742, 27.092717], [88.3925138, 27.093552], [88.3911627, 27.09385], [88.3901292, 27.0939855], [88.3891007, 27.094324], [88.3873714, 27.0949424], [88.3863732, 27.0951094], [88.3841246, 27.0952855], [88.3831062, 27.0955112], [88.3814827, 27.0959942], [88.3797121, 27.096417], [88.3796122, 27.0964409], [88.3780542, 27.0968696], [88.3756291, 27.0974337], [88.3748879, 27.0974833], [88.3733803, 27.0975375], [88.3719635, 27.0974065], [88.3711001, 27.0973358], [88.3703653, 27.0972756], [88.3689082, 27.0969055], [88.3668714, 27.0961383], [88.3655706, 27.0959351], [88.3634681, 27.095768], [88.3619589, 27.0957082], [88.3611842, 27.0956775], [88.3587489, 27.0960112], [88.357564, 27.0966067], [88.3568177, 27.0973782], [88.3566965, 27.0980054], [88.3568325, 27.0987545], [88.3570845, 27.0996796], [88.35715, 27.1002121], [88.3568423, 27.1006948], [88.3560406, 27.1010241], [88.3550826, 27.1009518], [88.3534289, 27.1005273], [88.3523077, 27.1000241], [88.3515181, 27.0996697], [88.3511308, 27.0996253], [88.3505808, 27.0995623], [88.3503736, 27.0995386], [88.3502819, 27.0995667], [88.3500356, 27.0996423], [88.3499906, 27.0996561], [88.3499693, 27.0996627], [88.3495214, 27.0998002], [88.3490423, 27.1002874], [88.3489854, 27.1004316], [88.3489791, 27.1004476], [88.3484773, 27.1017178], [88.3478568, 27.1029315], [88.3471958, 27.1043167], [88.3466964, 27.105192], [88.3456976, 27.10692], [88.3446132, 27.108075], [88.3435338, 27.109063], [88.3413905, 27.1101229], [88.3401135, 27.1102923], [88.3396255, 27.1103571], [88.3391446, 27.1102696], [88.338607, 27.1101718], [88.3382899, 27.1100307], [88.3378357, 27.1098286], [88.3376084, 27.1096154], [88.3373469, 27.1093701], [88.3373063, 27.1093321], [88.3363994, 27.1074141], [88.3357188, 27.1069175], [88.335371, 27.106755], [88.3345642, 27.1067186], [88.3345497, 27.1067215], [88.3343918, 27.1067532], [88.3335759, 27.1069169], [88.3326378, 27.107413], [88.3319317, 27.1077286], [88.3309383, 27.1079269], [88.3294357, 27.1077684], [88.328024, 27.1074747], [88.3267937, 27.1071719], [88.3248881, 27.106368], [88.3242684, 27.1058316], [88.3242115, 27.1057823], [88.3230887, 27.1048105], [88.3226602, 27.1045802], [88.3221207, 27.1045665], [88.3215408, 27.1047467], [88.321016, 27.105437], [88.32092, 27.1060506], [88.3210859, 27.1068629], [88.3215346, 27.1072105], [88.3225375, 27.1080954], [88.3231683, 27.1087991], [88.3232417, 27.108881], [88.3233792, 27.1090343], [88.3236811, 27.1105009], [88.3236405, 27.1111372], [88.3235142, 27.1114621], [88.3230046, 27.1122155], [88.3224823, 27.1131846], [88.3224746, 27.1131989], [88.3223834, 27.1139931], [88.3224034, 27.1145842], [88.3224837, 27.1153153], [88.3225995, 27.1157079], [88.322952, 27.1166827], [88.3229316, 27.1171927], [88.3228507, 27.1176394], [88.3225833, 27.1179326], [88.3218155, 27.1185883], [88.3212863, 27.1190403], [88.3211152, 27.1191864], [88.3194707, 27.1202823], [88.3178263, 27.120981], [88.3168431, 27.1215573], [88.3167404, 27.1216175], [88.3164492, 27.1217882], [88.316126, 27.1225146], [88.3160349, 27.1231824], [88.3160847, 27.1242835], [88.3160338, 27.1251363], [88.3159076, 27.1255739], [88.3157129, 27.125833], [88.3156738, 27.1258851], [88.3156602, 27.1259032], [88.3153373, 27.1261513], [88.3150247, 27.1261512], [88.3149136, 27.1261194], [88.3148461, 27.1261001], [88.3144397, 27.1259839], [88.3130228, 27.1256223], [88.3122614, 27.1252835], [88.3115254, 27.1250079], [88.3108243, 27.1250707], [88.3099163, 27.125481], [88.3092901, 27.1257397], [88.3090436, 27.1258415], [88.3087814, 27.1260486], [88.3086886, 27.1261219], [88.3080899, 27.1265947], [88.3076555, 27.1269587], [88.3071212, 27.1274064], [88.3067534, 27.1276275], [88.3062736, 27.1279159], [88.3054211, 27.1282494], [88.3029695, 27.1291055], [88.3022935, 27.1292902], [88.3012447, 27.129073], [88.3003722, 27.1288018], [88.3000196, 27.1286922], [88.2999942, 27.1286843], [88.2991824, 27.1283274], [88.2989709, 27.127894], [88.298893, 27.1274213], [88.298765, 27.126644], [88.2984225, 27.1259263], [88.2978077, 27.1253754], [88.2972228, 27.125181], [88.2965671, 27.1253206], [88.2962796, 27.1254377], [88.2958355, 27.1257172], [88.2954736, 27.1259642], [88.2953663, 27.1260374], [88.295366, 27.1260376], [88.2942814, 27.1268174], [88.2926419, 27.1274798], [88.2919156, 27.1276012], [88.2903318, 27.1278484], [88.290288, 27.1278481], [88.2896913, 27.1278435], [88.2890964, 27.1276265], [88.2885869, 27.1273558], [88.2884214, 27.1272679], [88.2882545, 27.1271792], [88.2875033, 27.1268314], [88.2869285, 27.1266686], [88.2860914, 27.1266454], [88.2850724, 27.1269156], [88.2846655, 27.1270965], [88.2844538, 27.1271907], [88.2838262, 27.1274698], [88.2834235, 27.1275143], [88.2829987, 27.1276097], [88.2826049, 27.1276842], [88.2810164, 27.1284797], [88.2798281, 27.1298977], [88.2793456, 27.1310733], [88.2790061, 27.1318706], [88.2786734, 27.1317575], [88.2782701, 27.131482], [88.2775696, 27.1309265], [88.2771713, 27.1307999], [88.276899, 27.1306824], [88.2762483, 27.1307722], [88.2755724, 27.1309612], [88.2750075, 27.1310059], [88.2747755, 27.1309786], [88.2742057, 27.1308339], [88.2737976, 27.1304185], [88.2735713, 27.129606], [88.2735014, 27.1288614], [88.2734108, 27.1287305], [88.2732877, 27.1285764], [88.2731438, 27.1283964], [88.2724833, 27.1281477], [88.2723667, 27.1281685], [88.2717267, 27.1282825], [88.2704048, 27.1288908], [88.2694108, 27.1293773], [88.2693099, 27.1294404], [88.2690677, 27.1295079], [88.2689164, 27.1295258], [88.2683868, 27.1295119], [88.2679433, 27.1292949], [88.2673434, 27.1289831], [88.2662297, 27.1280392], [88.266008, 27.1278765], [88.2656602, 27.1276777], [88.2652164, 27.1276232], [88.2643188, 27.1276405], [88.263789, 27.1278026], [88.2634713, 27.127888], [88.2627753, 27.1278424], [88.2618579, 27.1273047], [88.2611979, 27.1267401], [88.259056, 27.1252627], [88.2575535, 27.1249365], [88.2570241, 27.1248007], [88.2560461, 27.1244976], [88.2547652, 27.1243611], [88.2529448, 27.1242783], [88.2508467, 27.1244434], [88.2506933, 27.1244313], [88.250589, 27.124423], [88.2500214, 27.1243783], [88.2485824, 27.1243511], [88.2480029, 27.1239354], [88.2476046, 27.1238629], [88.2472089, 27.1232174], [88.2470521, 27.1227664], [88.2468045, 27.1223469], [88.2464159, 27.1220494], [88.2461788, 27.1219729], [88.2457148, 27.1219281], [88.245382, 27.1219464], [88.2452054, 27.1218699], [88.2448472, 27.1217304], [88.2445192, 27.1215321], [88.2441608, 27.1211804], [88.2438679, 27.1208151], [88.2432116, 27.1201614], [88.2427776, 27.1198233], [88.2417737, 27.1195038], [88.2412239, 27.1193598], [88.2408053, 27.119333], [88.2403661, 27.1194867], [88.2402147, 27.1195396], [88.2402104, 27.1195411], [88.2398273, 27.1196182], [88.2395347, 27.1195643], [88.2391815, 27.1193976], [88.2387377, 27.1193573], [88.2382181, 27.1191727], [88.2376633, 27.1191055], [88.2365388, 27.119138], [88.2360597, 27.1190751], [88.2356411, 27.1190303], [88.2350864, 27.1190533], [88.2345165, 27.1190087], [88.2340323, 27.1189098], [88.2334422, 27.1188877], [88.2326809, 27.1190506], [88.2322724, 27.119078], [88.2307393, 27.118998], [88.2305556, 27.1189935], [88.230443, 27.1189907], [88.2300233, 27.1189805], [88.2294282, 27.1190441], [88.2289442, 27.1191437], [88.2285158, 27.1193336], [88.2280721, 27.1195505], [88.2275682, 27.1199254], [88.2269686, 27.1204312], [88.226631, 27.1208376], [88.2262632, 27.1211762], [88.2260162, 27.121375], [88.225734, 27.1215195], [88.2252097, 27.1217636], [88.2246251, 27.1221385], [88.224111, 27.1224367], [88.2233348, 27.1229427], [88.2229518, 27.1233039], [88.2222412, 27.1239316], [88.2216818, 27.1243878], [88.220961, 27.1246951], [88.220603, 27.1248172], [88.2201794, 27.1248942], [88.2195996, 27.1251112], [88.2194082, 27.1253098], [88.2193227, 27.1256438], [88.2193229, 27.1259191], [88.2193436, 27.1264696], [88.2194296, 27.1269434], [88.2195035, 27.1271869], [88.2195211, 27.1272448], [88.219546, 27.1273268], [88.2195714, 27.1275569], [88.2195768, 27.1279721], [88.2194461, 27.1284686], [88.2189673, 27.1288569], [88.2186546, 27.1289022], [88.2182161, 27.1291642], [88.2178784, 27.1294397], [88.2177023, 27.1300039], [88.2173698, 27.1304327], [88.216629, 27.1310966], [88.2161754, 27.1314353], [88.2157014, 27.1316568], [88.2149501, 27.1318241], [88.2144811, 27.1318966], [88.2137549, 27.1319648], [88.2134925, 27.1318116], [88.213225, 27.1315455], [88.2129826, 27.1311395], [88.2128923, 27.130966], [88.212745, 27.1306825], [88.2125887, 27.1303817], [88.2124472, 27.1301381], [88.2121647, 27.1299081], [88.2118317, 27.1298542], [88.2114939, 27.129886], [88.211386, 27.1300157], [88.2113175, 27.1300982], [88.2113173, 27.1300987], [88.2111261, 27.130563], [88.2109853, 27.1309873], [88.2108089, 27.1311769], [88.2105114, 27.1312674], [88.2101785, 27.131245], [88.2097145, 27.1311686], [88.2094018, 27.1311552], [88.209352, 27.1311651], [88.209289, 27.1311777], [88.2089933, 27.1312367], [88.2087362, 27.1313632], [88.2084245, 27.1315921], [88.2083521, 27.1316453], [88.2081767, 27.1317742], [88.2076979, 27.1322573], [88.2069518, 27.1328082], [88.2065637, 27.1331152], [88.2057167, 27.1334587], [88.2053081, 27.133495], [88.2047634, 27.1334051], [88.2046428, 27.1333956], [88.2043094, 27.1333692], [88.2042811, 27.1333487], [88.2040975, 27.1332159], [88.2037291, 27.1328867], [88.2033051, 27.132359], [88.2027248, 27.1319623], [88.2023665, 27.1316691], [88.2018923, 27.1314482], [88.2014384, 27.131435], [88.201035, 27.131548], [88.2004099, 27.1320537], [88.1999311, 27.1325684], [88.1997547, 27.1328347], [88.1995969, 27.1329927], [88.199412, 27.1331779], [88.1994022, 27.1331831], [88.1992613, 27.1332582], [88.1992255, 27.1332772], [88.1991134, 27.1332797], [88.1988019, 27.1332864], [88.1987325, 27.1332808], [88.1984185, 27.133255], [88.1979394, 27.1332328], [88.1975611, 27.1331788], [88.1971627, 27.1331925], [88.196734, 27.1333687], [88.1967101, 27.1333822], [88.1965874, 27.1334515], [88.1965398, 27.1334784], [88.1962703, 27.1336307], [88.1958469, 27.1340821], [88.1956385, 27.1343336], [88.1953831, 27.1346419], [88.1950724, 27.1347913], [88.1949042, 27.1348723], [88.1946268, 27.1348499], [88.1943443, 27.1346875], [88.1941373, 27.1344981], [88.1936981, 27.1338711], [88.1933279, 27.1334008], [88.1933146, 27.1333839], [88.1932538, 27.1333277], [88.1928957, 27.132996], [88.1922802, 27.1325993], [88.192028, 27.1324821], [88.1914076, 27.1325365], [88.1912225, 27.1326127], [88.1910892, 27.1326676], [88.1910345, 27.1326901], [88.1903336, 27.1330649], [88.1898294, 27.1332728], [88.1895772, 27.1332187], [88.1892443, 27.133097], [88.1888457, 27.1328897], [88.188422, 27.1327589], [88.1877562, 27.132642], [88.1873124, 27.1326195], [88.1869239, 27.1325159], [88.1865758, 27.1323897], [88.1864427, 27.1322958], [88.1863841, 27.1322545], [88.186337, 27.1321973], [88.1861721, 27.1319974], [88.1859954, 27.1314153], [88.1857479, 27.1309506], [88.1853595, 27.1307658], [88.1849561, 27.1307885], [88.1846888, 27.1308789], [88.1844418, 27.1311903], [88.1843411, 27.131407], [88.1840942, 27.1317184], [88.1836707, 27.1321022], [88.183227, 27.1323731], [88.1825814, 27.1324094], [88.182289, 27.1324502], [88.1821968, 27.1324502], [88.1816635, 27.1324505], [88.1815876, 27.1324531], [88.1810079, 27.1324732], [88.1805742, 27.1323967], [88.1803067, 27.1321667], [88.1800846, 27.1318238], [88.1800642, 27.1314268], [88.1800248, 27.1309934], [88.1800118, 27.1308508], [88.1800034, 27.1307589], [88.1797207, 27.1301318], [88.179186, 27.1298341], [88.1786261, 27.1296674], [88.17792, 27.1296091], [88.1774409, 27.1297085], [88.177367, 27.1297297], [88.1771921, 27.1297799], [88.1770476, 27.1298214], [88.1765483, 27.1298667], [88.1761751, 27.129921], [88.1758674, 27.1298083], [88.1756303, 27.1296369], [88.1753881, 27.1294023], [88.1752742, 27.1292505], [88.1751606, 27.129099], [88.1751005, 27.1290189], [88.1750813, 27.1289657], [88.174949, 27.1285993], [88.174737, 27.1283061], [88.1744192, 27.1280083], [88.1738492, 27.1277874], [88.1729414, 27.1276659], [88.1726962, 27.1276017], [88.1725631, 27.1275668], [88.1723209, 27.1273593], [88.1721722, 27.127126], [88.1721688, 27.1271207], [88.1721363, 27.1270697], [88.1720332, 27.1269081], [88.1718161, 27.1262809], [88.1716343, 27.1256628], [88.1716191, 27.1255726], [88.1715822, 27.1253858], [88.171566, 27.1253039], [88.171557, 27.1252582], [88.1715433, 27.125189], [88.1713465, 27.1246701], [88.1710841, 27.1241738], [88.170988, 27.1237181], [88.1709261, 27.1234847], [88.1708719, 27.1232805], [88.170791, 27.122915], [88.1706977, 27.1227707], [88.1706043, 27.1226262], [88.1703824, 27.122509], [88.1698024, 27.1226175], [88.1695581, 27.1227235], [88.1694579, 27.122767], [88.1693134, 27.1228297], [88.1688091, 27.1229517], [88.1684208, 27.1229834], [88.1678408, 27.1229024], [88.1675482, 27.12274], [88.167286, 27.1224332], [88.1671597, 27.1220903], [88.1671092, 27.121806], [88.166983, 27.1213323], [88.1668667, 27.1207141], [88.1667103, 27.1202404], [88.1663873, 27.1197261], [88.1661805, 27.1195501], [88.1657417, 27.1192389], [88.165212, 27.1189953], [88.1648186, 27.1187247], [88.1646925, 27.1186209], [88.1645109, 27.1183954], [88.1644149, 27.1179848], [88.1643896, 27.1175832], [88.1643894, 27.1170913], [88.1643741, 27.1165949], [88.1642681, 27.1162837], [88.1640209, 27.1158099], [88.1635567, 27.1152234], [88.1634256, 27.1149798], [88.163032, 27.1144338], [88.1625831, 27.113924], [88.1623712, 27.1137165], [88.1622257, 27.1135431], [88.1621497, 27.1134525], [88.162129, 27.1134278], [88.162129, 27.1134277], [88.1621288, 27.1134276], [88.1621284, 27.1134273], [88.162128, 27.113427], [88.1621279, 27.1134269], [88.1621278, 27.1134268], [88.1621273, 27.1134264], [88.1621271, 27.1134263], [88.1621256, 27.1134251], [88.1621255, 27.1134251], [88.1621251, 27.1134247], [88.1621243, 27.1134241], [88.1621225, 27.1134226], [88.1621209, 27.1134215], [88.162118, 27.1134193], [88.1621176, 27.1134189], [88.1621173, 27.1134187], [88.162115, 27.1134169], [88.1621142, 27.1134163], [88.1621119, 27.1134145], [88.1621108, 27.1134136], [88.1621091, 27.1134123], [88.1621073, 27.1134109], [88.1621055, 27.1134095], [88.1621032, 27.1134077], [88.1621015, 27.1134064], [88.1620975, 27.1134034], [88.1620973, 27.1134031], [88.1620968, 27.1134028], [88.1620963, 27.1134024], [88.1620957, 27.1134019], [88.1620764, 27.113387], [88.1620682, 27.1133805], [88.1620486, 27.1133654], [88.1620287, 27.11335], [88.1620158, 27.1133399], [88.1619987, 27.1133267], [88.1619795, 27.1133118], [88.1619626, 27.1132986], [88.1619595, 27.1132963], [88.1619461, 27.1132858], [88.1619384, 27.1132798], [88.161938, 27.1132796], [88.1619176, 27.1132637], [88.1619143, 27.1132612], [88.1619063, 27.113255], [88.1618848, 27.1132383], [88.1617942, 27.113168], [88.1617105, 27.113103], [88.1617069, 27.1131002], [88.1616375, 27.1130446], [88.1615362, 27.1129635], [88.16149, 27.1129265], [88.1614439, 27.1128897], [88.1614285, 27.1128773], [88.1614091, 27.1128618], [88.1613458, 27.1128111], [88.1613354, 27.1128027], [88.1613214, 27.1127916], [88.161316, 27.1127872], [88.1612766, 27.1127557], [88.1612709, 27.1127527], [88.160969, 27.1125933], [88.1605555, 27.1125167], [88.1602075, 27.1125167], [88.1599857, 27.112571], [88.1597689, 27.1127606], [88.1596418, 27.1129028], [88.1595665, 27.1129871], [88.159406, 27.1131667], [88.1590128, 27.1135098], [88.158806, 27.1135505], [88.1585942, 27.1134647], [88.1583974, 27.1132301], [88.1582865, 27.1130768], [88.1579636, 27.1123594], [88.1578726, 27.112012], [88.1575681, 27.1110793], [88.1575155, 27.1109183], [88.1575042, 27.1108839], [88.1573075, 27.110532], [88.15702, 27.1103064], [88.1568385, 27.1102117], [88.1563493, 27.1100042], [88.1560134, 27.1100112], [88.1559106, 27.1100133], [88.1555627, 27.1100043], [88.1555368, 27.1100099], [88.1553076, 27.1100592], [88.1550584, 27.1101128], [88.1545996, 27.1100949], [88.1541709, 27.1100588], [88.1540348, 27.1100363], [88.1536566, 27.1099358], [88.1533826, 27.109863], [88.1533756, 27.1098612], [88.1526429, 27.1096665], [88.1522571, 27.1095889], [88.1522395, 27.1095854], [88.1517807, 27.1095764], [88.1516639, 27.1096197], [88.1514026, 27.1097164], [88.1509689, 27.1099737], [88.1507522, 27.1102805], [88.1506565, 27.1107319], [88.1506465, 27.1112869], [88.150687, 27.1119998], [88.1506425, 27.1125838], [88.1506387, 27.1126334], [88.1506367, 27.1126586], [88.1506469, 27.1130874], [88.1505411, 27.1134167], [88.1502638, 27.1137282], [88.1498352, 27.1138952], [88.1494872, 27.1139133], [88.1491293, 27.1138908], [88.1486703, 27.1138052], [88.1483223, 27.1136427], [88.1477727, 27.1133315], [88.147455, 27.1131153], [88.1474269, 27.1130962], [88.1474146, 27.1130878], [88.1472027, 27.1128893], [88.1469253, 27.1125058], [88.1465067, 27.1120953], [88.1461588, 27.1118562], [88.1458411, 27.111766], [88.1453116, 27.111766], [88.1451301, 27.1118021], [88.1447217, 27.1119466], [88.1444846, 27.1120774], [88.1443536, 27.1121858], [88.1442628, 27.1123392], [88.1442578, 27.1127814], [88.1443133, 27.112989], [88.1444244, 27.1135034], [88.1445203, 27.1141893], [88.1445607, 27.1146811], [88.1445355, 27.1148075], [88.1444145, 27.1151144], [88.1443534, 27.1152393], [88.1443207, 27.1153059], [88.1442885, 27.1153716], [88.1440415, 27.1156108], [88.1437137, 27.1156785], [88.1435926, 27.1156695], [88.1432548, 27.1156154], [88.1429724, 27.1155477], [88.1424556, 27.115338], [88.1424277, 27.1153267], [88.1423122, 27.1152476], [88.1421706, 27.1151507], [88.141752, 27.11488], [88.1412527, 27.114668], [88.1408946, 27.114483], [88.140461, 27.1143071], [88.1403425, 27.1142617], [88.1399315, 27.1141041], [88.1394373, 27.1139958], [88.1389078, 27.1139101], [88.13857, 27.114041], [88.1383279, 27.1141719], [88.1379698, 27.1144021], [88.1376219, 27.1146142], [88.1372539, 27.1146593], [88.136916, 27.1146458], [88.1366336, 27.1146458], [88.1363613, 27.1147452], [88.1361041, 27.1149211], [88.1360134, 27.1152415], [88.1360285, 27.1155574], [88.1360034, 27.1157605], [88.1357109, 27.1160899], [88.1353932, 27.1165728], [88.1353378, 27.1169969], [88.135363, 27.1172677], [88.135711, 27.1178091], [88.1362137, 27.1186782], [88.1362356, 27.1187161], [88.1362589, 27.1188095], [88.1363315, 27.1190997], [88.1362558, 27.1194562], [88.1361903, 27.1196321], [88.1359332, 27.1200067], [88.1358716, 27.1200872], [88.1357796, 27.1202077], [88.1357263, 27.1202774], [88.1354893, 27.1204761], [88.1354721, 27.1204836], [88.1354221, 27.1205056], [88.1352322, 27.1205888], [88.1348842, 27.1206249], [88.1344909, 27.1206791], [88.1343089, 27.1207462], [88.1342337, 27.1207739], [88.1339059, 27.121004], [88.1336689, 27.1211936], [88.1333361, 27.1213561], [88.1327914, 27.1214779], [88.1323383, 27.1215351], [88.1320401, 27.1215727], [88.1319941, 27.1215755], [88.1315105, 27.1216044], [88.1311878, 27.1216089], [88.1308448, 27.1215728], [88.1304717, 27.1215863], [88.1303961, 27.1215502], [88.1303802, 27.1215385], [88.130288, 27.1214705], [88.1301086, 27.1213381], [88.1298413, 27.1212614], [88.1292866, 27.1211442], [88.1290445, 27.1211396], [88.1287924, 27.1211126], [88.1285957, 27.1211125], [88.1283889, 27.121081], [88.1281015, 27.1210764], [88.1279754, 27.1210494], [88.1277081, 27.1209456], [88.1275316, 27.1208554], [88.1273904, 27.1207967], [88.1271836, 27.120738], [88.126997, 27.1207651], [88.1268206, 27.1208644], [88.1266137, 27.120914], [88.1262103, 27.1208644], [88.1258775, 27.1208509], [88.1257862, 27.1209122], [88.1257565, 27.1209321], [88.1255951, 27.1211036], [88.1253783, 27.1211983], [88.1251564, 27.1212028], [88.1249093, 27.1211713], [88.1246067, 27.1211081], [88.124405, 27.1210449], [88.1240772, 27.1209636], [88.1237897, 27.1209366], [88.1235376, 27.1210087], [88.1232905, 27.1211125], [88.1228769, 27.1213247], [88.1224079, 27.1216179], [88.1222112, 27.1218435], [88.1219439, 27.122042], [88.1217573, 27.1222812], [88.1215859, 27.1225474], [88.1213942, 27.1229762], [88.1210967, 27.1235808], [88.1208496, 27.1239237], [88.1207705, 27.1239975], [88.1207672, 27.1240006], [88.1202746, 27.1244607], [88.1198005, 27.1248397], [88.119155, 27.1251465], [88.1188978, 27.1252232], [88.118763, 27.1252883], [88.1187533, 27.125293], [88.1182623, 27.1255301], [88.1172385, 27.1259406], [88.1164719, 27.1264324], [88.1159272, 27.1269288], [88.1151657, 27.1272761], [88.1146763, 27.1276145], [88.1141418, 27.1280703], [88.113708, 27.128526], [88.1135725, 27.1287078], [88.1135635, 27.1287198], [88.1134585, 27.1288608], [88.1129917, 27.129487], [88.112889, 27.1297093], [88.112583, 27.1303715], [88.112346, 27.1307008], [88.1121241, 27.1309445], [88.1117408, 27.131179], [88.1114432, 27.1312964], [88.1103436, 27.1315444], [88.1089718, 27.1317564], [88.1083363, 27.1317563], [88.1071158, 27.1314448], [88.1066822, 27.1312687], [88.1065799, 27.1312059], [88.1065507, 27.131188], [88.1064249, 27.1311107], [88.1059913, 27.1310565], [88.1055827, 27.1310565], [88.1052751, 27.1310699], [88.1045942, 27.1312774], [88.1038779, 27.1314849], [88.1033131, 27.1316698], [88.1027431, 27.131936], [88.1020874, 27.1323239], [88.101517, 27.1326121], [88.1013105, 27.1327164], [88.101055, 27.1327804], [88.1010087, 27.1327919], [88.1008062, 27.1328426], [88.100709, 27.1328574], [88.0998883, 27.1329824], [88.0987484, 27.133104], [88.0982592, 27.1330723], [88.0978235, 27.1328519], [88.0977813, 27.1328305], [88.0977345, 27.1328068], [88.0975632, 27.1327202], [88.0971246, 27.1325711], [88.0967058, 27.1328012], [88.0966313, 27.1328636], [88.0963073, 27.133135], [88.0961429, 27.1334118], [88.0960565, 27.1335573], [88.09605, 27.1335682], [88.0955906, 27.1347503], [88.0954291, 27.1353098], [88.0949346, 27.1362393], [88.0947378, 27.136519], [88.0944754, 27.1368574], [88.0941273, 27.1371596], [88.0934363, 27.1375656], [88.0929924, 27.1378633], [88.0927905, 27.1382062], [88.0922856, 27.1396095], [88.0917912, 27.1402501], [88.0914279, 27.1406696], [88.0904541, 27.1416171], [88.0899596, 27.1420502], [88.0894904, 27.1426005], [88.0892572, 27.1428146], [88.0891276, 27.1429337], [88.0891171, 27.1429434], [88.0888496, 27.1432637], [88.0887133, 27.143575], [88.0886635, 27.1439353], [88.0886627, 27.1439405], [88.0886899, 27.144041], [88.0887736, 27.1443512], [88.0889398, 27.1450551], [88.0889447, 27.1453891], [88.0888336, 27.1456236], [88.0885361, 27.1458312], [88.0883382, 27.1459051], [88.0882344, 27.1459439], [88.0880417, 27.146016], [88.0877541, 27.1461513], [88.0877438, 27.1466161], [88.0876778, 27.1478615], [88.0877533, 27.1482722], [88.087965, 27.1488589], [88.0881313, 27.1492469], [88.0881312, 27.1496441], [88.0880303, 27.1498696], [88.0877931, 27.1501674], [88.0876063, 27.1505328], [88.0874296, 27.1510337], [88.0874597, 27.1515887], [88.0875806, 27.1518189], [88.0878025, 27.152031], [88.0877871, 27.152762], [88.0878223, 27.1532494], [88.0878419, 27.1534141], [88.0878877, 27.1537999], [88.0880237, 27.1543188], [88.0881093, 27.1548062], [88.0879527, 27.155262], [88.087665, 27.1558124], [88.0874933, 27.1563313], [88.0875941, 27.1566337], [88.087836, 27.1572474], [88.0878661, 27.1577934], [88.0877297, 27.1584793], [88.0872401, 27.1591153], [88.0868363, 27.1595981], [88.0868387, 27.1599669], [88.0868412, 27.1603607], [88.0868411, 27.1605494], [88.0868409, 27.1609067], [88.0867904, 27.1611007], [88.086644, 27.1616106], [88.0866942, 27.1621882], [88.0866939, 27.1630906], [88.0867452, 27.1634621], [88.0867644, 27.1636006], [88.0868142, 27.1637164], [88.0868696, 27.1638449], [88.0868732, 27.1638533], [88.0869257, 27.1639752], [88.0870283, 27.1641169], [88.0871021, 27.1642189], [88.0869002, 27.1646159], [88.0867352, 27.164894], [88.0867092, 27.1649377], [88.0865923, 27.1651348], [88.0862995, 27.1655272], [88.0859767, 27.1656354], [88.0856686, 27.1656868], [88.085614, 27.1656959], [88.0855175, 27.165712], [88.0849222, 27.1656802], [88.0844428, 27.1660005], [88.0838321, 27.1666185], [88.0832518, 27.1670786], [88.0827874, 27.1674891], [88.0823332, 27.1680531], [88.0821428, 27.1683408], [88.0818486, 27.1686756], [88.0814144, 27.169402], [88.0808289, 27.17002], [88.0803595, 27.1704665], [88.079547, 27.1711522], [88.0790625, 27.1716574], [88.0786486, 27.1721311], [88.078159, 27.172528], [88.077879, 27.1726673], [88.077407, 27.1729022], [88.0773516, 27.1730241], [88.0773767, 27.1731144], [88.0774725, 27.173173], [88.0776339, 27.1732678], [88.0779717, 27.1733578], [88.0780073, 27.1733672], [88.0780604, 27.1733786], [88.0785975, 27.1734938], [88.0791423, 27.173679], [88.0795257, 27.1739363], [88.0797626, 27.1743651], [88.0796919, 27.1747125], [88.0795908, 27.1750644], [88.0794681, 27.1754034], [88.0793786, 27.1756509], [88.0789697, 27.1762058], [88.0787374, 27.1766796], [88.0787163, 27.1767969], [88.0786717, 27.1770451], [88.0786969, 27.1771468], [88.0787321, 27.1772888], [88.078732, 27.1775956], [88.0788983, 27.1780514], [88.0789839, 27.1785252], [88.0788324, 27.1788321], [88.0785395, 27.1793509], [88.0785404, 27.1794179], [88.0785492, 27.1801495], [88.0785441, 27.1803526], [88.0784333, 27.1805224], [88.0783675, 27.1806233], [88.078216, 27.1807361], [88.0780293, 27.1808217], [88.0777227, 27.1809159], [88.0777063, 27.1809209], [88.0776147, 27.1809827], [88.077459, 27.1810877], [88.0772722, 27.1813991], [88.0772032, 27.1815695], [88.0771863, 27.1816111], [88.0771532, 27.1817268], [88.0770095, 27.1822293], [88.0767872, 27.1826353], [88.0765904, 27.1828653], [88.0762572, 27.1831676], [88.0760304, 27.1833257], [88.0759151, 27.183406], [88.0757525, 27.1835194], [88.0756364, 27.1835644], [88.0752528, 27.1838847], [88.0751215, 27.1840426], [88.075079, 27.1841236], [88.0749347, 27.184399], [88.0749266, 27.1844199], [88.074773, 27.1848185], [88.07469, 27.1850658], [88.0746503, 27.1851839], [88.0746366, 27.1852246], [88.074596, 27.1857481], [88.0744495, 27.1860188], [88.0742558, 27.1861851], [88.0741921, 27.1862398], [88.0741469, 27.1862661], [88.0737126, 27.1865193], [88.0734047, 27.1866637], [88.0731423, 27.1867673], [88.0729201, 27.1869568], [88.0727233, 27.1872003], [88.0726978, 27.1875659], [88.0726624, 27.187805], [88.0730402, 27.1891137], [88.0731611, 27.189565], [88.0732719, 27.1899621], [88.0733576, 27.1903683], [88.0734332, 27.1906165], [88.0735491, 27.1908135], [88.0736298, 27.1909505], [88.0736365, 27.190961], [88.0739374, 27.1914335], [88.0741844, 27.1918667], [88.0741944, 27.1920653], [88.074285, 27.1924037], [88.0743176, 27.192693], [88.0743303, 27.1928053], [88.0744312, 27.1929408], [88.0745311, 27.1930431], [88.0750213, 27.1935456], [88.0752986, 27.1939519], [88.0755962, 27.1944393], [88.075692, 27.1946604], [88.075949, 27.1951479], [88.0762316, 27.1954458], [88.0767007, 27.1958159], [88.077296, 27.1961726], [88.0777753, 27.196579], [88.0780223, 27.196958], [88.0781584, 27.1974635], [88.0781834, 27.1979959], [88.0782001, 27.1980972], [88.0782828, 27.1985999], [88.0783193, 27.1988218], [88.0784107, 27.1990188], [88.0784554, 27.1991151], [88.0787025, 27.1995033], [88.0790051, 27.199923], [88.0791647, 27.2001917], [88.0792169, 27.2002796], [88.0792248, 27.200319], [88.0792396, 27.2003934], [88.0792582, 27.2004862], [88.0792695, 27.2005427], [88.0793278, 27.2008346], [88.0791661, 27.2010873], [88.0789188, 27.2012496], [88.0785604, 27.2014075], [88.0778437, 27.2018133], [88.0772278, 27.2022283], [88.0771528, 27.2022456], [88.0771527, 27.2022456], [88.0771007, 27.2022576], [88.0769149, 27.2023004], [88.0764808, 27.2025348], [88.0763898, 27.2026431], [88.0760971, 27.202828], [88.0756427, 27.2030941], [88.0753247, 27.2031932], [88.0747998, 27.203342], [88.0742345, 27.2035719], [88.073538, 27.2037115], [88.0731695, 27.2037701], [88.072849, 27.2038101], [88.0727851, 27.2038181], [88.0726295, 27.2038375], [88.0720995, 27.2039727], [88.0716906, 27.2041621], [88.0711707, 27.2045634], [88.0707718, 27.205019], [88.0704485, 27.2054702], [88.0699284, 27.2059708], [88.0697163, 27.2062099], [88.0693386, 27.2064359], [88.0691964, 27.206521], [88.0684441, 27.2070216], [88.0678483, 27.2076035], [88.0671667, 27.2080724], [88.0669446, 27.2082483], [88.0660813, 27.2087579], [88.0655208, 27.2091637], [88.0650866, 27.2096509], [88.0647582, 27.2100884], [88.0644955, 27.2106433], [88.0644044, 27.211054], [88.0643729, 27.2116284], [88.0643688, 27.2117038], [88.0644542, 27.2122678], [88.0647717, 27.2131524], [88.0648228, 27.2133103], [88.0648317, 27.2133377], [88.064928, 27.2136353], [88.0648622, 27.2139375], [88.0646601, 27.214312], [88.0644985, 27.2144021], [88.0641805, 27.214542], [88.0636353, 27.2146365], [88.0627673, 27.2145729], [88.0623282, 27.2144508], [88.0620713, 27.2143234], [88.0620352, 27.2143055], [88.0618639, 27.2142205], [88.0614401, 27.2141301], [88.0608444, 27.2142832], [88.0604944, 27.2143171], [88.0603801, 27.2143281], [88.0597965, 27.2142861], [88.0597492, 27.2142827], [88.0591184, 27.2141064], [88.0587196, 27.2140791], [88.0580838, 27.2140246], [88.0579273, 27.2140516], [88.0575539, 27.2139297], [88.0571451, 27.2138211], [88.0564234, 27.2138298], [88.056171, 27.2137756], [88.0557623, 27.2135632], [88.0556129, 27.2135289], [88.0553941, 27.2134787], [88.0551517, 27.213423], [88.0542281, 27.2134677], [88.0535116, 27.2132869], [88.052825, 27.2134083], [88.0524111, 27.2135661], [88.0522698, 27.213593], [88.0515124, 27.2139311], [88.0514434, 27.2139666], [88.0505733, 27.2144134], [88.0498764, 27.2150673], [88.0498662, 27.2150804], [88.0494677, 27.2155912], [88.0492853, 27.2158251], [88.0490074, 27.216213], [88.0488701, 27.2163801], [88.0485631, 27.2167537], [88.0484367, 27.2169076], [88.0479487, 27.217226], [88.0478556, 27.2172868], [88.0475731, 27.2174711], [88.0468915, 27.2177822], [88.046398, 27.2179765], [88.04569, 27.2182552], [88.0450751, 27.2185637], [88.0449982, 27.2186023], [88.0438873, 27.2192288], [88.0430947, 27.2194721], [88.0425116, 27.2194594], [88.0424688, 27.2194585], [88.0424537, 27.2194581], [88.0415048, 27.219408], [88.0410759, 27.2192452], [88.0406718, 27.219232], [88.0400917, 27.219213], [88.0397333, 27.2192308], [88.0396397, 27.219246], [88.0395112, 27.2192668], [88.0393698, 27.2193706], [88.0390819, 27.2196321], [88.0388344, 27.2198801], [88.0383546, 27.2202769], [88.0380718, 27.2204346], [88.0379809, 27.2204571], [88.0377537, 27.2205337], [88.0370772, 27.220619], [88.0366937, 27.2206368], [88.0364412, 27.2206998], [88.036108, 27.2207582], [88.0358499, 27.2208141], [88.0357749, 27.2208303], [88.0357289, 27.2208379], [88.0353104, 27.2209067], [88.0349368, 27.2209831], [88.0348257, 27.2209972], [88.0346188, 27.2210235], [88.0343715, 27.2210369], [88.0339273, 27.2210366], [88.0328723, 27.2210539], [88.0326857, 27.2210674], [88.031974, 27.2210263], [88.0317267, 27.220981], [88.0315427, 27.220921], [88.0314491, 27.2208906], [88.0311266, 27.2208173], [88.0310908, 27.2208091], [88.0307629, 27.2206329], [88.0304639, 27.2205037], [88.030334, 27.2204476], [88.0299304, 27.2202849], [88.0295872, 27.2201944], [88.0292592, 27.2201491], [88.0290472, 27.2201625], [88.0287846, 27.2202344], [88.028411, 27.2203831], [88.0282981, 27.2204569], [88.0281929, 27.2205257], [88.0280524, 27.2206175], [88.02781, 27.2207437], [88.0274314, 27.2208472], [88.0272093, 27.2208245], [88.0269722, 27.2207566], [88.0267299, 27.2206662], [88.0263717, 27.220508], [88.0261143, 27.2204221], [88.0260791, 27.2203454], [88.0259079, 27.2202281], [88.0259076, 27.2202279], [88.0258168, 27.2201917], [88.0254485, 27.2199749], [88.0253339, 27.2199171], [88.0251256, 27.2198122], [88.0248481, 27.2197533], [88.0245554, 27.2197125], [88.0242778, 27.2196176], [88.0239197, 27.2194413], [88.0237147, 27.219163], [88.0236667, 27.2190978], [88.0236171, 27.2190305], [88.0236167, 27.2190296], [88.0234865, 27.2187729], [88.0232393, 27.2182857], [88.0231834, 27.2181872], [88.0230932, 27.2180284], [88.0224325, 27.2173916], [88.0223718, 27.2173031], [88.0223555, 27.2172794], [88.02211, 27.2169221], [88.0218728, 27.2168768], [88.0213518, 27.2167524], [88.0211714, 27.2167093], [88.0207021, 27.2165961], [88.0206727, 27.2165824], [88.0202733, 27.2163973], [88.0198395, 27.2160539], [88.0194764, 27.2158055], [88.0193866, 27.2157712], [88.0188255, 27.2155569], [88.0188097, 27.2155533], [88.0181493, 27.2154029], [88.0174882, 27.2152671], [88.0174274, 27.2152506], [88.0169029, 27.2151086], [88.0168819, 27.2150994], [88.0165851, 27.2149685], [88.0165244, 27.2148969], [88.0165196, 27.2148918], [88.0160887, 27.2144831], [88.0156674, 27.2140834], [88.0156117, 27.2140275], [88.0135479, 27.2129746], [88.0139214, 27.2123931], [88.0143358, 27.2121013], [88.0144016, 27.2119925], [88.015163, 27.211423], [88.0153775, 27.2113492], [88.0154956, 27.2110235], [88.0154377, 27.2105433], [88.0152468, 27.210292], [88.0152297, 27.2098702], [88.0150237, 27.209416], [88.0144939, 27.2088061], [88.0145051, 27.2085781], [88.0143263, 27.208135], [88.0139837, 27.2074267], [88.0131785, 27.2060743], [88.0128776, 27.2055237], [88.012307, 27.2048555], [88.0117098, 27.2042574], [88.0116143, 27.2038552], [88.0116645, 27.203705], [88.0120257, 27.2034745], [88.0122393, 27.2033037], [88.0127543, 27.2022779], [88.0133661, 27.2015763], [88.0136752, 27.2015019], [88.014065, 27.2014991], [88.014769, 27.2005938], [88.0151693, 27.2002163], [88.0153016, 27.1999875], [88.0153204, 27.1990623], [88.0153826, 27.1985452], [88.015378, 27.1980398], [88.0157357, 27.1974236], [88.0158115, 27.1969424], [88.0158603, 27.1963419], [88.0156237, 27.1955021], [88.0157157, 27.1952126], [88.0157485, 27.1943708], [88.0158124, 27.1940454], [88.0158741, 27.1934065], [88.0156415, 27.1930133], [88.015398, 27.1927985], [88.0152756, 27.192655], [88.0149505, 27.1924159], [88.0147197, 27.1921423], [88.0144471, 27.1917224], [88.0140804, 27.1913415], [88.0137678, 27.190958], [88.0137527, 27.190755], [88.0138038, 27.1904771], [88.0138904, 27.1896597], [88.0138715, 27.1890349], [88.013842, 27.1887689], [88.0136911, 27.1883977], [88.0134056, 27.1880749], [88.0133077, 27.1876424], [88.0134263, 27.1873663], [88.0134512, 27.1871969], [88.0133829, 27.1870304], [88.0133408, 27.1868367], [88.0134458, 27.1865968], [88.0135508, 27.1862824], [88.0135471, 27.185874], [88.0135179, 27.1856351], [88.0130917, 27.1846161], [88.0133838, 27.1842034], [88.0133814, 27.1839394], [88.013326, 27.1837367], [88.0130824, 27.1835806], [88.0129058, 27.1833788], [88.012835, 27.1829348], [88.0128842, 27.1824516], [88.0131195, 27.1816806], [88.0132651, 27.1814629], [88.0134104, 27.1811392], [88.0133401, 27.1808261], [88.013309, 27.1803931], [88.0134128, 27.1799366], [88.0134098, 27.1796118], [88.0129341, 27.1790376], [88.0126621, 27.1786673], [88.012361, 27.1780806], [88.0123307, 27.1777311], [88.012812, 27.1774524], [88.0131726, 27.177161], [88.013467, 27.1770032], [88.0138554, 27.176856], [88.0142032, 27.1766729], [88.0145902, 27.1763678], [88.0149096, 27.1759819], [88.0152692, 27.1756432], [88.0154826, 27.1754611], [88.016029, 27.174927], [88.0162281, 27.1746254], [88.016414, 27.1744075], [88.0168418, 27.1741517], [88.0171643, 27.174102], [88.0174062, 27.1740754], [88.0175924, 27.1738823], [88.0178835, 27.1733635], [88.01811, 27.1731701], [88.0185385, 27.1729865], [88.0185483, 27.1729525], [88.0188254, 27.1720097], [88.0189708, 27.1716973], [88.0192085, 27.1712736], [88.0192216, 27.1711901], [88.0184406, 27.1710987], [88.0182116, 27.1710169], [88.0179528, 27.1706465], [88.0176132, 27.1702631], [88.0173705, 27.170134], [88.0171952, 27.1700744], [88.0167642, 27.1700414], [88.0165197, 27.1697183], [88.0163428, 27.1694669], [88.0157217, 27.1691961], [88.0155866, 27.1691114], [88.0153975, 27.1689819], [88.01507, 27.1684789], [88.0148108, 27.1680588], [88.0146863, 27.1676762], [88.0141971, 27.167066], [88.0137277, 27.167189], [88.0133401, 27.1674219], [88.0130039, 27.1674108], [88.0127885, 27.1673763], [88.012235, 27.1671163], [88.0120722, 27.166973], [88.0119493, 27.1667709], [88.0118932, 27.1664938], [88.0117981, 27.1663613], [88.0114748, 27.1663163], [88.0110305, 27.1662112], [88.0108403, 27.1659599], [88.0109191, 27.1657427], [88.0112514, 27.1653928], [88.0113704, 27.1651641], [88.011314, 27.1648509], [88.0112834, 27.1644653], [88.0113609, 27.164106], [88.011408, 27.1633115], [88.0114027, 27.1627226], [88.01136, 27.1624702], [88.0112183, 27.1617132], [88.0111089, 27.1614748], [88.0109191, 27.1612596], [88.0107825, 27.1610801], [88.0107243, 27.1605751], [88.0107732, 27.1600468], [88.0109839, 27.1595624], [88.0109689, 27.1593708], [88.0108867, 27.1592044], [88.0105353, 27.1589768], [88.010291, 27.1587394], [88.0097906, 27.1583459], [88.0096404, 27.1581304], [88.0094763, 27.1578315], [88.0094062, 27.157471], [88.0093629, 27.1571351], [88.0094666, 27.1567486], [88.0098617, 27.1558094], [88.0101918, 27.1551437], [88.0101621, 27.1548573], [88.0098752, 27.1542931], [88.0096425, 27.1538751], [88.0094794, 27.1536822], [88.0091908, 27.1529398], [88.009076, 27.1521599], [88.0091926, 27.151665], [88.0093514, 27.151375], [88.0093504, 27.1512555], [88.0086871, 27.1507075], [88.008482, 27.1503367], [88.0082914, 27.1500966], [88.0081694, 27.1499305], [88.0082879, 27.1497131], [88.0084221, 27.1496264], [88.0085402, 27.1493728], [88.0085898, 27.1488558], [88.0085316, 27.1484117], [88.0082865, 27.1480051], [88.007916, 27.147191], [88.007949, 27.1463718], [88.0078231, 27.1458312], [88.0077396, 27.1455204], [88.007748, 27.144918], [88.0076782, 27.1446545], [88.0074469, 27.1443087], [88.0072951, 27.1439127], [88.007213, 27.1437576], [88.0072646, 27.1434549], [88.0068742, 27.1433742], [88.0062431, 27.1434509], [88.0057057, 27.1435022], [88.0052206, 27.1433251], [88.0047888, 27.1431252], [88.0043961, 27.1427918], [88.0042303, 27.1422989], [88.0043195, 27.1417703], [88.0041547, 27.1413856], [88.0038592, 27.1414126], [88.0035786, 27.1415454], [88.0032698, 27.1415612], [88.0023007, 27.1414124], [88.0022058, 27.1413048], [88.0009238, 27.1407228], [88.0005313, 27.140403], [88.0004887, 27.1401506], [88.0006984, 27.1395467], [88.0004087, 27.1387432], [88.000527, 27.138431], [88.0002418, 27.1380473], [87.9997563, 27.1379063], [87.9996736, 27.137679], [87.9993876, 27.1372118], [87.9990749, 27.136853], [87.9989797, 27.1367093], [87.9991648, 27.1363357], [87.9994844, 27.1360446], [87.9995902, 27.135816], [87.9996525, 27.1353101], [87.9996644, 27.1350822], [87.9995823, 27.1349271], [87.9993666, 27.1348429], [87.9992587, 27.1348324], [87.9990427, 27.1347256], [87.9989203, 27.1345708], [87.9987432, 27.1342945], [87.9986605, 27.1340672], [87.9985107, 27.1338156], [87.9982266, 27.1336258], [87.9972717, 27.1331498], [87.99708, 27.1331466], [87.996785, 27.1332931], [87.9963594, 27.1332149], [87.996147, 27.1331555], [87.995872, 27.132792], [87.9956393, 27.1326379], [87.995129, 27.13254], [87.9945328, 27.1325533], [87.9942777, 27.1325145], [87.993768, 27.1323398], [87.9934281, 27.1321843], [87.9931104, 27.1319722], [87.9927707, 27.131837], [87.9920279, 27.1314699], [87.9916247, 27.1312201], [87.9911787, 27.131045], [87.9910728, 27.130969], [87.9910115, 27.130455], [87.9911201, 27.1301136], [87.991252, 27.129202], [87.9910654, 27.1281691], [87.9909825, 27.1278305], [87.9909632, 27.1275471], [87.9908374, 27.1271464], [87.9906937, 27.1261189], [87.9904414, 27.1254908], [87.9901763, 27.1254588], [87.9901075, 27.1250848], [87.9898839, 27.1246825], [87.9896774, 27.1244967], [87.9887943, 27.1239343], [87.988666, 27.123748], [87.9886208, 27.1234211], [87.9886829, 27.123089], [87.9888846, 27.1226657], [87.9888849, 27.1222641], [87.9886743, 27.1218233], [87.9887274, 27.1216334], [87.9890612, 27.1213039], [87.9890297, 27.1210198], [87.9884939, 27.1207438], [87.9881501, 27.1206425], [87.9873786, 27.1197905], [87.9872898, 27.1195069]]]}, "properties": {"place_id": 242072927, "osm_type": "relation", "osm_id": 1790779, "place_rank": 10, "category": "boundary", "type": "administrative", "importance": 0.5162911126363382, "addresstype": "state_district", "name": "Darjeeling", "display_name": "Darjeeling, West Bengal, India", "_source": "nominatim_osm", "_fetched_at": "2026-09-27T11:10:32.348187+00:00", "zone_id": "Z-WESTBENGAL-DARJEELING-01"}}, {"type": "Feature", "geometry": {"type": "Polygon", "coordinates": [[[76.6206908, 31.7987164], [76.6209379, 31.7981586], [76.6219997, 31.795762], [76.6228538, 31.791682], [76.6230726, 31.790856], [76.6222572, 31.7876094], [76.6224932, 31.7856214], [76.6235158, 31.7844504], [76.6252184, 31.7838339], [76.6265917, 31.7826483], [76.6266775, 31.779894], [76.6270423, 31.7754249], [76.6276216, 31.7721961], [76.6311407, 31.7700617], [76.6336727, 31.7662672], [76.6345095, 31.7629103], [76.6341018, 31.7605021], [76.6347734, 31.7572516], [76.6335439, 31.7526019], [76.6366767, 31.7500657], [76.6392946, 31.7459418], [76.6447448, 31.7441536], [76.6464615, 31.7436609], [76.6486287, 31.7420915], [76.6491437, 31.7414437], [76.6512465, 31.7413251], [76.6533279, 31.7420003], [76.6550874, 31.7405952], [76.6569972, 31.7397375], [76.658113, 31.739774], [76.6593575, 31.7401755], [76.6601944, 31.7397193], [76.6607308, 31.7388433], [76.6619539, 31.7383962], [76.6636598, 31.7383415], [76.6652262, 31.7383962], [76.6679835, 31.7382594], [76.669507, 31.7371097], [76.6701722, 31.7363979], [76.6715455, 31.7358505], [76.6725434, 31.7342191], [76.6737771, 31.7323283], [76.674335, 31.730923], [76.6731795, 31.727538], [76.6730904, 31.7263786], [76.6728329, 31.7254295], [76.6716742, 31.7240424], [76.6708803, 31.7219252], [76.671009, 31.7202459], [76.6729831, 31.717143], [76.6742062, 31.7151442], [76.6744308, 31.7147258], [76.6750293, 31.7138646], [76.6753254, 31.713204], [76.6758691, 31.7121239], [76.6759391, 31.7121204], [76.6762699, 31.7120994], [76.6768873, 31.7121322], [76.6773498, 31.7121264], [76.6773501, 31.7121264], [76.6774988, 31.7121239], [76.6777388, 31.7120739], [76.6778204, 31.7120885], [76.6778344, 31.712091], [76.6783002, 31.7121655], [76.678583, 31.7122464], [76.6788087, 31.7123039], [76.6790686, 31.7120939], [76.6792686, 31.7119039], [76.6793986, 31.711754], [76.6795485, 31.7115741], [76.6795487, 31.7115738], [76.6796962, 31.711395], [76.6797191, 31.7113707], [76.6798485, 31.711224], [76.6800023, 31.7111101], [76.6801144, 31.711022], [76.6802727, 31.7109441], [76.6802728, 31.710944], [76.6803885, 31.710884], [76.6805407, 31.7108049], [76.6805408, 31.7108048], [76.6806373, 31.7107527], [76.680908, 31.7105983], [76.6810884, 31.7104941], [76.6812037, 31.7104446], [76.6814402, 31.7103401], [76.6817125, 31.7102413], [76.6818366, 31.7101962], [76.6818911, 31.7101526], [76.6818913, 31.7101525], [76.6821169, 31.7099719], [76.6822498, 31.7098495], [76.6822502, 31.7098491], [76.6823082, 31.7097941], [76.6824717, 31.7095458], [76.6824719, 31.7095456], [76.6825777, 31.7093823], [76.6826919, 31.7092217], [76.6826921, 31.7092214], [76.6827182, 31.7091842], [76.6827632, 31.7091392], [76.6827635, 31.7091389], [76.6828852, 31.7090132], [76.6830229, 31.7089281], [76.6830231, 31.708928], [76.6832481, 31.7087842], [76.6835781, 31.7086842], [76.6837741, 31.7085899], [76.6837745, 31.7085897], [76.6838514, 31.7085514], [76.6841029, 31.7084604], [76.6841032, 31.7084602], [76.684418, 31.7083443], [76.6847879, 31.7083243], [76.6850779, 31.7080443], [76.685211, 31.7079614], [76.6852306, 31.7079492], [76.6853192, 31.7078923], [76.6856819, 31.7076597], [76.6859416, 31.7073726], [76.6864364, 31.7068255], [76.6865117, 31.7067423], [76.6865215, 31.7067314], [76.6868477, 31.7062919], [76.6872264, 31.7058406], [76.6873273, 31.7056451], [76.6873275, 31.7056448], [76.6873799, 31.7055431], [76.6872377, 31.7050898], [76.6872375, 31.7050894], [76.6872183, 31.7050281], [76.6872183, 31.7050268], [76.6871893, 31.7041902], [76.687002, 31.7039528], [76.6870019, 31.7039527], [76.6868538, 31.703765], [76.6867538, 31.7037128], [76.6867536, 31.7037126], [76.686638, 31.7036523], [76.6866375, 31.703652], [76.6866757, 31.7033543], [76.6866876, 31.7028811], [76.6868211, 31.7025757], [76.6868212, 31.7025755], [76.6868787, 31.7024439], [76.6868588, 31.7021281], [76.6868584, 31.7021268], [76.6868546, 31.7021157], [76.6866865, 31.7016675], [76.6863351, 31.7011125], [76.6864306, 31.7008754], [76.6864307, 31.7008752], [76.6865312, 31.7006256], [76.6864051, 31.7005024], [76.6859673, 31.7000744], [76.68579, 31.6999473], [76.6857893, 31.699946], [76.6857878, 31.699945], [76.6857664, 31.6999064], [76.6857662, 31.6999061], [76.6857378, 31.699857], [76.6856278, 31.6996359], [76.6856279, 31.6996351], [76.6856278, 31.6996351], [76.6856293, 31.6996209], [76.6856958, 31.6989719], [76.6865522, 31.698692], [76.687662, 31.6984236], [76.6887283, 31.6981934], [76.6898417, 31.6979958], [76.6903368, 31.6978164], [76.6905135, 31.6976589], [76.690619, 31.6974474], [76.6905528, 31.6969741], [76.6904546, 31.6963113], [76.690361, 31.6956658], [76.6900371, 31.6948667], [76.6899082, 31.6944931], [76.6899056, 31.6939244], [76.6899215, 31.6929993], [76.6898938, 31.6920812], [76.6897228, 31.6911773], [76.6893612, 31.6902201], [76.6889897, 31.6893987], [76.6884965, 31.6887533], [76.6881078, 31.6882378], [76.6876402, 31.6876279], [76.6872053, 31.6871238], [76.6869913, 31.686859], [76.6869212, 31.6865534], [76.6871331, 31.6862063], [76.6875886, 31.6857565], [76.6884131, 31.6853845], [76.68912, 31.6851156], [76.689443, 31.6849177], [76.68995, 31.6844588], [76.6903993, 31.6841579], [76.6910761, 31.6837227], [76.6912563, 31.6834566], [76.6917331, 31.6828893], [76.692078, 31.6820603], [76.6922853, 31.6816829], [76.6925562, 31.6810432], [76.6926549, 31.6799654], [76.6927466, 31.6792484], [76.6929691, 31.6788568], [76.693541, 31.6780556], [76.6941397, 31.6772404], [76.6948173, 31.6765073], [76.6955323, 31.6756882], [76.6961652, 31.674978], [76.6969024, 31.674366], [76.6971347, 31.674177], [76.6975196, 31.6740967], [76.6978675, 31.6741198], [76.6982736, 31.674225], [76.6988577, 31.6744289], [76.6992369, 31.6746009], [76.7002393, 31.6747074], [76.700839, 31.6747947], [76.7013191, 31.674733], [76.7019264, 31.6745215], [76.7025815, 31.674307], [76.7032253, 31.6739933], [76.7037896, 31.6737909], [76.7044129, 31.6736939], [76.7048715, 31.6737891], [76.7054936, 31.6737548], [76.7062533, 31.6735984], [76.7072119, 31.6733462], [76.7074352, 31.6732858], [76.7086793, 31.6728742], [76.7095154, 31.6723883], [76.7102449, 31.6718539], [76.7111329, 31.6711658], [76.7127273, 31.6700887], [76.7135417, 31.6697502], [76.7140272, 31.6694493], [76.7155047, 31.669128], [76.7167343, 31.6687881], [76.7178118, 31.6682269], [76.718825, 31.6678278], [76.7194635, 31.6677115], [76.7210513, 31.6675302], [76.7215836, 31.6674958], [76.7223012, 31.6673707], [76.7227506, 31.6669976], [76.7232692, 31.6664303], [76.723697, 31.665886], [76.7238992, 31.665548], [76.7241168, 31.6651604], [76.7244612, 31.6644175], [76.7246109, 31.663732], [76.7246443, 31.6629793], [76.7245827, 31.6624786], [76.7245628, 31.6620773], [76.7244495, 31.6611571], [76.7244671, 31.6605529], [76.724595, 31.6600932], [76.7248297, 31.6593226], [76.7248321, 31.6593087], [76.7250575, 31.6581698], [76.7251025, 31.6579434], [76.7251185, 31.6578638], [76.7252143, 31.6574163], [76.7251569, 31.6571], [76.7248738, 31.6566893], [76.7237227, 31.6555411], [76.7230243, 31.6545753], [76.7226866, 31.6528068], [76.7228892, 31.6523421], [76.7227317, 31.6520125], [76.7223221, 31.6514798], [76.7216921, 31.6505679], [76.7215407, 31.6501481], [76.7213001, 31.6495337], [76.7208851, 31.6488926], [76.7207663, 31.6483696], [76.7206618, 31.6478821], [76.7207432, 31.647017], [76.7207304, 31.6461326], [76.7205316, 31.645573], [76.7196798, 31.6449178], [76.7191803, 31.6444923], [76.7186544, 31.6439411], [76.7185244, 31.643332], [76.7184156, 31.6426733], [76.7183763, 31.6417087], [76.7181942, 31.6409596], [76.7180741, 31.6406119], [76.7175498, 31.6398439], [76.7173039, 31.6392237], [76.7166472, 31.6382637], [76.716285, 31.6378304], [76.7162773, 31.636798], [76.7163186, 31.6353139], [76.7163935, 31.6350051], [76.7164212, 31.6347822], [76.716504, 31.6336424], [76.7165086, 31.633583], [76.7164462, 31.633299], [76.7162051, 31.6328832], [76.7153442, 31.6317943], [76.714925, 31.6309597], [76.7148672, 31.6308106], [76.7146517, 31.6303231], [76.714518, 31.6295334], [76.7145303, 31.6292092], [76.7145749, 31.6282216], [76.7147517, 31.6274013], [76.7149451, 31.626532], [76.7150883, 31.6256391], [76.7152364, 31.624773], [76.7152871, 31.62444], [76.7152871, 31.6244393], [76.7152744, 31.6239719], [76.7152952, 31.6235797], [76.7152953, 31.6235788], [76.7152214, 31.621982], [76.7152287, 31.6210895], [76.7154318, 31.6203766], [76.7157707, 31.6198778], [76.7161566, 31.6193012], [76.7163575, 31.6190401], [76.7164953, 31.6188732], [76.7164662, 31.6179624], [76.7163566, 31.617638], [76.7159572, 31.6172127], [76.71588, 31.6169015], [76.7159443, 31.6163669], [76.7163247, 31.6157861], [76.7169017, 31.6152987], [76.7175726, 31.6146953], [76.717732, 31.6142589], [76.7178484, 31.6138752], [76.7178717, 31.6134153], [76.7180025, 31.612672], [76.7181076, 31.6119053], [76.7182843, 31.611031], [76.7184747, 31.6104378], [76.718481, 31.6104181], [76.7188094, 31.6098823], [76.719224, 31.6093957], [76.7192584, 31.6093554], [76.7195071, 31.6090499], [76.7196049, 31.6088916], [76.719605, 31.6088914], [76.7196062, 31.6088895], [76.7198997, 31.6084144], [76.7200698, 31.6079102], [76.720113, 31.6074453], [76.720113, 31.6074452], [76.7201138, 31.6074439], [76.7203294, 31.607081], [76.7204707, 31.6065912], [76.7205219, 31.6064137], [76.7207927, 31.6056838], [76.7208635, 31.6048815], [76.7208652, 31.6048137], [76.7208752, 31.6044124], [76.7210069, 31.6039908], [76.7212628, 31.603547], [76.7212712, 31.6035211], [76.7212717, 31.6035197], [76.7214737, 31.6029138], [76.7214741, 31.6029127], [76.7214969, 31.6028603], [76.7216383, 31.602535], [76.7216449, 31.6025199], [76.7218779, 31.6019971], [76.7221293, 31.6013912], [76.7221295, 31.6013907], [76.7221306, 31.6013881], [76.7221543, 31.601331], [76.7223409, 31.6007357], [76.7224385, 31.6005126], [76.722526, 31.6003126], [76.7228862, 31.5996507], [76.7232945, 31.5988126], [76.7233271, 31.5987332], [76.7237091, 31.5978033], [76.7241537, 31.5969116], [76.7243402, 31.5963385], [76.7243429, 31.5963356], [76.7244768, 31.596195], [76.7247627, 31.5955771], [76.7247628, 31.5955768], [76.7249227, 31.5952313], [76.7252194, 31.5947668], [76.7253295, 31.5946542], [76.7253297, 31.594654], [76.725747, 31.5942269], [76.725996, 31.5937998], [76.7260084, 31.5937779], [76.7260087, 31.5937773], [76.7266692, 31.5926147], [76.7269265, 31.5920905], [76.7269266, 31.5920903], [76.7271139, 31.5917088], [76.7272673, 31.5913535], [76.7274639, 31.5909348], [76.7274641, 31.5909343], [76.7274662, 31.5909298], [76.727485, 31.5908899], [76.727519, 31.5908383], [76.7276964, 31.5905692], [76.7279666, 31.5900337], [76.7280413, 31.5899156], [76.7280413, 31.5899155], [76.7281686, 31.589714], [76.7282283, 31.5893131], [76.7282284, 31.5893127], [76.728254, 31.5891407], [76.7282843, 31.5888839], [76.7282843, 31.5888833], [76.72833, 31.5884965], [76.7283684, 31.5880366], [76.7285077, 31.5877157], [76.7285078, 31.5877156], [76.728564, 31.5875862], [76.7286086, 31.5874803], [76.728729, 31.5871944], [76.7287746, 31.5867658], [76.7288629, 31.5863112], [76.7291494, 31.5857211], [76.7293493, 31.585248], [76.7293494, 31.5852477], [76.7294352, 31.5850448], [76.729622, 31.5843097], [76.7296222, 31.5843076], [76.7296275, 31.5842563], [76.7296275, 31.5842559], [76.7296758, 31.583787], [76.7296938, 31.5834228], [76.72971, 31.5830931], [76.7297487, 31.5825379], [76.7296594, 31.582398], [76.7293322, 31.5823293], [76.7297129, 31.5821021], [76.729892, 31.5820113], [76.7302249, 31.581859], [76.7302465, 31.5818491], [76.7302759, 31.5818357], [76.7304035, 31.5817774], [76.7306786, 31.5815124], [76.7308431, 31.5809129], [76.7308236, 31.5803719], [76.7307252, 31.5797223], [76.7305698, 31.5789996], [76.7305252, 31.5787933], [76.7305247, 31.578418], [76.730541, 31.5779986], [76.7305697, 31.5772185], [76.7305136, 31.5764343], [76.7304793, 31.575722], [76.730464, 31.5753197], [76.7307628, 31.574499], [76.7307806, 31.5744679], [76.7308268, 31.5743374], [76.7308942, 31.5741394], [76.7308483, 31.5738007], [76.730744, 31.5732241], [76.7304344, 31.5727676], [76.7301413, 31.5722848], [76.7298727, 31.5713366], [76.729752, 31.5708491], [76.7296557, 31.5704619], [76.729391, 31.5694466], [76.7290635, 31.5689272], [76.7289032, 31.5686433], [76.7286327, 31.5681961], [76.7283475, 31.5677804], [76.7280436, 31.5672344], [76.7278967, 31.5668907], [76.7275101, 31.5660247], [76.7271762, 31.5652448], [76.7269138, 31.564513], [76.7268155, 31.5638401], [76.7267751, 31.5632767], [76.7268555, 31.5627632], [76.7269137, 31.5627045], [76.7279514, 31.5627512], [76.7290203, 31.5628889], [76.7304685, 31.5629828], [76.7314844, 31.5629169], [76.73188, 31.5628771], [76.7325495, 31.5626666], [76.7325552, 31.5626637], [76.7328762, 31.5625004], [76.7335246, 31.5621771], [76.7338363, 31.5619207], [76.7342487, 31.5616185], [76.7342532, 31.5616151], [76.7345809, 31.5613047], [76.7349444, 31.5611109], [76.7352404, 31.5608502], [76.7352619, 31.5606114], [76.7352593, 31.560598], [76.7351999, 31.5603362], [76.7349689, 31.5601099], [76.7344216, 31.5598435], [76.7340164, 31.5595762], [76.7338227, 31.559274], [76.7336447, 31.5588451], [76.7333349, 31.5585416], [76.7328144, 31.5582255], [76.7322254, 31.5579083], [76.7313998, 31.5576809], [76.7310837, 31.5575769], [76.7308257, 31.557468], [76.7306004, 31.5573055], [76.730491, 31.5571127], [76.7304803, 31.556976], [76.730694, 31.5557454], [76.7306319, 31.5554606], [76.7304953, 31.5551858], [76.7297753, 31.554692], [76.7294547, 31.5545111], [76.7289065, 31.5543412], [76.7286972, 31.5541358], [76.7287892, 31.5535626], [76.7283737, 31.5532244], [76.7281262, 31.5531013], [76.7275642, 31.5526991], [76.727517, 31.55255], [76.7275127, 31.5523606], [76.7275339, 31.5522573], [76.7277194, 31.5520368], [76.7277824, 31.551965], [76.7278019, 31.5519432], [76.7283477, 31.5513345], [76.7288774, 31.550819], [76.7289022, 31.5507949], [76.7290451, 31.5505541], [76.7291514, 31.5502361], [76.7293047, 31.5499071], [76.7294115, 31.5494971], [76.7294286, 31.5491992], [76.729313, 31.5489153], [76.7291358, 31.5481663], [76.7290527, 31.5478723], [76.7289172, 31.5475468], [76.7287336, 31.5471007], [76.728603, 31.5467854], [76.7284728, 31.5462796], [76.7284216, 31.5458246], [76.7284868, 31.5453282], [76.7286453, 31.5448008], [76.7288675, 31.5443868], [76.7291428, 31.5440175], [76.729544, 31.5436394], [76.7300088, 31.5433333], [76.7304724, 31.5430778], [76.7307359, 31.542902], [76.7309794, 31.5426867], [76.7313328, 31.5423399], [76.7317191, 31.5418361], [76.7312657, 31.5417359], [76.7308506, 31.5416622], [76.7304865, 31.5416979], [76.7300757, 31.5417965], [76.729923, 31.541859], [76.7297543, 31.5418992], [76.7296391, 31.5418402], [76.729565, 31.5417904], [76.7295501, 31.5416557], [76.7296028, 31.5415341], [76.7297664, 31.5413839], [76.7298246, 31.5412591], [76.7297958, 31.541163], [76.7295733, 31.5409464], [76.7290316, 31.5406435], [76.7285309, 31.5408189], [76.7282305, 31.5409268], [76.7279138, 31.541075], [76.7275239, 31.5411686], [76.7271235, 31.5412934], [76.7268336, 31.5414012], [76.7265376, 31.5415952], [76.7264488, 31.5416934], [76.7263267, 31.5417336], [76.7261953, 31.5417201], [76.7261059, 31.5416704], [76.7260327, 31.5415933], [76.7260017, 31.5414625], [76.725965, 31.5412598], [76.7259129, 31.5411381], [76.725792, 31.5410832], [76.7256176, 31.5411466], [76.7254438, 31.541281], [76.7245999, 31.5419197], [76.724415, 31.5419599], [76.7242568, 31.5419556], [76.7240312, 31.5419136], [76.7237778, 31.5418726], [76.7235836, 31.5418317], [76.7234942, 31.5417595], [76.7230796, 31.5414517], [76.7227907, 31.541203], [76.7226747, 31.5410721], [76.7226542, 31.5409281], [76.7226241, 31.5404226], [76.7230195, 31.5404193], [76.7231407, 31.5403334], [76.7231896, 31.5399259], [76.7232003, 31.5397844], [76.7233322, 31.5396266], [76.7235746, 31.539473], [76.7240748, 31.539346], [76.724423, 31.539263], [76.7248126, 31.5393225], [76.7250334, 31.5393867], [76.7255444, 31.5392662], [76.7261351, 31.5388924], [76.7269362, 31.5385697], [76.7277749, 31.5381205], [76.7283917, 31.5379413], [76.7290237, 31.5377855], [76.7292403, 31.5376816], [76.7294355, 31.5373486], [76.7296513, 31.5369763], [76.7299592, 31.5367407], [76.7308182, 31.5364991], [76.7312296, 31.5362203], [76.7313405, 31.5360534], [76.7314027, 31.5358697], [76.731473, 31.5356575], [76.7318005, 31.535347], [76.7321281, 31.5353659], [76.7325904, 31.5353354], [76.7328908, 31.5351779], [76.7330392, 31.5349482], [76.7333134, 31.5345972], [76.7334453, 31.5344302], [76.7335929, 31.5344711], [76.7337659, 31.5346162], [76.7338503, 31.5347825], [76.7340814, 31.5349501], [76.7343816, 31.5349758], [76.7345998, 31.5349069], [76.7347612, 31.5347396], [76.7349861, 31.5345129], [76.7342941, 31.5340894], [76.7338839, 31.5339356], [76.7334955, 31.5334293], [76.7329615, 31.5325266], [76.7328843, 31.5323971], [76.7337948, 31.531901], [76.7350509, 31.5309429], [76.7354465, 31.5304574], [76.735251, 31.5290721], [76.7351997, 31.5286525], [76.7358694, 31.5282394], [76.735922, 31.5281899], [76.7359489, 31.5280907], [76.7358656, 31.5275181], [76.7365139, 31.5272893], [76.7375792, 31.5268313], [76.7376058, 31.526394], [76.7378451, 31.5260168], [76.7379636, 31.52583], [76.7379713, 31.5258179], [76.7383852, 31.5254837], [76.7382527, 31.5249075], [76.7380534, 31.5245819], [76.7380594, 31.5244918], [76.7382334, 31.5242672], [76.7384654, 31.5240468], [76.7387662, 31.5237312], [76.7389204, 31.5234246], [76.7389259, 31.5230872], [76.7389551, 31.522068], [76.7388942, 31.5213283], [76.7388901, 31.5210669], [76.7388488, 31.5207953], [76.7387495, 31.5207077], [76.7382331, 31.5205469], [76.7378703, 31.5204873], [76.7375391, 31.5204322], [76.7373394, 31.5202971], [76.7369322, 31.5198839], [76.7366095, 31.5196189], [76.7363621, 31.5195192], [76.7361784, 31.5194784], [76.7359248, 31.5195589], [76.7357931, 31.5196489], [76.7357929, 31.5196495], [76.7356976, 31.5199551], [76.735623, 31.5202886], [76.7355483, 31.5206222], [76.7355323, 31.5206286], [76.7355329, 31.5206287], [76.7355323, 31.5206311], [76.7351923, 31.5207618], [76.7350108, 31.520833], [76.7344368, 31.520895], [76.7339317, 31.5207721], [76.7337163, 31.5205992], [76.7335425, 31.5204611], [76.7333102, 31.5202515], [76.7333098, 31.5202512], [76.7333067, 31.5202483], [76.733306, 31.5202477], [76.7330286, 31.5199991], [76.7325199, 31.5192856], [76.7324384, 31.519181], [76.7323301, 31.519043], [76.7319728, 31.5186012], [76.7315728, 31.5179713], [76.7309229, 31.5169014], [76.7309174, 31.5168907], [76.7308929, 31.5168429], [76.7307391, 31.5165496], [76.7308222, 31.5165586], [76.7311072, 31.5165136], [76.7317751, 31.5164156], [76.7326499, 31.5162784], [76.7328395, 31.5162382], [76.7332869, 31.5159452], [76.7337223, 31.515702], [76.7339204, 31.5155726], [76.7342584, 31.5152673], [76.7345217, 31.5150874], [76.7347324, 31.5149925], [76.735043, 31.5149749], [76.7356197, 31.5149094], [76.736685, 31.5149921], [76.7373745, 31.5150521], [76.7380852, 31.5149724], [76.738775, 31.5149423], [76.7400396, 31.5146923], [76.740819, 31.5145539], [76.7416717, 31.5144572], [76.7421692, 31.5144672], [76.7427135, 31.5145533], [76.7431608, 31.514699], [76.7437976, 31.5149028], [76.7445286, 31.5151026], [76.7450491, 31.5153295], [76.7454067, 31.515551], [76.745748, 31.5158221], [76.7460891, 31.5161155], [76.7464671, 31.5165995], [76.7467081, 31.5169514], [76.7468973, 31.5171503], [76.7471169, 31.5173128], [76.7475748, 31.5174038], [76.7480123, 31.5172921], [76.7484812, 31.5171896], [76.7488406, 31.5173714], [76.7493282, 31.5173573], [76.7494545, 31.5174168], [76.7501067, 31.5176075], [76.7507589, 31.5178116], [76.751438, 31.5177769], [76.7522863, 31.5175125], [76.7531928, 31.5170859], [76.7537491, 31.517055], [76.7538099, 31.5170615], [76.7539905, 31.517084], [76.7540382, 31.5170935], [76.7543612, 31.5171603], [76.755122, 31.5172374], [76.7552663, 31.5172527], [76.7554297, 31.5172814], [76.7557022, 31.5172696], [76.7559717, 31.5172806], [76.7566669, 31.5171375], [76.7572939, 31.5169719], [76.7585729, 31.516683], [76.7585748, 31.5166825], [76.7589914, 31.5166678], [76.7594592, 31.5166515], [76.7600591, 31.5166415], [76.760135, 31.5166668], [76.760299, 31.5167215], [76.760919, 31.5170615], [76.7615789, 31.5173715], [76.7622688, 31.5176214], [76.7626187, 31.5177114], [76.7628069, 31.5177219], [76.7628073, 31.5177221], [76.7635816, 31.5180749], [76.7642304, 31.5181664], [76.764232, 31.5181666], [76.7643585, 31.5182414], [76.7646385, 31.5182414], [76.7649184, 31.5182014], [76.765103, 31.5181139], [76.7651037, 31.5181138], [76.7655136, 31.518065], [76.7663512, 31.5178005], [76.7671896, 31.5172337], [76.7678173, 31.5166847], [76.7680204, 31.5165308], [76.7680213, 31.5165301], [76.768168, 31.5164616], [76.768568, 31.5164216], [76.7687179, 31.5161616], [76.7688079, 31.5159916], [76.7688211, 31.5159718], [76.7688413, 31.5159594], [76.7690979, 31.5157116], [76.7692579, 31.5156217], [76.7697141, 31.5155853], [76.7697162, 31.5155852], [76.7697383, 31.5155805], [76.7699578, 31.5155617], [76.7708577, 31.5156617], [76.7710276, 31.5155917], [76.7711776, 31.5154917], [76.7712676, 31.5153317], [76.7713176, 31.5151517], [76.7713212, 31.5149029], [76.7713276, 31.5145218], [76.7715131, 31.5143753], [76.771562, 31.5143364], [76.7715976, 31.5143118], [76.7718775, 31.5141518], [76.7720675, 31.5141418], [76.7723375, 31.5141918], [76.7729174, 31.5142918], [76.7733173, 31.5142518], [76.7736573, 31.5141118], [76.7739579, 31.5139388], [76.773958, 31.5139388], [76.7743129, 31.5133409], [76.7744974, 31.512438], [76.7748734, 31.5115662], [76.7750694, 31.511128], [76.7752316, 31.5105917], [76.7756496, 31.5099146], [76.7758768, 31.5093346], [76.7762611, 31.508096], [76.7765668, 31.5077729], [76.7776743, 31.5066054], [76.7783068, 31.5060165], [76.778608, 31.5057368], [76.7793612, 31.5055216], [76.7801404, 31.5054373], [76.7804137, 31.5054308], [76.7810141, 31.5054162], [76.7820571, 31.5050573], [76.7823971, 31.5047715], [76.7823973, 31.5047713], [76.7823974, 31.5047713], [76.7827012, 31.5044612], [76.7829561, 31.5042027], [76.7834461, 31.5036128], [76.783926, 31.5030128], [76.784216, 31.5024629], [76.7846059, 31.5017929], [76.7848959, 31.501093], [76.7853853, 31.5001458], [76.7855458, 31.4998431], [76.7862757, 31.4991032], [76.7869656, 31.4985432], [76.7874556, 31.4979233], [76.7875156, 31.4972234], [76.7871456, 31.4960135], [76.7868857, 31.4951535], [76.7868606, 31.4950624], [76.7868457, 31.4950135], [76.7868257, 31.4946736], [76.7868257, 31.4941536], [76.7868557, 31.4931337], [76.7870057, 31.4920938], [76.7871657, 31.4916138], [76.7872556, 31.4913739], [76.7874256, 31.4908739], [76.7877193, 31.4898199], [76.7878979, 31.4891772], [76.7879156, 31.4891241], [76.7881255, 31.4885041], [76.7880856, 31.4882741], [76.7879156, 31.4880642], [76.7876756, 31.4874842], [76.7867657, 31.4862443], [76.7861037, 31.4865845], [76.7857841, 31.4867469], [76.7850434, 31.4871203], [76.7854559, 31.4847244], [76.785146, 31.4843545], [76.7844661, 31.4838045], [76.7823463, 31.4843645], [76.7830563, 31.4821347], [76.7828163, 31.4819947], [76.7824863, 31.4814647], [76.7819664, 31.4798049], [76.7822737, 31.4793474], [76.782274, 31.4793469], [76.7824863, 31.4790249], [76.7830959, 31.4787831], [76.7833753, 31.478643], [76.7838306, 31.4784947], [76.783831, 31.4784946], [76.7843361, 31.478295], [76.784886, 31.478045], [76.7860759, 31.477975], [76.7868758, 31.478565], [76.7869492, 31.4785969], [76.7869906, 31.4785472], [76.7870947, 31.4783654], [76.7874505, 31.4783796], [76.7878176, 31.4783942], [76.7879124, 31.4786477], [76.7879379, 31.4787156], [76.7883367, 31.4790563], [76.7885427, 31.4793433], [76.7887532, 31.4794639], [76.7892231, 31.4793233], [76.7896325, 31.4792647], [76.7901134, 31.4794405], [76.7903239, 31.4795612], [76.7908974, 31.479395], [76.7909698, 31.479374], [76.7912098, 31.4791124], [76.7913226, 31.47902], [76.7915474, 31.478836], [76.7918602, 31.4787589], [76.792132, 31.4780317], [76.7922031, 31.4775504], [76.7922164, 31.4770513], [76.7919172, 31.4766126], [76.7916715, 31.4763581], [76.7913719, 31.4759361], [76.7912043, 31.4756665], [76.7912087, 31.4755001], [76.7913115, 31.4752857], [76.7913541, 31.4752937], [76.7923938, 31.47549], [76.7928385, 31.4755652], [76.7933035, 31.4756076], [76.7942389, 31.4754927], [76.7949051, 31.4752726], [76.7949467, 31.4752287], [76.7950547, 31.4752153], [76.7956246, 31.4749254], [76.7958046, 31.4741754], [76.7956846, 31.4728855], [76.7948148, 31.4719956], [76.7948448, 31.4708057], [76.7949183, 31.4706431], [76.7951947, 31.4699858], [76.7954047, 31.4694458], [76.7953647, 31.4690859], [76.7950847, 31.468156], [76.7951247, 31.467686], [76.7954847, 31.467096], [76.7961046, 31.4665161], [76.7975144, 31.4651762], [76.7964946, 31.4641763], [76.7963746, 31.4629264], [76.7966446, 31.4620965], [76.7969345, 31.4611566], [76.7964846, 31.4599167], [76.7969546, 31.4591568], [76.7972877, 31.458921], [76.7972907, 31.4589188], [76.7978844, 31.4584868], [76.7980799, 31.458361], [76.7980828, 31.4583592], [76.7997042, 31.4572669], [76.800954, 31.4558671], [76.801564, 31.4552271], [76.8019439, 31.4546672], [76.8019839, 31.4537572], [76.8018439, 31.4529273], [76.801674, 31.4518374], [76.8003942, 31.4505775], [76.7991643, 31.4503475], [76.7983844, 31.4498576], [76.7983444, 31.4493176], [76.7989144, 31.4490077], [76.7992243, 31.4484877], [76.7992343, 31.4477078], [76.7987844, 31.4474578], [76.7984044, 31.4471378], [76.7977945, 31.4471978], [76.7970851, 31.4473761], [76.7970849, 31.4473762], [76.7966979, 31.447474], [76.7966977, 31.447474], [76.7965089, 31.4476918], [76.7962399, 31.4478343], [76.7962397, 31.4478344], [76.796012, 31.4479551], [76.7958818, 31.4482466], [76.795849, 31.4485609], [76.7958601, 31.4490651], [76.7955997, 31.450572], [76.7955913, 31.4508868], [76.7955836, 31.4511824], [76.7955348, 31.4512274], [76.7954808, 31.451281], [76.7952884, 31.4513514], [76.7950376, 31.451443], [76.7944222, 31.451557], [76.7938875, 31.4513996], [76.7936372, 31.4513804], [76.793625, 31.4515274], [76.7934247, 31.4514161], [76.7927252, 31.4510274], [76.7922252, 31.4506475], [76.793715, 31.4491076], [76.7946749, 31.4483177], [76.7952748, 31.4478877], [76.7957048, 31.4474678], [76.7958648, 31.4471378], [76.7960148, 31.4467078], [76.7960847, 31.4459679], [76.7960847, 31.445388], [76.7960848, 31.444978], [76.7962247, 31.4442781], [76.7964247, 31.4436081], [76.7965347, 31.4431982], [76.7966347, 31.4427782], [76.7969572, 31.4418382], [76.7969847, 31.4417583], [76.7971946, 31.4412283], [76.7974146, 31.4411183], [76.7977346, 31.4413683], [76.7980645, 31.4418383], [76.7987844, 31.4426582], [76.7991644, 31.4429982], [76.7994443, 31.4430982], [76.7998143, 31.4430782], [76.8002042, 31.4428782], [76.8004442, 31.4425182], [76.8005052, 31.4424342], [76.8008141, 31.4420083], [76.8013113, 31.441389], [76.8013841, 31.4412983], [76.802134, 31.4407084], [76.8027676, 31.4402996], [76.8030639, 31.4401085], [76.8025539, 31.4395385], [76.801884, 31.4387586], [76.8015241, 31.4381886], [76.8015541, 31.4378886], [76.8015641, 31.4377287], [76.8017241, 31.4365488], [76.8017441, 31.4362588], [76.8014741, 31.4360488], [76.8009042, 31.4358388], [76.8003642, 31.4355488], [76.7998343, 31.4354089], [76.7997143, 31.4351089], [76.8004642, 31.434219], [76.8007942, 31.433739], [76.8010542, 31.433389], [76.802214, 31.4315392], [76.802494, 31.4310593], [76.8031939, 31.4300893], [76.8033639, 31.4298194], [76.8028939, 31.4290294], [76.802764, 31.4287195], [76.802424, 31.4281595], [76.802234, 31.4277895], [76.8021441, 31.4274996], [76.8018241, 31.4268296], [76.8016741, 31.4264596], [76.8014442, 31.4257197], [76.8013542, 31.4254397], [76.8011442, 31.4246998], [76.8010942, 31.4243598], [76.8011542, 31.4236699], [76.8011542, 31.4235499], [76.8011442, 31.4233399], [76.8012242, 31.42253], [76.8012301, 31.4224617], [76.8012442, 31.4223], [76.8014642, 31.4215801], [76.8015142, 31.4214901], [76.8015842, 31.4213801], [76.8021441, 31.4209101], [76.8023741, 31.4208202], [76.8023986, 31.4208088], [76.80249, 31.4207705], [76.802584, 31.4207302], [76.8029333, 31.4206861], [76.8029334, 31.4206861], [76.8032839, 31.4206402], [76.8037639, 31.4206302], [76.8040039, 31.4206202], [76.8047937, 31.4209402], [76.8054737, 31.4214401], [76.8056236, 31.4216101], [76.8064335, 31.42222], [76.8067035, 31.42241], [76.8068335, 31.42254], [76.8077833, 31.42324], [76.8088832, 31.42325], [76.8093331, 31.42326], [76.8109729, 31.42276], [76.8115029, 31.42261], [76.8118028, 31.42253], [76.8139725, 31.4218701], [76.8142225, 31.4218401], [76.8150924, 31.4213302], [76.815346, 31.4211177], [76.8154123, 31.4210702], [76.8156223, 31.4208202], [76.8161823, 31.4201203], [76.8162822, 31.4199903], [76.8165022, 31.4197103], [76.8172721, 31.4189004], [76.8173921, 31.4186104], [76.8180723, 31.4180387], [76.8180726, 31.4180384], [76.818152, 31.4179705], [76.8188019, 31.4176705], [76.8192078, 31.417578], [76.8196735, 31.4174725], [76.819922, 31.4174773], [76.8202854, 31.4175219], [76.8206193, 31.4175783], [76.8208485, 31.4177328], [76.821194, 31.4179021], [76.8213749, 31.4182307], [76.8215935, 31.418421], [76.8216907, 31.41845], [76.8220136, 31.418558], [76.822538, 31.4189159], [76.8228835, 31.4190852], [76.8233142, 31.4193436], [76.8235755, 31.4193862], [76.8239081, 31.4194926], [76.8244547, 31.4197783], [76.8247293, 31.4198712], [76.8250771, 31.4199529], [76.8254832, 31.4200358], [76.8258026, 31.420092], [76.8260927, 31.4201476], [76.8262527, 31.4201632], [76.8265853, 31.4202696], [76.8268003, 31.4204113], [76.8269457, 31.4204267], [76.8270898, 31.420492], [76.827276, 31.4206206], [76.8274344, 31.4206987], [76.8276461, 31.4209654], [76.8279747, 31.4212218], [76.8281911, 31.4213135], [76.8283772, 31.4214422], [76.8286366, 31.4215597], [76.8290567, 31.4216679], [76.8294333, 31.4217627], [76.8297685, 31.4217691], [76.8300746, 31.421775], [76.8304535, 31.4217823], [76.8310511, 31.4217939], [76.8317917, 31.4217962], [76.8347943, 31.4218407], [76.835536, 31.4215207], [76.8355367, 31.4215204], [76.8362496, 31.4213502], [76.8371895, 31.4209103], [76.8374195, 31.4208003], [76.8375894, 31.4206803], [76.8384293, 31.4201304], [76.8388593, 31.4198704], [76.8391792, 31.4195704], [76.8400291, 31.4188405], [76.8403191, 31.4186105], [76.841199, 31.4178206], [76.8415989, 31.4175206], [76.8422888, 31.4167207], [76.8425188, 31.4165707], [76.843395, 31.4158328], [76.8434626, 31.4157849], [76.8439275, 31.4154628], [76.8443421, 31.4152084], [76.8450428, 31.4147408], [76.8455605, 31.4144446], [76.8461037, 31.4141489], [76.8466213, 31.4138527], [76.8469095, 31.4136408], [76.8469441, 31.4136168], [76.8479186, 31.413176], [76.848608, 31.4128611], [76.849118, 31.4126311], [76.8508477, 31.4118112], [76.8511477, 31.4116312], [76.8528575, 31.4110012], [76.8532174, 31.4109112], [76.8536374, 31.4108313], [76.8552872, 31.4105513], [76.8556071, 31.4105298], [76.8575169, 31.4104013], [76.8582368, 31.4104713], [76.8586967, 31.4105213], [76.8597491, 31.410609], [76.8597766, 31.4106113], [76.8608164, 31.4106813], [76.8608552, 31.4106795], [76.8609576, 31.4106504], [76.8610699, 31.4106698], [76.8612564, 31.4106613], [76.8625962, 31.4107413], [76.8634361, 31.4108613], [76.8649359, 31.4113513], [76.8659658, 31.4115012], [76.8664657, 31.4115912], [76.8681655, 31.4120212], [76.8684554, 31.4120812], [76.8690153, 31.4122712], [76.8705551, 31.4127512], [76.8712251, 31.4129411], [76.871445, 31.4130111], [76.8726249, 31.4133611], [76.8730182, 31.4134103], [76.8735847, 31.4134811], [76.8743046, 31.4136511], [76.8753345, 31.4136611], [76.8755369, 31.4135523], [76.8758744, 31.4134011], [76.8761544, 31.4127912], [76.8762344, 31.4124812], [76.8765844, 31.4117313], [76.8767243, 31.4115213], [76.8770243, 31.4107214], [76.8771143, 31.4104714], [76.8775342, 31.4096915], [76.8776442, 31.4094315], [76.8781142, 31.4087415], [76.8782342, 31.4083916], [76.8787141, 31.4075916], [76.8788741, 31.4072817], [76.879404, 31.4064717], [76.879614, 31.4062018], [76.8802439, 31.4054218], [76.8804439, 31.4051819], [76.8813638, 31.4043619], [76.8814838, 31.404102], [76.8818037, 31.403322], [76.8820537, 31.4025521], [76.8821137, 31.4022121], [76.8822737, 31.4014622], [76.8823137, 31.4011322], [76.8823137, 31.4008223], [76.8823037, 31.4000323], [76.8823537, 31.3997923], [76.8823537, 31.3990224], [76.8824037, 31.3986924], [76.8823537, 31.3979025], [76.8823637, 31.3976725], [76.8824937, 31.3968626], [76.8825537, 31.3966726], [76.8825537, 31.3958827], [76.8825837, 31.3957227], [76.8826337, 31.3949228], [76.8826737, 31.3947828], [76.8827237, 31.3939829], [76.8827736, 31.3938229], [76.8828036, 31.3930129], [76.8828636, 31.392843], [76.8827437, 31.392023], [76.8827637, 31.391883], [76.8824937, 31.3910631], [76.8824837, 31.3908931], [76.8821538, 31.3900832], [76.8821238, 31.3898732], [76.8817838, 31.3890733], [76.8817838, 31.3888733], [76.8816138, 31.3880834], [76.8816238, 31.3878734], [76.8817338, 31.3870635], [76.8817538, 31.3868535], [76.8817738, 31.3860536], [76.8817738, 31.3858536], [76.8816039, 31.3850336], [76.8815339, 31.3847037], [76.8813839, 31.3842537], [76.8809939, 31.3837138], [76.880444, 31.3830238], [76.880224, 31.3828638], [76.8799041, 31.3826238], [76.8789542, 31.3819339], [76.8784343, 31.3816139], [76.8778044, 31.381224], [76.8770445, 31.381064], [76.8765548, 31.3810831], [76.8762746, 31.381094], [76.8755647, 31.381254], [76.8742548, 31.3817739], [76.8735449, 31.3820839], [76.8723151, 31.3826638], [76.8714752, 31.3830638], [76.8705753, 31.3835037], [76.8697154, 31.3841237], [76.8691155, 31.3845136], [76.8686456, 31.3846936], [76.8682056, 31.3847036], [76.8679357, 31.3845436], [76.8677257, 31.3842137], [76.8675957, 31.3839437], [76.8675637, 31.3838736], [76.8673857, 31.3834837], [76.8672857, 31.3831437], [76.8672957, 31.3829238], [76.8673357, 31.3823038], [76.8673457, 31.3821338], [76.8673457, 31.3819239], [76.8673457, 31.3813839], [76.8673657, 31.3811339], [76.8673957, 31.3809539], [76.8672758, 31.380674], [76.8670058, 31.380444], [76.8667358, 31.380274], [76.8663659, 31.380154], [76.865646, 31.380014], [76.865216, 31.379854], [76.8647361, 31.379634], [76.8643262, 31.3793741], [76.8640162, 31.3790741], [76.8637462, 31.3785841], [76.8637162, 31.3783242], [76.8637062, 31.3781342], [76.8640062, 31.3775742], [76.8641562, 31.3773342], [76.8642762, 31.3772243], [76.8649661, 31.3764443], [76.8651061, 31.3763343], [76.865966, 31.3756044], [76.8661959, 31.3755144], [76.8664359, 31.3753344], [76.8681257, 31.3745145], [76.8686118, 31.3743052], [76.8692776, 31.3740186], [76.8703554, 31.3735546], [76.8706054, 31.3734446], [76.8707753, 31.3733546], [76.8719752, 31.3725547], [76.8723351, 31.3723047], [76.8728951, 31.3717048], [76.8730351, 31.3714848], [76.873195, 31.3712548], [76.873605, 31.3704449], [76.873675, 31.3701749], [76.8739949, 31.369345], [76.8740649, 31.369075], [76.8742649, 31.3682951], [76.8742749, 31.3680151], [76.8744049, 31.3674452], [76.8744349, 31.3672052], [76.8744749, 31.3669552], [76.8746249, 31.3661753], [76.8747049, 31.3659253], [76.8750348, 31.3651454], [76.8751148, 31.3649054], [76.8754848, 31.3640955], [76.8756848, 31.3638455], [76.8760947, 31.3630556], [76.8761547, 31.3628056], [76.8764547, 31.3620056], [76.8764647, 31.3617657], [76.8765447, 31.3611757], [76.8765347, 31.3609457], [76.8765347, 31.3608058], [76.8763747, 31.3602558], [76.8762847, 31.3599958], [76.8762147, 31.3597958], [76.8759747, 31.3594059], [76.8757348, 31.3589859], [76.8755648, 31.3587559], [76.8745349, 31.358086], [76.874245, 31.357926], [76.874085, 31.357766], [76.8729052, 31.3569561], [76.8726952, 31.3567061], [76.8722653, 31.3560262], [76.8722153, 31.3558862], [76.8722453, 31.3557362], [76.8724452, 31.3550362], [76.8724652, 31.3549263], [76.8726252, 31.3547063], [76.8729852, 31.3539063], [76.8731152, 31.3537064], [76.8735551, 31.3528664], [76.8737351, 31.3526765], [76.874345, 31.3518465], [76.8754349, 31.3506466], [76.8754564, 31.3506513], [76.8781275, 31.3511788], [76.880834, 31.3529248], [76.8812989, 31.3532247], [76.8814154, 31.3533566], [76.8828417, 31.3549713], [76.8831081, 31.3562207], [76.8856175, 31.3583064], [76.8871616, 31.3591014], [76.8891397, 31.3593468], [76.8893212, 31.3593693], [76.8895304, 31.3595088], [76.8905132, 31.3601641], [76.8920371, 31.3603006], [76.8927417, 31.3598864], [76.8937987, 31.3592785], [76.8947647, 31.3592793], [76.8947689, 31.3592793], [76.8960525, 31.3599612], [76.8961493, 31.3600707], [76.8982991, 31.3625019], [76.8984913, 31.3627606], [76.8989299, 31.3633507], [76.8993118, 31.3638646], [76.9005467, 31.3640549], [76.9023136, 31.3629604], [76.9041355, 31.3617797], [76.9044751, 31.3615596], [76.904708, 31.3615526], [76.9069452, 31.3614847], [76.9100978, 31.3621138], [76.9128353, 31.3626478], [76.9153044, 31.3638219], [76.9164493, 31.3645443], [76.9183155, 31.3653463], [76.9184773, 31.3654159], [76.9197595, 31.3655294], [76.920216, 31.3653265], [76.9222354, 31.3644843], [76.9320208, 31.3540185], [76.9373846, 31.349349], [76.9442425, 31.3424345], [76.9436931, 31.3385732], [76.9408607, 31.3354576], [76.9418478, 31.3334048], [76.9499588, 31.3322685], [76.9540786, 31.3285294], [76.965065, 31.3242769], [76.9682836, 31.3207575], [76.9690561, 31.3150748], [76.9717598, 31.3123984], [76.9893336, 31.3040935], [76.9946927, 31.3018842], [76.9979113, 31.2990194], [77.00562, 31.2942843], [77.0108235, 31.2899295], [77.0203292, 31.2850518], [77.0223248, 31.2816226], [77.022593, 31.2785692], [77.0234942, 31.2774414], [77.0270347, 31.2758183], [77.0306806, 31.272776], [77.0337716, 31.2715156], [77.0349681, 31.2710229], [77.0394199, 31.269795], [77.043609, 31.2690067], [77.0440292, 31.2689277], [77.0462917, 31.2683181], [77.0465699, 31.2682348], [77.0483442, 31.2677039], [77.0504652, 31.2675679], [77.0510126, 31.2676037], [77.0525863, 31.2677067], [77.054408, 31.2676068], [77.0560719, 31.2668349], [77.0570846, 31.2660047], [77.0581443, 31.2645792], [77.0590671, 31.2627974], [77.059239, 31.2625064], [77.0600636, 31.2611103], [77.0608444, 31.2604155], [77.0614277, 31.2598965], [77.0615984, 31.2596326], [77.0616366, 31.2595716], [77.0617463, 31.2594039], [77.0620256, 31.2589718], [77.0628075, 31.2585971], [77.0647917, 31.258321], [77.0666395, 31.2582389], [77.0693119, 31.2586208], [77.0711126, 31.2588363], [77.0729079, 31.2586774], [77.0737631, 31.2579869], [77.0740199, 31.257414], [77.0747108, 31.2549334], [77.0754285, 31.2531335], [77.0772264, 31.249863], [77.0803263, 31.2471868], [77.0848964, 31.2451455], [77.0910629, 31.2441942], [77.0947518, 31.2433582], [77.1055566, 31.240909], [77.1197733, 31.2353676], [77.1226333, 31.2323628], [77.1226767, 31.2323172], [77.122678, 31.2323173], [77.1227072, 31.2323188], [77.1231362, 31.2321992], [77.1238383, 31.2320033], [77.1259066, 31.2315295], [77.1279654, 31.2310292], [77.1286796, 31.231045], [77.1290893, 31.2310541], [77.1327131, 31.230316], [77.1358865, 31.2302112], [77.1364408, 31.2304346], [77.1403895, 31.2317324], [77.1406003, 31.2317512], [77.1406142, 31.2316125], [77.145553, 31.2318615], [77.1480514, 31.2319874], [77.15669, 31.2319771], [77.1591056, 31.2325444], [77.1687605, 31.2348119], [77.1821148, 31.244318], [77.185342, 31.2492605], [77.185506, 31.2498645], [77.1874535, 31.2525766], [77.1878171, 31.253257], [77.1892155, 31.2543012], [77.1895718, 31.2544404], [77.1897399, 31.254506], [77.1898078, 31.2544853], [77.1901828, 31.2543706], [77.1904005, 31.254304], [77.1906343, 31.2537945], [77.1909855, 31.2530293], [77.1916551, 31.2517927], [77.1919822, 31.250587], [77.1925604, 31.2496058], [77.1927183, 31.2483237], [77.1929786, 31.2463093], [77.1933006, 31.2453237], [77.1933187, 31.245294], [77.1938779, 31.2443792], [77.1945867, 31.24329], [77.1957577, 31.2425392], [77.1971319, 31.2422323], [77.1982431, 31.2422146], [77.1992262, 31.2421947], [77.2001624, 31.2423575], [77.2013078, 31.2427074], [77.2033357, 31.2436964], [77.2045112, 31.2445975], [77.2060267, 31.2455777], [77.208083, 31.2471911], [77.2090492, 31.247905], [77.2097583, 31.2486512], [77.2104702, 31.2494711], [77.2111428, 31.249852], [77.2136954, 31.2528241], [77.2167982, 31.2576217], [77.2198515, 31.2612738], [77.2225719, 31.261693], [77.2251226, 31.261427], [77.2301018, 31.2602231], [77.2319228, 31.2599627], [77.234476, 31.2586007], [77.2375699, 31.2572421], [77.2394523, 31.2563548], [77.2412561, 31.2552466], [77.2419242, 31.2543462], [77.2423032, 31.2532573], [77.2428578, 31.2522321], [77.2434048, 31.2515414], [77.2442281, 31.2511597], [77.245344, 31.2511785], [77.2455026, 31.2511811], [77.2462058, 31.2514059], [77.2468136, 31.2519324], [77.2470476, 31.2522383], [77.247208, 31.252448], [77.2478283, 31.2532588], [77.2481486, 31.2539371], [77.2483352, 31.2543322], [77.2487884, 31.2552817], [77.2487735, 31.2556245], [77.2487899, 31.255895], [77.2487907, 31.2561971], [77.2487753, 31.2563234], [77.2487913, 31.2563956], [77.2490392, 31.2568325], [77.2492446, 31.2570892], [77.2493922, 31.2573369], [77.2496136, 31.2577017], [77.2498931, 31.2581612], [77.2502459, 31.2585935], [77.2505881, 31.25894], [77.2508143, 31.2591155], [77.251109, 31.2593719], [77.2514877, 31.2596778], [77.2523401, 31.2603571], [77.2529242, 31.2608701], [77.2532767, 31.2611716], [77.2538815, 31.2615582], [77.2546808, 31.2620617], [77.2557483, 31.2627495], [77.2563479, 31.2631316], [77.2575733, 31.2639229], [77.258299, 31.2643679], [77.2589509, 31.2647047], [77.2594724, 31.2649645], [77.2599971, 31.2652257], [77.2610746, 31.2656971], [77.2616737, 31.2659213], [77.2621255, 31.2660151], [77.2629027, 31.2661037], [77.2635699, 31.2662512], [77.2640848, 31.2663945], [77.2648365, 31.2667221], [77.2652362, 31.2669693], [77.2654153, 31.2671628], [77.2657259, 31.2675004], [77.2658896, 31.2678112], [77.2659432, 31.2682079], [77.2659703, 31.2685146], [77.265987, 31.2688257], [77.2660037, 31.269191], [77.2660469, 31.2696283], [77.2661371, 31.2699618], [77.2662699, 31.2705072], [77.2664071, 31.2707415], [77.2664756, 31.2708405], [77.2667235, 31.2712233], [77.2669025, 31.2714349], [77.2672185, 31.2717408], [77.2677447, 31.2721772], [77.2681549, 31.2724289], [77.2686018, 31.2725993], [77.2690115, 31.2726977], [77.2697208, 31.272845], [77.2700885, 31.2729209], [77.2705666, 31.2729876], [77.2709341, 31.2730093], [77.2714015, 31.2730264], [77.2718162, 31.2729984], [77.2722097, 31.2729074], [77.2725875, 31.2728254], [77.2726976, 31.2727891], [77.2729178, 31.2726714], [77.2730958, 31.2725132], [77.2734518, 31.2721426], [77.2737606, 31.2717812], [77.2739119, 31.2714562], [77.2740425, 31.2712349], [77.2742867, 31.2703596], [77.2744319, 31.2697279], [77.2745289, 31.2687761], [77.2747314, 31.2680091], [77.2748828, 31.2677111], [77.2750975, 31.2675122], [77.2754223, 31.2672364], [77.2762971, 31.2665671], [77.2774757, 31.2656672], [77.2784136, 31.2650699], [77.2795093, 31.2645263], [77.2801228, 31.264277], [77.280642, 31.2640819], [77.2810825, 31.2639366], [77.2812557, 31.2639002], [77.2815865, 31.2639039], [77.281912, 31.2639078], [77.2821431, 31.2639523], [77.2823693, 31.2641187], [77.2827375, 31.2643659], [77.2829534, 31.2645639], [77.2833902, 31.2649417], [77.2838377, 31.2653556], [77.2842165, 31.2656091], [77.2842744, 31.2656477], [77.2848475, 31.2659216], [77.2854418, 31.2662584], [77.2860254, 31.2665503], [77.2865148, 31.266928], [77.2869781, 31.2673554], [77.287189, 31.2676616], [77.287495, 31.2681389], [77.2877056, 31.2683323], [77.2878425, 31.2684718], [77.2879424, 31.2685212], [77.2882312, 31.2685431], [77.2884097, 31.2685247], [77.2887351, 31.2684924], [77.2892809, 31.268419], [77.290026, 31.2682956], [77.2910335, 31.2681084], [77.2917158, 31.2680212], [77.2926081, 31.267965], [77.2938995, 31.2679214], [77.2944035, 31.2679113], [77.2950177, 31.2678919], [77.2954576, 31.2678782], [77.2966752, 31.2677646], [77.2980672, 31.2676051], [77.2988334, 31.2675132], [77.2997624, 31.2674344], [77.3004186, 31.2673923], [77.3012007, 31.2673499], [77.3015626, 31.2673001], [77.3019354, 31.2672489], [77.3024708, 31.2671935], [77.3030793, 31.2671545], [77.3039264, 31.2672974], [77.3053914, 31.2681715], [77.3066029, 31.2693249], [77.3061591, 31.2707345], [77.3057962, 31.2722162], [77.3056744, 31.2739852], [77.3055557, 31.2756126], [77.3060204, 31.2769663], [77.3071416, 31.2784723], [77.3081946, 31.2793397], [77.3105669, 31.2802287], [77.3123718, 31.2807333], [77.3184299, 31.2835389], [77.319889, 31.2868764], [77.3200178, 31.2905071], [77.3217344, 31.2919006], [77.3252105, 31.2925241], [77.3294591, 31.292304], [77.3336166, 31.2937377], [77.3353385, 31.2990149], [77.3360252, 31.3030484], [77.3376989, 31.3076319], [77.3369348, 31.3148608], [77.3392438, 31.3184845], [77.3403167, 31.3232138], [77.3417759, 31.3247902], [77.3446083, 31.32589], [77.3453378, 31.3279429], [77.3446941, 31.3313154], [77.34375, 31.3342479], [77.3444366, 31.3357508], [77.3459386, 31.3372537], [77.3480844, 31.3380601], [77.3504448, 31.3401494], [77.3523214, 31.3447349], [77.3547362, 31.3479197], [77.3561095, 31.352904], [77.3637485, 31.3564223], [77.3716449, 31.3596472], [77.378683, 31.3579614], [77.3829116, 31.3601005], [77.3829119, 31.3601659], [77.3829125, 31.3603225], [77.382934, 31.3604351], [77.3829609, 31.3605704], [77.3831412, 31.3609757], [77.3832321, 31.3613632], [77.3832541, 31.3615976], [77.3832342, 31.3619044], [77.3832348, 31.3620396], [77.3832777, 31.3622334], [77.3835046, 31.3624673], [77.3838674, 31.3625248], [77.3843826, 31.3625413], [77.3846771, 31.3625809], [77.3849722, 31.3628101], [77.3850625, 31.3630218], [77.3850631, 31.3631571], [77.3847912, 31.3635141], [77.3846029, 31.3637311], [77.3845561, 31.3638756], [77.3845147, 31.36402], [77.3844786, 31.364178], [77.3844687, 31.3643403], [77.3844906, 31.3645432], [77.3846278, 31.364687], [77.3847966, 31.3648399], [77.3848396, 31.3650653], [77.3848199, 31.3654125], [77.3848106, 31.3657012], [77.3846649, 31.3660398], [77.3845764, 31.3662385], [77.3845619, 31.3665587], [77.3845895, 31.3668878], [77.384669, 31.367059], [77.3848012, 31.3672615], [77.3848915, 31.3674732], [77.3848239, 31.3676763], [77.3848251, 31.3679694], [77.384852, 31.3681136], [77.3848371, 31.3683347], [77.3849168, 31.3685193], [77.385065, 31.3687804], [77.3852603, 31.3690008], [77.3854031, 31.3691943], [77.3854407, 31.3694151], [77.3854624, 31.369582], [77.3854944, 31.3696991], [77.3858061, 31.370086], [77.3859439, 31.3703471], [77.386082, 31.370721], [77.3862508, 31.3708783], [77.3865662, 31.3708548], [77.3867923, 31.3708766], [77.3869921, 31.3709257], [77.3871501, 31.3710018], [77.3873555, 31.371105], [77.3875453, 31.3712397], [77.3876613, 31.3713386], [77.3877515, 31.3715412], [77.387831, 31.3716853], [77.3878314, 31.3717844], [77.3878849, 31.3720188], [77.3880327, 31.3721897], [77.3881021, 31.372442], [77.3881706, 31.3724824], [77.38835, 31.3726532], [77.388387, 31.3726847], [77.3885081, 31.3727385], [77.388624, 31.3728373], [77.3886559, 31.3729048], [77.3886879, 31.373013], [77.388688, 31.37304], [77.388657, 31.3731754], [77.3886209, 31.3733289], [77.3885213, 31.3734058], [77.3884538, 31.3736], [77.3883964, 31.3736993], [77.3883557, 31.3740241], [77.3883772, 31.3741503], [77.3883991, 31.3743622], [77.388663, 31.3746049], [77.388774, 31.3747805], [77.3889537, 31.3750189], [77.3890228, 31.3752216], [77.3891346, 31.3755505], [77.3890459, 31.375695], [77.3889099, 31.3758533], [77.3888421, 31.3759978], [77.388801, 31.3762325], [77.3887942, 31.3764359], [77.3882689, 31.3770877], [77.3872196, 31.3782428], [77.3871767, 31.3787986], [77.3873698, 31.3791772], [77.3873313, 31.3792944], [77.3872056, 31.3793985], [77.3871169, 31.379534], [77.387039, 31.3797688], [77.3868823, 31.3800082], [77.3867254, 31.3802206], [77.3866365, 31.3803111], [77.3866158, 31.3803969], [77.3866379, 31.3806673], [77.3867596, 31.3808609], [77.3868756, 31.3809462], [77.3870866, 31.3811395], [77.3871922, 31.3812474], [77.3872563, 31.3814862], [77.3872834, 31.3816981], [77.3872842, 31.3818829], [77.3872695, 31.3821265], [77.3872387, 31.3823386], [77.387192, 31.382465], [77.3871506, 31.3826184], [77.3871513, 31.3828123], [77.3873108, 31.3832448], [77.3874429, 31.3834203], [77.3875326, 31.3835056], [77.3876378, 31.3835234], [77.3877378, 31.3835546], [77.3878063, 31.3835815], [77.387954, 31.3837163], [77.3879863, 31.3837566], [77.3880333, 31.3838153], [77.3880336, 31.383883], [77.3879081, 31.3840277], [77.387895, 31.3840353], [77.3877612, 31.3841137], [77.3876358, 31.384308], [77.3875571, 31.3843444], [77.3874581, 31.3845476], [77.3873491, 31.3848907], [77.3873505, 31.3852379], [77.387383, 31.3854813], [77.3874299, 31.3855458], [77.3874941, 31.3856343], [77.3875839, 31.3857422], [77.3875843, 31.385855], [77.3876119, 31.386157], [77.3875443, 31.3863377], [77.3874078, 31.3863877], [77.3872542, 31.3864364], [77.3871245, 31.3865148], [77.3870353, 31.3865646], [77.3869463, 31.3866506], [77.3869365, 31.3868129], [77.3861257, 31.3872003], [77.3853424, 31.3875341], [77.3851217, 31.3876904], [77.38492, 31.3879233], [77.3850973, 31.3883735], [77.3851403, 31.3884824], [77.3851391, 31.3890854], [77.3852567, 31.3893852], [77.3852493, 31.3908748], [77.3852589, 31.3915772], [77.3852258, 31.3919598], [77.3851756, 31.3920033], [77.3849561, 31.3921934], [77.3846411, 31.3926102], [77.3843908, 31.3927126], [77.3839444, 31.3927055], [77.3831049, 31.3925219], [77.382613, 31.3923225], [77.3820366, 31.39259], [77.3815029, 31.3931774], [77.3813733, 31.3934307], [77.3814037, 31.393645], [77.3814369, 31.3938786], [77.3815496, 31.394455], [77.3815423, 31.3947954], [77.3815452, 31.3952085], [77.3815459, 31.3953161], [77.3815679, 31.3959024], [77.3815601, 31.3962641], [77.3814999, 31.3966378], [77.3814731, 31.3968045], [77.3813685, 31.39694], [77.3813374, 31.3970573], [77.3813694, 31.3971655], [77.3813495, 31.3974497], [77.3814184, 31.3975622], [77.3815976, 31.3976969], [77.381677, 31.3978139], [77.381714, 31.3978815], [77.3817251, 31.3980168], [77.3817004, 31.3984182], [77.3817168, 31.398567], [77.3816494, 31.3987971], [77.3815342, 31.3989328], [77.3814664, 31.3990502], [77.3812989, 31.399231], [77.3812318, 31.3995424], [77.3811803, 31.3998131], [77.38126, 31.4000248], [77.3813815, 31.4001507], [77.3815395, 31.400227], [77.3816974, 31.4002761], [77.3817658, 31.4002848], [77.3821625, 31.4003455], [77.3822287, 31.4003556], [77.3823766, 31.4005131], [77.3823978, 31.40054], [77.382567, 31.4007741], [77.3825358, 31.4008869], [77.3824803, 31.4009444], [77.3823003, 31.4011311], [77.3822638, 31.4012169], [77.3822858, 31.4014514], [77.3822715, 31.4016113], [77.3802992, 31.4029263], [77.3801393, 31.4034345], [77.3801769, 31.4035429], [77.3802339, 31.4037077], [77.3802351, 31.4039963], [77.3802256, 31.4042579], [77.3801999, 31.4043622], [77.3801377, 31.4046144], [77.3802172, 31.4047675], [77.3804913, 31.4049515], [77.3805652, 31.405028], [77.3809033, 31.4053968], [77.3810406, 31.4055677], [77.3812464, 31.405752], [77.3812898, 31.4057874], [77.3813783, 31.4058598], [77.3815155, 31.4059722], [77.3815263, 31.4060443], [77.3815488, 31.406405], [77.3815389, 31.4065583], [77.3815295, 31.4068515], [77.3814303, 31.4070321], [77.3813877, 31.4070747], [77.3812942, 31.4071679], [77.3811845, 31.407326], [77.3811584, 31.4073711], [77.3811481, 31.4074208], [77.381197, 31.4078175], [77.3813555, 31.4080199], [77.3816607, 31.4080777], [77.3817338, 31.4080939], [77.3818817, 31.4081266], [77.3820562, 31.4083651], [77.3822095, 31.4085676], [77.3822646, 31.4087568], [77.3823695, 31.4091173], [77.3826071, 31.40936], [77.3829022, 31.409535], [77.3831707, 31.4096199], [77.3834647, 31.4094927], [77.3836533, 31.4093863], [77.3838581, 31.4092706], [77.3840057, 31.4093288], [77.3842847, 31.4094227], [77.384559, 31.4096473], [77.3845907, 31.4097059], [77.3846195, 31.4097735], [77.3846598, 31.409868], [77.3846713, 31.4100889], [77.3847616, 31.4103141], [77.3848195, 31.41035], [77.3848674, 31.4104852], [77.3849202, 31.4105391], [77.3850469, 31.4106695], [77.3852631, 31.4108312], [77.3854052, 31.4108443], [77.385542, 31.4108619], [77.3857214, 31.4108796], [77.3858366, 31.4109196], [77.3858788, 31.4109466], [77.3859368, 31.410987], [77.3860162, 31.411104], [77.3861067, 31.4113833], [77.3861074, 31.4115457], [77.3860083, 31.4117399], [77.3859585, 31.4118078], [77.3859089, 31.4118755], [77.3858146, 31.4119614], [77.3857151, 31.4120609], [77.3856732, 31.4120971], [77.3855007, 31.4123231], [77.3854594, 31.4125352], [77.3849479, 31.4128321], [77.384669, 31.4131043], [77.3843911, 31.4133339], [77.3833819, 31.4141052], [77.3830768, 31.4144409], [77.3826767, 31.4145835], [77.3816597, 31.4145673], [77.3810382, 31.4146212], [77.3803166, 31.4147161], [77.3798659, 31.4149004], [77.3793764, 31.4153313], [77.3792871, 31.4153496], [77.3791245, 31.4154411], [77.3790615, 31.4154765], [77.3787215, 31.415924], [77.3785756, 31.4162445], [77.3783877, 31.4166014], [77.3781945, 31.4169311], [77.3780847, 31.4171118], [77.3778804, 31.4173153], [77.377666, 31.4175685], [77.3775671, 31.4178484], [77.3773422, 31.4181376], [77.3771647, 31.4184764], [77.3769611, 31.4188242], [77.376783, 31.4190097], [77.3766625, 31.4191093], [77.3763321, 31.4193447], [77.3761749, 31.4194714], [77.3752315, 31.419786], [77.3744117, 31.4199697], [77.3739491, 31.4201372], [77.3733861, 31.4202375], [77.3729259, 31.4202958], [77.3725677, 31.4203556], [77.3719786, 31.4204774], [77.371341, 31.4204891], [77.3707449, 31.4209386], [77.3705084, 31.4212628], [77.370067, 31.4216274], [77.3700531, 31.4219049], [77.3700319, 31.4219199], [77.3699532, 31.4219698], [77.3698641, 31.4220467], [77.3697858, 31.4221912], [77.3697864, 31.4223491], [77.3694051, 31.4227537], [77.36917, 31.4230123], [77.3689619, 31.4232057], [77.3687782, 31.4234433], [77.3680205, 31.4242838], [77.3672671, 31.4249276], [77.3669051, 31.4251623], [77.3665719, 31.4252444], [77.3658794, 31.4254301], [77.3652399, 31.4255291], [77.3647792, 31.4256092], [77.363421, 31.4258352], [77.3631269, 31.4259351], [77.3630273, 31.4260392], [77.3630006, 31.4260823], [77.3629124, 31.4262244], [77.3629026, 31.4264048], [77.3629716, 31.4265714], [77.3630197, 31.4267562], [77.3631888, 31.4269677], [77.3632053, 31.4271156], [77.3632105, 31.4271615], [77.3631322, 31.427315], [77.3630436, 31.4275183], [77.3629548, 31.4276447], [77.3626611, 31.4278801], [77.3624465, 31.4281603], [77.3624262, 31.4283452], [77.3623801, 31.428661], [77.362418, 31.428954], [77.3623293, 31.4291076], [77.3620356, 31.4293474], [77.3616996, 31.4294656], [77.3614159, 31.4295521], [77.3612162, 31.4295933], [77.3611112, 31.4296612], [77.3608752, 31.4298332], [77.3607654, 31.4300094], [77.3608082, 31.4301626], [77.3608091, 31.4303971], [77.3607887, 31.4305775], [77.3606686, 31.4308124], [77.3602753, 31.4311021], [77.3599023, 31.4312068], [77.3595974, 31.4312393], [77.3593767, 31.431276], [77.3591036, 31.4313804], [77.3588467, 31.4315977], [77.3586581, 31.4317875], [77.3586115, 31.4319907], [77.3585805, 31.4321396], [77.3584446, 31.4323608], [77.3583189, 31.4325055], [77.3578834, 31.4327773], [77.3575315, 31.4328911], [77.3572638, 31.433027], [77.3571483, 31.433086], [77.3570069, 31.4332397], [77.3569022, 31.4333663], [77.356814, 31.4336687], [77.3566785, 31.4340073], [77.356548, 31.4342872], [77.356391, 31.4344996], [77.3562078, 31.434703], [77.3560768, 31.4348477], [77.3559827, 31.4349833], [77.3558621, 31.4351008], [77.355658, 31.4353359], [77.3554059, 31.4354629], [77.3552067, 31.4356258], [77.3550703, 31.4357208], [77.3547663, 31.4359923], [77.354588, 31.4361281], [77.3543921, 31.4362006], [77.3542938, 31.4362371], [77.354126, 31.4363503], [77.3537793, 31.4364504], [77.3535428, 31.4365188], [77.3533748, 31.436623], [77.3525292, 31.4366277], [77.3521686, 31.4367968], [77.3516545, 31.4369853], [77.3512164, 31.4371969], [77.3500497, 31.4380744], [77.3495048, 31.4385029], [77.3491913, 31.4388476], [77.3488359, 31.4394539], [77.3487368, 31.4396841], [77.3486587, 31.4399052], [77.3479284, 31.4406199], [77.347587, 31.4410735], [77.3472965, 31.4415279], [77.3471638, 31.4417662], [77.3468339, 31.442854], [77.3468686, 31.4435979], [77.3468585, 31.4440568], [77.3467897, 31.4448646], [77.3466017, 31.4452988], [77.3461881, 31.4455545], [77.3456528, 31.4455458], [77.3452926, 31.4456685], [77.344998, 31.4456784], [77.3448299, 31.4457058], [77.3446148, 31.4458913], [77.3440211, 31.4460462], [77.3437847, 31.4461505], [77.3434801, 31.4462687], [77.3432331, 31.446337], [77.3429964, 31.4463466], [77.3427388, 31.4463653], [77.3424441, 31.4463661], [77.3421502, 31.4465112], [77.3418929, 31.4466472], [77.3416568, 31.4468057], [77.3414263, 31.4470634], [77.3411437, 31.4474879], [77.3410231, 31.447565], [77.3408078, 31.4476738], [77.3405713, 31.447751], [77.3403241, 31.4477426], [77.3401079, 31.4475855], [77.3399078, 31.4475183], [77.3397604, 31.4475187], [77.3395765, 31.4475688], [77.3393981, 31.447673], [77.3390837, 31.4480121], [77.338937, 31.4481883], [77.3387587, 31.4483421], [77.3385223, 31.4484284], [77.3382436, 31.4484607], [77.3379489, 31.4483938], [77.3376228, 31.4484217], [77.3374652, 31.4484898], [77.3372815, 31.448585], [77.3371399, 31.4486937], [77.3369671, 31.4489331], [77.3367683, 31.4492177], [77.3363905, 31.4494892], [77.3360651, 31.4497021], [77.3357397, 31.4499058], [77.3352773, 31.4500604], [77.3349516, 31.4501605], [77.334915, 31.4502282], [77.3347838, 31.4503142], [77.3346107, 31.450468], [77.3344535, 31.4506533], [77.334433, 31.4507886], [77.3344337, 31.4509825], [77.3344343, 31.4511629], [77.3344032, 31.4512622], [77.3342194, 31.4513574], [77.3339832, 31.4515158], [77.333726, 31.4516698], [77.332922, 31.4519245], [77.3322627, 31.4525871], [77.3319706, 31.4530051], [77.3319467, 31.453041], [77.3317605, 31.4533878], [77.3316537, 31.4536047], [77.3308138, 31.4546841], [77.330112, 31.4552848], [77.3295689, 31.4556258], [77.3292812, 31.455949], [77.3290993, 31.4572577], [77.3290843, 31.4579352], [77.3288759, 31.4592872], [77.3281835, 31.4606094], [77.3272747, 31.4624966], [77.327114, 31.4628437], [77.3267719, 31.4633191], [77.3262536, 31.4648409], [77.3253534, 31.4663347], [77.3249761, 31.4672467], [77.3247933, 31.4674404], [77.3246826, 31.4678321], [77.3245387, 31.4685731], [77.3244135, 31.4696203], [77.3243725, 31.4703192], [77.3243618, 31.4707999], [77.3243155, 31.4717392], [77.3243053, 31.4721981], [77.3237312, 31.4739376], [77.3233871, 31.4745003], [77.3228901, 31.4750606], [77.322293, 31.4755318], [77.3219788, 31.4758983], [77.3215852, 31.4763947], [77.3212554, 31.4774605], [77.3213414, 31.4781832], [77.3216142, 31.4785374], [77.3218075, 31.4790215], [77.3222024, 31.4796182], [77.3222437, 31.480056], [77.3223032, 31.4808221], [77.322295, 31.4811936], [77.3221245, 31.4819778], [77.3221143, 31.4824366], [77.3222586, 31.4828325], [77.3223225, 31.4834019], [77.3227699, 31.4839338], [77.3232403, 31.4845754], [77.3232253, 31.4852528], [77.3232045, 31.4861924], [77.3228516, 31.4871485], [77.3227038, 31.4880642], [77.3224925, 31.4883886], [77.3221018, 31.4887539], [77.3215311, 31.4891818], [77.3212457, 31.4893957], [77.3207457, 31.4900871], [77.3206576, 31.4906103], [77.3205023, 31.490725], [77.3204505, 31.4908958], [77.3202024, 31.4916235], [77.319933, 31.4921132], [77.3196667, 31.4924666], [77.3194226, 31.4927182], [77.3192407, 31.4928515], [77.3189751, 31.4931709], [77.3186724, 31.4933704], [77.3182691, 31.493501], [77.3176521, 31.4936777], [77.317579, 31.4938043], [77.3175068, 31.4939307], [77.3182282, 31.4945728], [77.3191678, 31.4952355], [77.3192413, 31.4955093], [77.3192368, 31.4957137], [77.3190075, 31.496187], [77.3187821, 31.4964899], [77.3185379, 31.4967415], [77.3181913, 31.4971277], [77.318006, 31.4974143], [77.3177913, 31.4981264], [77.3177503, 31.4990797], [77.3176132, 31.4998782], [77.3175947, 31.5007127], [77.3175811, 31.5013258], [77.317366, 31.5020549], [77.3172377, 31.5024617], [77.3170429, 31.503174], [77.3169941, 31.5035821], [77.3168065, 31.5039709], [77.3166811, 31.5043976], [77.3160673, 31.5049266], [77.3155907, 31.5054673], [77.3149557, 31.5061875], [77.3144427, 31.5070365], [77.3143347, 31.5077853], [77.3143383, 31.5077979], [77.3145637, 31.5085874], [77.3149352, 31.509502], [77.3153433, 31.5103036], [77.3154003, 31.5108857], [77.315425, 31.5111377], [77.3151854, 31.5118868], [77.3149295, 31.5124692], [77.3145108, 31.5132053], [77.3144511, 31.5142426], [77.3144534, 31.5149371], [77.3142609, 31.5155869], [77.3137266, 31.5163683], [77.3135546, 31.5168964], [77.3135568, 31.5169263], [77.3135887, 31.5173738], [77.3136225, 31.5178289], [77.3139286, 31.5185459], [77.3141739, 31.5194697], [77.3141739, 31.5194857], [77.314178, 31.5207054], [77.3138712, 31.521847], [77.3138737, 31.5225955], [77.3138791, 31.5226236], [77.3140881, 31.5237179], [77.3146767, 31.5250016], [77.3151966, 31.5261682], [77.3155064, 31.5274798], [77.3162203, 31.5284475], [77.3163381, 31.5285961], [77.3167913, 31.5291676], [77.3168405, 31.5297086], [77.3167029, 31.5300502], [77.3167023, 31.5300516], [77.3167013, 31.5300537], [77.3167008, 31.5300554], [77.3166826, 31.5301006], [77.3166004, 31.5303045], [77.3163453, 31.5311664], [77.3160691, 31.5320104], [77.3160242, 31.5327319], [77.3156216, 31.5335627], [77.3153356, 31.5346186], [77.314934, 31.535756], [77.314647, 31.5365323], [77.314523, 31.5372135], [77.3137932, 31.5378241], [77.3126164, 31.5386162], [77.3118288, 31.5392855], [77.3103795, 31.540466], [77.3089454, 31.5414796], [77.3081823, 31.5418722], [77.3068538, 31.5425556], [77.3068538, 31.5425557], [77.3068537, 31.5425557], [77.3068488, 31.5425581], [77.3056337, 31.5431425], [77.3055794, 31.5431654], [77.3048495, 31.5434738], [77.30456, 31.543854], [77.3042425, 31.5442338], [77.3039833, 31.5445183], [77.3035831, 31.5448245], [77.3031803, 31.545251], [77.3028919, 31.5455831], [77.3026289, 31.5460359], [77.3023946, 31.5464652], [77.3021861, 31.5469911], [77.3020593, 31.5476386], [77.3018143, 31.5483385], [77.3010496, 31.5490809], [77.3007724, 31.5493501], [77.2996285, 31.5506019], [77.2991773, 31.551144], [77.2988851, 31.5519609], [77.2991983, 31.5527493], [77.2994597, 31.5538175], [77.2996581, 31.5543527], [77.2997519, 31.5546059], [77.2997717, 31.555837], [77.2998533, 31.556671], [77.3003713, 31.557238], [77.3013268, 31.5579842], [77.3016402, 31.5588133], [77.3017841, 31.559327], [77.301612, 31.5598415], [77.3011243, 31.560519], [77.30101, 31.5609658], [77.3012538, 31.5614747], [77.3016463, 31.5623216], [77.3021167, 31.5628481], [77.3022603, 31.5632761], [77.3027675, 31.563789], [77.303074, 31.5640768], [77.303318, 31.5646445], [77.3033195, 31.5651029], [77.3033197, 31.5651512], [77.3033206, 31.5654337], [77.303339, 31.5662543], [77.3033246, 31.5666737], [77.3033259, 31.5670615], [77.3034068, 31.5676565], [77.3035883, 31.5683777], [77.3036694, 31.5690538], [77.3037191, 31.5697347], [77.3038215, 31.5704559], [77.3036756, 31.5709523], [77.3034673, 31.5716743], [77.3031421, 31.572117], [77.3031439, 31.5726852], [77.3032935, 31.5733251], [77.3034902, 31.5738929], [77.3034938, 31.5749842], [77.3034112, 31.5755119], [77.3031236, 31.576135], [77.3024159, 31.5772053], [77.3019186, 31.578149], [77.3020935, 31.5784958], [77.3022596, 31.5793567], [77.3029124, 31.5808658], [77.3035691, 31.5821805], [77.3035963, 31.582235], [77.3038833, 31.5829964], [77.3039231, 31.5839118], [77.3038753, 31.5853955], [77.3037523, 31.58646], [77.3037453, 31.5865205], [77.3036089, 31.5877095], [77.3033994, 31.5881113], [77.3032583, 31.5884183], [77.3024021, 31.589223], [77.3019442, 31.5895375], [77.3009461, 31.590223], [77.2991394, 31.5919724], [77.2979428, 31.5933911], [77.2976461, 31.5936556], [77.2973492, 31.5939201], [77.2973493, 31.5939614], [77.2973496, 31.5940485], [77.2973504, 31.5942944], [77.2975625, 31.5947358], [77.2979167, 31.5951228], [77.298026, 31.5953445], [77.2982455, 31.5957894], [77.2984066, 31.5962022], [77.2985057, 31.5964562], [77.2996102, 31.5975043], [77.2996227, 31.5975171], [77.2999778, 31.5978826], [77.3004191, 31.5983367], [77.3016549, 31.5992898], [77.3023202, 31.5997301], [77.3023299, 31.5997575], [77.3024479, 31.6000905], [77.3022225, 31.6004789], [77.3020555, 31.6007845], [77.301966, 31.6009485], [77.3023261, 31.6015474], [77.3030076, 31.6021094], [77.3030515, 31.6022621], [77.3031036, 31.6024429], [77.3027683, 31.6030524], [77.3026209, 31.6032268], [77.3022487, 31.603667], [77.3019127, 31.6040555], [77.3018986, 31.6045652], [77.3020738, 31.6050112], [77.3027399, 31.605659], [77.3029499, 31.6058617], [77.303686, 31.6065721], [77.3040411, 31.6072787], [77.3040412, 31.607279], [77.3040744, 31.6077482], [77.3037239, 31.608511], [77.3036888, 31.6090613], [77.3037425, 31.6093678], [77.3040812, 31.6097954], [77.3042627, 31.6105164], [77.3040852, 31.611058], [77.3039336, 31.6115664], [77.3039237, 31.6115995], [77.3042681, 31.6122075], [77.3048865, 31.6127606], [77.3056032, 31.6133573], [77.3056166, 31.6133717], [77.3056175, 31.6133757], [77.3057974, 31.6141699], [77.3057323, 31.6151982], [77.3058005, 31.6155582], [77.305845, 31.6157931], [77.3060396, 31.616334], [77.3061693, 31.6166943], [77.3061289, 31.6172481], [77.3061239, 31.6173167], [77.3059932, 31.6176371], [77.305835, 31.6178048], [77.3052212, 31.6184552], [77.3047584, 31.6191165], [77.3045131, 31.619467], [77.3038845, 31.6204235], [77.3038842, 31.620424], [77.3035964, 31.6211602], [77.3036768, 31.6215478], [77.3041672, 31.6219287], [77.3045855, 31.6222536], [77.3052352, 31.622694], [77.3055105, 31.6231082], [77.305518, 31.6231784], [77.3055595, 31.623568], [77.3054499, 31.623911], [77.3050607, 31.6241509], [77.304655, 31.6241789], [77.3041108, 31.6247602], [77.3040458, 31.6248297], [77.3038669, 31.6250982], [77.3037207, 31.6253176], [77.3034643, 31.6258998], [77.3028969, 31.6264378], [77.3026873, 31.6267019], [77.3023983, 31.6270658], [77.3023046, 31.6274403], [77.3023373, 31.627783], [77.3026288, 31.6282693], [77.3026095, 31.6285244], [77.3025985, 31.6286707], [77.3024677, 31.6289912], [77.302084, 31.6292942], [77.3017417, 31.6293807], [77.3012093, 31.629382], [77.3009195, 31.6294097], [77.3007409, 31.6295635], [77.3007735, 31.6298519], [77.300786, 31.629874], [77.3009855, 31.6302257], [77.3011974, 31.6305724], [77.3013252, 31.6309735], [77.3013211, 31.6310387], [77.3012998, 31.631373], [77.3012951, 31.631447], [77.3011534, 31.6316278], [77.3010853, 31.6317362], [77.3007424, 31.6317727], [77.3007044, 31.6317768], [77.3002633, 31.6318238], [77.2998416, 31.6317977], [77.2994673, 31.631785], [77.2992407, 31.6317856], [77.298983, 31.631935], [77.2986382, 31.6325999], [77.2985639, 31.6327431], [77.2986125, 31.6331174], [77.2986487, 31.6331617], [77.2991522, 31.633779], [77.2993697, 31.6340738], [77.2999357, 31.6348413], [77.3006385, 31.6354258], [77.3011036, 31.6358126], [77.3011689, 31.6360019], [77.3015134, 31.6370021], [77.3015466, 31.6375296], [77.3014798, 31.6380944], [77.3014697, 31.6381791], [77.3014532, 31.638219], [77.3011298, 31.6389962], [77.3011012, 31.6399386], [77.3009553, 31.6404666], [77.3007829, 31.640954], [77.3007101, 31.641215], [77.3006892, 31.64129], [77.300666, 31.6413729], [77.3005652, 31.6417345], [77.3005589, 31.6417572], [77.3006399, 31.6423523], [77.3010632, 31.6428653], [77.3013703, 31.6433246], [77.3013245, 31.6438072], [77.3007095, 31.6443362], [77.3004529, 31.644554], [77.2986961, 31.6460455], [77.2983393, 31.646583], [77.2982473, 31.6474715], [77.2980566, 31.6483572], [77.2980084, 31.6485814], [77.2976524, 31.6493443], [77.2967006, 31.6501086], [77.295875, 31.6507463], [77.2958269, 31.6509528], [77.2957658, 31.6512156], [77.2958144, 31.6515898], [77.2962785, 31.6517335], [77.2967537, 31.6518807], [77.29734, 31.652213], [77.2974519, 31.6526275], [77.2973917, 31.6535386], [77.2975476, 31.6546282], [77.2975588, 31.6547061], [77.29811, 31.6556473], [77.2984496, 31.6558728], [77.2985513, 31.6559403], [77.2987124, 31.6560472], [77.2987948, 31.6560682], [77.2990669, 31.6561375], [77.2999416, 31.65636], [77.3004119, 31.656679], [77.3005439, 31.6574933], [77.3005464, 31.6575084], [77.3002906, 31.6583162], [77.3000811, 31.658623], [77.2997292, 31.6591382], [77.2997806, 31.6603557], [77.3002124, 31.6612201], [77.3002463, 31.661288], [77.3004173, 31.6616303], [77.3010589, 31.662062], [77.3012576, 31.6621957], [77.3017329, 31.6625155], [77.3021027, 31.6627356], [77.3023617, 31.662947], [77.3026261, 31.6631627], [77.3027064, 31.6635504], [77.302708, 31.6640374], [77.3025068, 31.6645921], [77.3024363, 31.6647866], [77.3025048, 31.6650906], [77.3026823, 31.6658773], [77.302776, 31.6671396], [77.3026943, 31.6679605], [77.3023897, 31.6683175], [77.3014688, 31.6688473], [77.2998016, 31.670195], [77.2989209, 31.6717663], [77.2985026, 31.6728721], [77.2982666, 31.673265], [77.2967615, 31.6741974], [77.2961457, 31.6745326], [77.2957606, 31.6744613], [77.2953061, 31.6741332], [77.2949149, 31.673841], [77.294625, 31.6738687], [77.2942301, 31.674001], [77.2941882, 31.6740151], [77.2939613, 31.6740911], [77.2935417, 31.6748136], [77.2934591, 31.675382], [77.2933348, 31.6760632], [77.2931579, 31.6768122], [77.2925476, 31.6772735], [77.2914161, 31.6779705], [77.2903999, 31.6784419], [77.2888305, 31.6790858], [77.2878938, 31.6797237], [77.2873575, 31.680239], [77.2873049, 31.6803878], [77.2872343, 31.6805878], [77.2868139, 31.6817778], [77.2867552, 31.6829824], [77.2867549, 31.6829881], [77.2867543, 31.6830001], [77.2867593, 31.6830235], [77.2867679, 31.6830638], [77.2869152, 31.6837589], [77.2869684, 31.6840097], [77.2873721, 31.6849377], [77.2872791, 31.6855737], [77.2868582, 31.6859083], [77.2851289, 31.686061], [77.2840283, 31.6865776], [77.2831398, 31.6874408], [77.2823784, 31.6885473], [77.2815744, 31.6894916], [77.2802787, 31.690049], [77.2795843, 31.6906413], [77.2792591, 31.6912237], [77.27905, 31.6918059], [77.2790521, 31.6925274], [77.2789435, 31.6932491], [77.2785281, 31.6936514], [77.2775069, 31.6942939], [77.2769122, 31.6947642], [77.27625, 31.6955277], [77.2752444, 31.6961116], [77.274111, 31.6963079], [77.2733047, 31.6965035], [77.2727418, 31.6969828], [77.2712367, 31.6981494], [77.2695888, 31.6991495], [77.2674653, 31.6998619], [77.2664013, 31.7003782], [77.2657071, 31.701083], [77.2637473, 31.7018763], [77.2623093, 31.7025467], [77.2612821, 31.7030223], [77.2612113, 31.7032668], [77.2610627, 31.7037803], [77.2611616, 31.7043399], [77.2612234, 31.70469], [77.261261, 31.7049027], [77.2612788, 31.7056287], [77.2606588, 31.7064686], [77.2601463, 31.7071153], [77.2600535, 31.7072324], [77.2588191, 31.7087902], [77.2572343, 31.709817], [77.2560361, 31.7099277], [77.2558367, 31.7099461], [77.2556232, 31.709871], [77.2546381, 31.7095247], [77.2544272, 31.7094695], [77.2536911, 31.7092768], [77.2534927, 31.7092248], [77.2528076, 31.7094652], [77.2523874, 31.7100928], [77.2518365, 31.7112302], [77.2513156, 31.7117228], [77.2505033, 31.7117243], [77.2498534, 31.7113423], [77.2494194, 31.7111807], [77.248783, 31.7109455], [77.2483598, 31.7110567], [77.2480072, 31.711346], [77.2475126, 31.7118295], [77.246992, 31.7124077], [77.2465655, 31.7127376], [77.2462123, 31.712815], [77.2458429, 31.712739], [77.2455047, 31.7125413], [77.2449021, 31.7120284], [77.2442145, 31.7113624], [77.244109, 31.7113103], [77.2439504, 31.7112321], [77.2437236, 31.7112415], [77.243355, 31.7114813], [77.2427552, 31.7120821], [77.2420192, 31.7130305], [77.2412203, 31.7141548], [77.2404688, 31.715261], [77.239886, 31.7163218], [77.2393649, 31.7167692], [77.2389541, 31.7170451], [77.2375683, 31.717679], [77.236267, 31.7183352], [77.2356985, 31.7188458], [77.2348049, 31.7200966], [77.2342524, 31.7206477], [77.2336994, 31.7210005], [77.2330246, 31.7212227], [77.2309991, 31.7213707], [77.2292062, 31.7216355], [77.2286053, 31.7218845], [77.227103, 31.7223833], [77.2257801, 31.7228862], [77.2237243, 31.7236339], [77.2228182, 31.7241585], [77.2219434, 31.7245794], [77.2210871, 31.7248362], [77.2210208, 31.7248561], [77.2205143, 31.72483], [77.2203455, 31.7248031], [77.2199176, 31.7246236], [77.2189459, 31.7241607], [77.2171026, 31.7234227], [77.2169497, 31.7233615], [77.2158457, 31.7227366], [77.2156925, 31.7226828], [77.2155989, 31.7227167], [77.2155819, 31.7227235], [77.2152928, 31.7231659], [77.2147414, 31.7243122], [77.2135148, 31.7254416], [77.2130048, 31.7262001], [77.2127436, 31.7273819], [77.2126842, 31.7290775], [77.2122244, 31.7309992], [77.2116116, 31.7330069], [77.2105032, 31.7351146], [77.2098151, 31.7365046], [77.2089693, 31.7381339], [77.2084814, 31.7394198], [77.2083453, 31.73988], [77.2085273, 31.7410612], [77.209328, 31.7427959], [77.2093887, 31.7439638], [77.2094813, 31.7452398], [77.2096214, 31.7465247], [77.2098674, 31.7479807], [77.2098847, 31.7485985], [77.2097437, 31.7492391], [77.209291, 31.749799], [77.208396, 31.7507609], [77.2073799, 31.7518223], [77.2067227, 31.7528965], [77.20627, 31.7534609], [77.2057869, 31.7544808], [77.2059158, 31.7555178], [77.2061444, 31.7562569], [77.2070597, 31.7572926], [77.2077699, 31.7586352], [77.2075135, 31.7596096], [77.2068345, 31.7604359], [77.206176, 31.7609781], [77.2054388, 31.7617549], [77.2050865, 31.7623642], [77.2045555, 31.7632714], [77.2039457, 31.7643546], [77.2032872, 31.7649419], [77.2025132, 31.7657819], [77.2023382, 31.7659098], [77.2018333, 31.766279], [77.2015554, 31.7671453], [77.2015397, 31.7674636], [77.201505, 31.7681644], [77.2015273, 31.7687686], [77.2017835, 31.7700714], [77.201785, 31.7707208], [77.2015066, 31.7713705], [77.2013809, 31.7718351], [77.2010228, 31.772228], [77.2005964, 31.7727473], [77.1995795, 31.7735921], [77.1994066, 31.7741561], [77.1994297, 31.7750669], [77.1991777, 31.7757572], [77.1989516, 31.7761679], [77.198572, 31.7763444], [77.1980653, 31.7764083], [77.1968452, 31.7760629], [77.1960371, 31.7758252], [77.1948968, 31.775827], [77.1939052, 31.7761532], [77.1937326, 31.776911], [77.1936544, 31.7774071], [77.1936289, 31.7777995], [77.1939364, 31.7784483], [77.1944514, 31.7791693], [77.1945928, 31.7793673], [77.1948738, 31.7799079], [77.1957365, 31.7809708], [77.1962459, 31.7822055], [77.1965749, 31.7830258], [77.1970312, 31.7840667], [77.1972333, 31.7847789], [77.1973346, 31.7853018], [77.1969297, 31.7859923], [77.1964215, 31.786675], [77.1963526, 31.7867568], [77.1962979, 31.786841], [77.1960935, 31.7875313], [77.1963481, 31.7880945], [77.1967302, 31.7890048], [77.196705, 31.7896181], [77.1959461, 31.7901829], [77.1944742, 31.7907443], [77.193588, 31.7910929], [77.1927031, 31.7920908], [77.1924723, 31.792763], [77.1925525, 31.7932815], [77.1929088, 31.794557], [77.1930112, 31.7955129], [77.1929139, 31.7961264], [77.192881, 31.7963338], [77.1927985, 31.7972989], [77.1922412, 31.7984496], [77.1914577, 31.8000065], [77.1909532, 31.8011752], [77.1902695, 31.8024478], [77.1901443, 31.8032056], [77.1892812, 31.8046137], [77.1883982, 31.8066306], [77.1873843, 31.809198], [77.1870791, 31.8097395], [77.1867534, 31.8105832], [77.1863225, 31.8116255], [77.1863718, 31.8125137], [77.1864479, 31.8135959], [77.1870844, 31.8149612], [77.1875671, 31.8160653], [77.1878703, 31.817102], [77.1880257, 31.81822], [77.1878952, 31.8189778], [77.1869625, 31.8199531], [77.1860974, 31.820473], [77.1852373, 31.8208621], [77.1846038, 31.8209487], [77.1841707, 31.8209493], [77.1830199, 31.8211899], [77.1819065, 31.821665], [77.1806607, 31.8219463], [77.1791138, 31.8222282], [77.1778251, 31.8221848], [77.1765045, 31.822056], [77.1753699, 31.8219304], [77.1751364, 31.8219045], [77.1742972, 31.8222303], [77.1736914, 31.8230248], [77.173386, 31.8234806], [77.1733611, 31.8242608], [77.1732202, 31.8250327], [77.1731833, 31.825235], [77.1733862, 31.8264478], [77.1736671, 31.8269659], [77.1744779, 31.8283762], [77.175293, 31.829304], [77.1762839, 31.8309621], [77.1767614, 31.8321518], [77.1778524, 31.8336248], [77.1785411, 31.8346654], [77.1801659, 31.8363542], [77.1803154, 31.8371792], [77.1802645, 31.8381532], [77.1795069, 31.8397325], [77.1784687, 31.840992], [77.177836, 31.8415972], [77.1766947, 31.8414454], [77.1747127, 31.840862], [77.1726364, 31.8406439], [77.1696405, 31.8401926], [77.166977, 31.8395648], [77.1653067, 31.8389176], [77.1643661, 31.838743], [77.1624631, 31.8379022], [77.1607654, 31.8366868], [77.1590141, 31.8350206], [77.1554151, 31.840089], [77.1552053, 31.8400892], [77.1550611, 31.8400894], [77.154147, 31.8399192], [77.153302, 31.8399834], [77.1508663, 31.8396796], [77.1490171, 31.839501], [77.1488376, 31.8394836], [77.1479237, 31.8394216], [77.1465767, 31.8394006], [77.1457418, 31.8392482], [77.144574, 31.838943], [77.1430788, 31.8387282], [77.1425452, 31.8386657], [77.1421433, 31.8384046], [77.141509, 31.8380806], [77.1405368, 31.8379059], [77.1400295, 31.8377756], [77.1395487, 31.8377131], [77.1389126, 31.8378593], [77.1381494, 31.8380348], [77.1350595, 31.8381463], [77.1343465, 31.8381651], [77.1330309, 31.837905], [77.1316465, 31.8376043], [77.1303577, 31.8376237], [77.1283765, 31.8373867], [77.1276158, 31.8373198], [77.126274, 31.8372354], [77.1260467, 31.83715], [77.1259198, 31.8370419], [77.1257664, 31.8368437], [77.1255865, 31.8366094], [77.1254384, 31.8364787], [77.1251056, 31.8363889], [77.124852, 31.8363486], [77.124636, 31.8364846], [77.1244719, 31.8365879], [77.1236852, 31.8367826], [77.1234317, 31.836846], [77.1231306, 31.8368868], [77.1227716, 31.8369955], [77.1223703, 31.837086], [77.1219639, 31.8372983], [77.1215309, 31.8374069], [77.1210977, 31.8373442], [77.1209496, 31.8372361], [77.1207962, 31.8370604], [77.1205915, 31.8369519], [77.120516, 31.8369119], [77.1203627, 31.8367587], [77.1199823, 31.8366735], [77.1195757, 31.8368001], [77.1187688, 31.8377568], [77.1183095, 31.8379511], [77.1181088, 31.8380145], [77.1178026, 31.8380778], [77.1175605, 31.8381717], [77.1175228, 31.8381863], [77.1170687, 31.8384258], [77.1167625, 31.8384892], [77.1164348, 31.8383407], [77.1162285, 31.8381469], [77.1161887, 31.838135], [77.115494, 31.8379267], [77.1151664, 31.8378413], [77.1149868, 31.8378415], [77.1147333, 31.8378417], [77.1144061, 31.8381442], [77.1143743, 31.8381799], [77.114153, 31.8384284], [77.113794, 31.8386227], [77.1135669, 31.8386408], [77.1131866, 31.8386232], [77.1130803, 31.8385764], [77.1130333, 31.8385557], [77.1127057, 31.8384477], [77.1124784, 31.8383172], [77.1122722, 31.8382317], [77.1120187, 31.838232], [77.1117651, 31.8381871], [77.1115115, 31.8381648], [77.111482, 31.8381689], [77.1111841, 31.8382101], [77.1107302, 31.8384495], [77.1104239, 31.838576], [77.1101704, 31.8385762], [77.1099644, 31.8385539], [77.1097108, 31.8385361], [77.1096529, 31.8385275], [77.1094097, 31.8384913], [77.1092828, 31.8384057], [77.1091031, 31.838275], [77.1089287, 31.8382301], [77.1085959, 31.8382078], [77.1083686, 31.8381449], [77.1082605, 31.838163], [77.1079884, 31.8382084], [77.107682, 31.8382312], [77.1072277, 31.8381008], [77.1070003, 31.8379071], [77.1068578, 31.8377358], [77.1068204, 31.8376908], [77.1065667, 31.8375151], [77.1061334, 31.8373848], [77.1059802, 31.8373443], [77.1058059, 31.8373444], [77.1055787, 31.8373402], [77.1053463, 31.8373854], [77.1050825, 31.8374038], [77.105019, 31.8374083], [77.1045858, 31.8374491], [77.1042318, 31.8374269], [77.1040787, 31.8373865], [77.103825, 31.8372784], [77.1036981, 31.8371703], [77.1035712, 31.8369946], [77.1033636, 31.8367845], [77.1033174, 31.8367377], [77.1030636, 31.8366072], [77.1027888, 31.8364541], [77.1023029, 31.8365176], [77.1021022, 31.8365403], [77.101722, 31.8366037], [77.1015689, 31.8367572], [77.1014352, 31.8368716], [77.1013157, 31.8369739], [77.1010888, 31.8371905], [77.1007827, 31.8374703], [77.1005294, 31.8376238], [77.0999214, 31.8377836], [77.0994627, 31.8379043], [77.0992884, 31.8379675], [77.0990825, 31.8380579], [77.0989083, 31.8381436], [77.0987816, 31.8382519], [77.0986895, 31.8383551], [77.0986286, 31.8384235], [77.0982486, 31.8386852], [77.0978683, 31.8387487], [77.0976623, 31.8387714], [77.0975619, 31.8387264], [77.0973823, 31.8386634], [77.0971338, 31.8385328], [77.0969806, 31.8384248], [77.0969334, 31.8383846], [77.0968008, 31.8382715], [77.0967004, 31.8381859], [77.0965207, 31.8381004], [77.0963198, 31.8380104], [77.0960508, 31.8380929], [77.0959661, 31.8381189], [77.0955329, 31.8381192], [77.094656, 31.8380657], [77.0944287, 31.8378494], [77.0942452, 31.8376679], [77.0941008, 31.837525], [77.0937466, 31.8372187], [77.0934402, 31.8371107], [77.0931128, 31.8372191], [77.0929053, 31.8372469], [77.0922995, 31.837328], [77.091993, 31.83722], [77.0917391, 31.836918], [77.0915847, 31.836595], [77.0914374, 31.836287], [77.091284, 31.8360706], [77.0910566, 31.8357912], [77.0907026, 31.8356833], [77.0905126, 31.8355685], [77.0904489, 31.8355301], [77.0898147, 31.8351833], [77.0898882, 31.8347729], [77.0898941, 31.8347584], [77.0899936, 31.8345113], [77.0900411, 31.834358], [77.0900409, 31.8341416], [77.0896392, 31.8339029], [77.0892322, 31.8336235], [77.0890226, 31.8335568], [77.0887514, 31.8334706], [77.0880381, 31.8332546], [77.0877103, 31.8328626], [77.0875755, 31.8326294], [77.0875357, 31.8325605], [77.0874297, 31.8322585], [77.087155, 31.832173], [77.0867482, 31.8320425], [77.0864417, 31.8318443], [77.086074, 31.8316768], [77.0856807, 31.8314977], [77.0855326, 31.8312182], [77.0854532, 31.8309792], [77.0851991, 31.8304157], [77.0851777, 31.830028], [77.0846437, 31.8294872], [77.0843635, 31.8292665], [77.0841626, 31.8289644], [77.0840091, 31.8287256], [77.0839615, 31.8285768], [77.0839615, 31.8285458], [77.0839615, 31.8285286], [77.0839613, 31.8283784], [77.0839611, 31.828162], [77.083961, 31.8279681], [77.0839343, 31.8276885], [77.0836066, 31.8273821], [77.083147, 31.8272967], [77.0826486, 31.8271622], [77.08213, 31.8270195], [77.0819637, 31.8269773], [77.0819441, 31.8274987], [77.0819224, 31.8280776], [77.0817866, 31.8297777], [77.0816071, 31.8299672], [77.0811956, 31.830477], [77.0805043, 31.8311358], [77.0796229, 31.8318398], [77.0791533, 31.8324308], [77.0790584, 31.8326833], [77.079075, 31.8335672], [77.0785634, 31.8344288], [77.077925, 31.8351913], [77.0775663, 31.8359084], [77.0773098, 31.8371972], [77.0773033, 31.8372298], [77.0772453, 31.8372208], [77.0762202, 31.8368382], [77.0750156, 31.8365187], [77.074091, 31.836136], [77.073045, 31.8360194], [77.0720361, 31.8358711], [77.0710797, 31.8354478], [77.0704774, 31.8353535], [77.0700019, 31.8352635], [77.0680211, 31.8349986], [77.0673132, 31.8349764], [77.0662517, 31.8352249], [77.0651321, 31.8355096], [77.0641762, 31.835704], [77.0630546, 31.8359341], [77.0627661, 31.8359933], [77.0621588, 31.8361695], [77.0600888, 31.8369596], [77.0592122, 31.8373298], [77.0577877, 31.8377463], [77.0577598, 31.8377543], [77.057496, 31.8383271], [77.0570952, 31.8392111], [77.0568581, 31.8400545], [77.0566473, 31.8409744], [77.0565472, 31.8414254], [77.0557556, 31.8426884], [77.0558142, 31.8435225], [77.0556352, 31.8444335], [77.055398, 31.845358], [77.0550925, 31.846774], [77.0549183, 31.8471078], [77.0548819, 31.8480322], [77.0549508, 31.8484876], [77.0551572, 31.8488844], [77.055337, 31.8493171], [77.0555221, 31.8497048], [77.0557813, 31.8501918], [77.0560351, 31.8505479], [77.0576422, 31.8523283], [77.0586678, 31.8533785], [77.0593815, 31.8540545], [77.060074, 31.8547171], [77.0602274, 31.8549334], [77.0602329, 31.8554385], [77.0600746, 31.8558264], [77.0597847, 31.8567013], [77.0593679, 31.8575898], [77.0591148, 31.8583745], [77.0589146, 31.8593441], [77.0584296, 31.8596375], [77.0579375, 31.8599353], [77.0570027, 31.8604046], [77.0563321, 31.8609596], [77.0556034, 31.8617264], [77.0553131, 31.8620126], [77.054917, 31.8624031], [77.0542622, 31.863152], [77.0536761, 31.8638106], [77.0522188, 31.865412], [77.0515058, 31.8659895], [77.0505237, 31.8672299], [77.0501434, 31.8674781], [77.0491186, 31.8679474], [77.049151, 31.8692325], [77.0491567, 31.8700893], [77.0490936, 31.8706169], [77.0489908, 31.8708173], [77.0489247, 31.8709462], [77.048666, 31.8713746], [77.0484865, 31.8717895], [77.0482756, 31.8726644], [77.0477107, 31.8735394], [77.0476264, 31.8739453], [77.0474099, 31.8743918], [77.0471194, 31.8746879], [77.0464539, 31.8753661], [77.0461265, 31.8756639], [77.04507, 31.8761782], [77.0443092, 31.8766295], [77.0431945, 31.8773784], [77.041969, 31.8783032], [77.0411131, 31.878786], [77.0402413, 31.8790749], [77.0395069, 31.8793997], [77.0381807, 31.8800089], [77.0379113, 31.8802525], [77.0375256, 31.8806449], [77.0373408, 31.880875], [77.0368496, 31.881565], [77.0368445, 31.8819483], [77.0368608, 31.8829358], [77.0367396, 31.8838828], [77.0350176, 31.8860342], [77.0343625, 31.886837], [77.0342567, 31.8869965], [77.0341738, 31.887122], [77.0333325, 31.8883929], [77.0321281, 31.8898813], [77.031098, 31.8914373], [77.0301736, 31.8930427], [77.0294393, 31.8938997], [77.0289849, 31.8946168], [77.0285413, 31.8955457], [77.028235, 31.8962899], [77.0278441, 31.8972594], [77.0267453, 31.8990047], [77.0262644, 31.8997579], [77.0258564, 31.9005242], [77.0254456, 31.9012957], [77.0252238, 31.9017827], [77.0251287, 31.902193], [77.0249968, 31.903086], [77.0249442, 31.9039247], [77.024844, 31.904822], [77.0247967, 31.90576], [77.024723, 31.9066302], [77.0247548, 31.9071946], [77.0248291, 31.908515], [77.0245864, 31.9098768], [77.0244808, 31.9102557], [77.0241796, 31.9111305], [77.0239368, 31.9120054], [77.0237994, 31.9124969], [77.0236305, 31.9133807], [77.0231444, 31.9142917], [77.0230513, 31.9145542], [77.0230229, 31.9146344], [77.0229279, 31.9154957], [77.0226745, 31.9171957], [77.022421, 31.9181382], [77.022326, 31.9186567], [77.0222416, 31.91904], [77.0221783, 31.9198833], [77.0219618, 31.9207446], [77.0216077, 31.9216555], [77.0210422, 31.9222914], [77.0206775, 31.9227333], [77.0203287, 31.923252], [77.0199376, 31.9240321], [77.0191289, 31.9251821], [77.0183889, 31.9262644], [77.0177547, 31.927225], [77.0173794, 31.927685], [77.0170569, 31.9279149], [77.0154709, 31.9290741], [77.0146515, 31.9296378], [77.0142021, 31.9300797], [77.0133139, 31.9311124], [77.0126795, 31.931825], [77.0119183, 31.9325555], [77.0113155, 31.9330696], [77.0106916, 31.933444], [77.0101788, 31.933462], [77.0092111, 31.9334215], [77.0088728, 31.9335072], [77.0077623, 31.9336832], [77.0067101, 31.9337508], [77.0054411, 31.9337645], [77.0053724, 31.933796], [77.0050709, 31.9341253], [77.0049283, 31.9348602], [77.0047908, 31.9353788], [77.0045423, 31.9362491], [77.0041669, 31.9371599], [77.0037598, 31.937913], [77.0033686, 31.9387292], [77.0030036, 31.9395679], [77.0027869, 31.9400233], [77.0025172, 31.9404156], [77.0019514, 31.941047], [77.0012957, 31.9418045], [77.0007405, 31.9425485], [77.0001217, 31.9434368], [76.9998857, 31.9438201], [76.9996247, 31.944244], [76.9995611, 31.944416], [76.999318, 31.9450736], [76.9991328, 31.945971], [76.9992175, 31.9468548], [76.9993232, 31.9473643], [76.9994184, 31.9477927], [77.0001483, 31.9489876], [77.0002699, 31.9494025], [77.000254, 31.9502638], [77.0001377, 31.9507327], [76.999979, 31.9510979], [76.9995137, 31.9520854], [76.9993867, 31.9522922], [76.9987413, 31.9524357], [76.998699, 31.9524451], [76.99865, 31.9524826], [76.9982828, 31.9527638], [76.9981238, 31.9530003], [76.9981358, 31.9535003], [76.9980391, 31.9543475], [76.9979469, 31.9549767], [76.9977531, 31.9555822], [76.9976153, 31.9559931], [76.9971659, 31.9566158], [76.9967627, 31.9574351], [76.9965001, 31.9577349], [76.9960989, 31.9579948], [76.9959177, 31.9581122], [76.9956182, 31.9583062], [76.9947917, 31.9587045], [76.9943506, 31.959001], [76.9942121, 31.9591812], [76.9940868, 31.9593443], [76.9936217, 31.9595751], [76.9933304, 31.9600081], [76.9929095, 31.9601633], [76.9911448, 31.9616836], [76.9901158, 31.9630354], [76.9894303, 31.9639148], [76.9890092, 31.9644292], [76.9885554, 31.9652258], [76.9879936, 31.9662597], [76.9877748, 31.9668431], [76.9875457, 31.9678396], [76.9871391, 31.9687893], [76.9870652, 31.9697016], [76.9867416, 31.9703918], [76.9863443, 31.9709719], [76.9862124, 31.9711435], [76.9858139, 31.9717671], [76.9854997, 31.9720876], [76.9845178, 31.97257], [76.9835409, 31.9728567], [76.9820055, 31.9730245], [76.9811078, 31.9732039], [76.980392, 31.9732561], [76.9799063, 31.9732907], [76.9795115, 31.9732967], [76.9787455, 31.9733084], [76.9784122, 31.9734933], [76.978047, 31.9742733], [76.977666, 31.9751119], [76.9766337, 31.9776865], [76.9764749, 31.9782546], [76.9764308, 31.9783595], [76.9762815, 31.978715], [76.9760885, 31.9791744], [76.9754693, 31.9798371], [76.9749661, 31.9805979], [76.9745538, 31.9812213], [76.9741725, 31.9824477], [76.9743995, 31.9843957], [76.9744682, 31.9846527], [76.9747854, 31.9853336], [76.9748952, 31.9856289], [76.9750604, 31.9860732], [76.975293, 31.9864836], [76.9758008, 31.9869121], [76.9760494, 31.9872819], [76.9760281, 31.9874758], [76.9758694, 31.9877101], [76.9753226, 31.9882715], [76.9752238, 31.9883729], [76.9744721, 31.9898969], [76.9742496, 31.9906544], [76.9743167, 31.9916112], [76.9743603, 31.9922325], [76.9742012, 31.9938152], [76.973984, 31.9954537], [76.9739095, 31.9960157], [76.9740548, 31.9960909], [76.975121, 31.9966426], [76.9759464, 31.9973057], [76.9781737, 31.9997066], [76.9782474, 31.9997861], [76.9780622, 32.0004669], [76.9781307, 32.0010893], [76.9783106, 32.0016349], [76.9783686, 32.0023473], [76.9784901, 32.0032492], [76.978527, 32.0035963], [76.978564, 32.0041465], [76.9786114, 32.0048004], [76.978622, 32.0051791], [76.9786324, 32.0054135], [76.9786377, 32.0055984], [76.9786377, 32.0056751], [76.9786375, 32.0066175], [76.9786637, 32.0080289], [76.9784517, 32.0091381], [76.9783935, 32.0094852], [76.9783299, 32.0097693], [76.9782503, 32.0102157], [76.9781921, 32.0105449], [76.9781497, 32.0107658], [76.9780808, 32.0111672], [76.9780119, 32.0115504], [76.9775884, 32.0120418], [76.9772655, 32.0123935], [76.9769161, 32.0127947], [76.9765191, 32.0132411], [76.9763391, 32.0136785], [76.9760426, 32.0143141], [76.9758943, 32.0145982], [76.9756932, 32.0147515], [76.9755502, 32.0148777], [76.9751639, 32.0150399], [76.9745658, 32.0153059], [76.9741582, 32.0154997], [76.9738935, 32.0157792], [76.9737663, 32.0163428], [76.9736392, 32.0168839], [76.9734536, 32.0177767], [76.9733053, 32.0182951], [76.9729663, 32.0195352], [76.9728338, 32.0201483], [76.9725689, 32.021032], [76.9722564, 32.0218391], [76.9718963, 32.0223846], [76.9715732, 32.0229933], [76.971298, 32.0234036], [76.9710385, 32.0237733], [76.9707663, 32.0241004], [76.9706043, 32.0242241], [76.9704137, 32.0242556], [76.9701597, 32.0242556], [76.9697204, 32.0242555], [76.9693605, 32.0242554], [76.9685243, 32.0242551], [76.9680426, 32.0243092], [76.9675767, 32.0244083], [76.9668727, 32.0247868], [76.9665709, 32.0249401], [76.9661739, 32.0250256], [76.9657081, 32.025003], [76.9651207, 32.0249306], [76.9645809, 32.0249035], [76.9638769, 32.0248401], [76.9636969, 32.0247995], [76.9631836, 32.0247723], [76.9628448, 32.0248669], [76.962199, 32.0251102], [76.9612937, 32.0254211], [76.9604626, 32.025741], [76.9599703, 32.0258986], [76.9594674, 32.0260788], [76.9589988, 32.0263828], [76.9571537, 32.0275797], [76.9566878, 32.0278591], [76.9560683, 32.0283278], [76.9556447, 32.0285621], [76.9553165, 32.0287243], [76.9545064, 32.0292246], [76.9541303, 32.0297159], [76.9535954, 32.0304327], [76.9527428, 32.0311899], [76.9519908, 32.0319562], [76.9515458, 32.0325377], [76.9511168, 32.0330425], [76.9505289, 32.0336556], [76.9500629, 32.0341153], [76.9498933, 32.0342144], [76.9497239, 32.0343091], [76.9493904, 32.034327], [76.9486229, 32.0343087], [76.9484059, 32.0343491], [76.948337, 32.0344438], [76.9482999, 32.0345655], [76.9482892, 32.0347188], [76.9483102, 32.0349849], [76.9483472, 32.0352509], [76.9484317, 32.0355035], [76.9485268, 32.0358011], [76.9485532, 32.0359545], [76.948553, 32.0362295], [76.9485265, 32.0364324], [76.9484576, 32.0365676], [76.9483358, 32.03673], [76.9478963, 32.0370273], [76.9470332, 32.0373426], [76.9463237, 32.0376399], [76.9458312, 32.037775], [76.9454871, 32.0378561], [76.9452488, 32.0380588], [76.9448673, 32.0386493], [76.9444488, 32.0392128], [76.9439456, 32.0398168], [76.9435747, 32.0402631], [76.943331, 32.0405606], [76.9429495, 32.0410068], [76.9427483, 32.0411916], [76.9421976, 32.0414303], [76.9415251, 32.0416103], [76.9401275, 32.0418487], [76.9395291, 32.0420333], [76.9391691, 32.0421639], [76.9387135, 32.0425559], [76.9384698, 32.0428805], [76.9383902, 32.0431781], [76.9383741, 32.0434441], [76.9384586, 32.0437507], [76.9385907, 32.0441025], [76.9388709, 32.0446933], [76.9390718, 32.0452029], [76.9392038, 32.0456539], [76.9392302, 32.0458298], [76.9392195, 32.0460327], [76.9391558, 32.0462266], [76.9390392, 32.046452], [76.9385836, 32.0469974], [76.9380537, 32.0476329], [76.9375767, 32.0483902], [76.9374442, 32.0486427], [76.9373858, 32.0489402], [76.9373591, 32.0491973], [76.937359, 32.0493505], [76.9374118, 32.0495309], [76.9375758, 32.049788], [76.9378296, 32.0501444], [76.9382475, 32.0507308], [76.9385859, 32.0513441], [76.9388502, 32.0520793], [76.9390191, 32.0527512], [76.9391036, 32.0532428], [76.9390928, 32.0535042], [76.9390555, 32.0537973], [76.9389494, 32.0542391], [76.9388539, 32.0544826], [76.9387584, 32.0547306], [76.9385888, 32.0550146], [76.9382656, 32.0554337], [76.9380482, 32.055844], [76.9378362, 32.0562001], [76.9375924, 32.0565607], [76.9374015, 32.0569168], [76.9372213, 32.0573677], [76.9370567, 32.0579177], [76.9369347, 32.0583189], [76.9367703, 32.0586435], [76.9364788, 32.0591574], [76.9361553, 32.0597795], [76.9358955, 32.0603701], [76.9357045, 32.0609561], [76.9356194, 32.0614431], [76.9355224, 32.0621013], [76.9355201, 32.0621157], [76.9355181, 32.0621295], [76.935479, 32.0621039], [76.9354651, 32.062096], [76.9348673, 32.0617493], [76.9338561, 32.0614422], [76.933115, 32.0612209], [76.9326227, 32.0610627], [76.932178, 32.0609407], [76.9313839, 32.0607239], [76.9308651, 32.060665], [76.9298961, 32.0606104], [76.9283925, 32.0604743], [76.9280696, 32.0604561], [76.927773, 32.0603883], [76.9272702, 32.060176], [76.9267567, 32.0599729], [76.926455, 32.0598915], [76.925682, 32.0598054], [76.9253856, 32.0597512], [76.924872, 32.0596741], [76.9237921, 32.0594931], [76.9233421, 32.0593801], [76.922908, 32.0592987], [76.9223309, 32.0592127], [76.9217273, 32.0591492], [76.920737, 32.0593109], [76.9199162, 32.059378], [76.919682, 32.0594138], [76.9194449, 32.05945], [76.9191749, 32.0594813], [76.9190319, 32.0595037], [76.9186241, 32.0595892], [76.9181, 32.0595618], [76.9175814, 32.0592549], [76.9171346, 32.0591689], [76.9167343, 32.0590919], [76.9157546, 32.0593664], [76.9148434, 32.0598933], [76.9130849, 32.0604918], [76.9113264, 32.0610904], [76.9102195, 32.0613105], [76.9096318, 32.061283], [76.9089173, 32.0609264], [76.9077747, 32.0598433], [76.9067956, 32.0594278], [76.9059696, 32.0593415], [76.9051437, 32.0592597], [76.9041855, 32.0591192], [76.9032062, 32.0589742], [76.9028143, 32.0589965], [76.9021101, 32.0590275], [76.9017552, 32.0590408], [76.9011886, 32.0591936], [76.9005318, 32.0594186], [76.8993241, 32.0597918], [76.8990063, 32.0599133], [76.8988316, 32.0599448], [76.8984503, 32.0599129], [76.8980851, 32.0597954], [76.8975508, 32.0594568], [76.8969052, 32.0590684], [76.8953119, 32.0586027], [76.8941265, 32.0580922], [76.8929464, 32.0575817], [76.8923321, 32.0576263], [76.8915961, 32.0576932], [76.8910029, 32.0577694], [76.8904151, 32.0578771], [76.8900181, 32.0578588], [76.8896899, 32.0577413], [76.889383, 32.0575606], [76.8888804, 32.0572716], [76.8884413, 32.0570097], [76.8880656, 32.0567749], [76.8874516, 32.0566075], [76.886864, 32.0564581], [76.8864565, 32.0563766], [76.8860116, 32.0564169], [76.8856092, 32.0564616], [76.8849896, 32.0566008], [76.8846507, 32.0566636], [76.8844071, 32.0566995], [76.8840365, 32.0565819], [76.8830363, 32.0562068], [76.8823165, 32.0559761], [76.8818189, 32.0558989], [76.8810512, 32.0558712], [76.8802571, 32.0558254], [76.8796853, 32.0557798], [76.8791189, 32.0557521], [76.8788648, 32.0556933], [76.8786213, 32.0555984], [76.8783517, 32.0553592], [76.878029, 32.0551154], [76.877812, 32.0550024], [76.8774787, 32.0548623], [76.8770659, 32.0547041], [76.8766266, 32.054645], [76.8759436, 32.0545812], [76.8755732, 32.0544952], [76.875298, 32.0543957], [76.8745626, 32.0539937], [76.8738484, 32.053497], [76.8735206, 32.053163], [76.8731929, 32.0528245], [76.8729603, 32.0525718], [76.8726854, 32.052292], [76.8721143, 32.0517502], [76.8717073, 32.0512945], [76.8710413, 32.0504822], [76.8705337, 32.0500487], [76.8698883, 32.0496107], [76.8694282, 32.0493126], [76.8690896, 32.0491545], [76.8688831, 32.0491091], [76.8686714, 32.0490999], [76.8684966, 32.0491358], [76.868094, 32.0493203], [76.8679898, 32.0493791], [76.8674476, 32.0496848], [76.8666, 32.0500492], [76.8660437, 32.0503507], [76.8654926, 32.0506297], [76.8651748, 32.0507241], [76.8647989, 32.0507598], [76.8640946, 32.0508267], [76.8632211, 32.0508347], [76.8621991, 32.0508923], [76.8616168, 32.0508645], [76.8599068, 32.0507724], [76.8587899, 32.0507126], [76.8580117, 32.0506216], [76.8574876, 32.0505714], [76.8571384, 32.0504718], [76.856403, 32.0501147], [76.8563292, 32.0499433], [76.8564565, 32.0497361], [76.8565682, 32.0494025], [76.8565528, 32.0491094], [76.8563416, 32.0487394], [76.8557653, 32.0482427], [76.8551993, 32.0479084], [76.8547444, 32.047696], [76.8536916, 32.0472664], [76.8530356, 32.0469185], [76.8525912, 32.0467511], [76.8524166, 32.0466517], [76.8521361, 32.0466018], [76.8515219, 32.0466507], [76.8507809, 32.0465371], [76.8504055, 32.0462706], [76.8501359, 32.0460267], [76.8497767, 32.0454627], [76.84965, 32.0452913], [76.8494597, 32.0450836], [76.8492589, 32.04493], [76.8490739, 32.044736], [76.8487619, 32.044447], [76.8485347, 32.0442438], [76.8481275, 32.0439187], [76.8477519, 32.0437829], [76.847371, 32.0436562], [76.8471437, 32.0434801], [76.8469114, 32.043092], [76.8469116, 32.0430919], [76.8466208, 32.0427129], [76.8463832, 32.0423068], [76.8462409, 32.0419595], [76.8459346, 32.0415307], [76.8453846, 32.0411648], [76.845173, 32.0410428], [76.8444905, 32.040812], [76.8436652, 32.0405179], [76.8430412, 32.0401744], [76.8428615, 32.0399623], [76.8422804, 32.0392717], [76.8420426, 32.0389963], [76.8419049, 32.0390368], [76.8418241, 32.0391478], [76.8417935, 32.0391899], [76.8416128, 32.0395955], [76.841453, 32.040213], [76.8412977, 32.0412183], [76.841122, 32.0417909], [76.8407929, 32.0423405], [76.8402835, 32.0430433], [76.8398593, 32.043399], [76.8394037, 32.0436149], [76.838874, 32.0437675], [76.8383288, 32.0436991], [76.8376089, 32.0436351], [76.8370903, 32.0435939], [76.8367248, 32.04367], [76.8364386, 32.0438726], [76.8359082, 32.044404], [76.8351608, 32.0449487], [76.8347049, 32.0452908], [76.8342966, 32.0456825], [76.8339035, 32.0464125], [76.8336541, 32.0466962], [76.8332243, 32.0472818], [76.8329486, 32.0474528], [76.8325778, 32.0476101], [76.8321118, 32.0476681], [76.8313866, 32.0476131], [76.8311855, 32.0475903], [76.8308679, 32.0475358], [76.8304151, 32.0474378], [76.8302593, 32.0474042], [76.8296878, 32.0472636], [76.8290526, 32.0472042], [76.8285654, 32.0473072], [76.8282103, 32.0474961], [76.8278762, 32.0478023], [76.8276482, 32.0479959], [76.8273938, 32.0481489], [76.8270971, 32.0482657], [76.8266893, 32.0483418], [76.8260539, 32.0483904], [76.8253708, 32.0484572], [76.8252437, 32.0484661], [76.8249204, 32.0486865], [76.8240771, 32.0494474], [76.8236951, 32.0499114], [76.8228993, 32.0507579], [76.8225913, 32.0512039], [76.8219497, 32.0517576], [76.8215518, 32.0521404], [76.8209422, 32.0525092], [76.8200253, 32.0530265], [76.819649, 32.0532604], [76.8189862, 32.0537645], [76.8186521, 32.0540571], [76.8179519, 32.0547009], [76.8170342, 32.0555203], [76.816884, 32.055663], [76.8165621, 32.055966], [76.8160423, 32.0564747], [76.8156924, 32.0566682], [76.8153585, 32.0568345], [76.815083, 32.0569333], [76.8143787, 32.0570044], [76.8139073, 32.0571029], [76.8135417, 32.0572196], [76.8131546, 32.0574896], [76.812534, 32.0580613], [76.8122742, 32.0582233], [76.8116645, 32.0586102], [76.8113251, 32.0588532], [76.8108477, 32.0592853], [76.8098707, 32.0606321], [76.8094837, 32.0608119], [76.8092135, 32.0609197], [76.8088957, 32.0609328], [76.8084405, 32.0609049], [76.8080539, 32.0609269], [76.8076037, 32.0609804], [76.8069891, 32.0611778], [76.8065544, 32.0614297], [76.8055149, 32.0622217], [76.8050374, 32.0626628], [76.8046981, 32.0628337], [76.8042636, 32.0630089], [76.8038664, 32.0630353], [76.8033582, 32.0630165], [76.8029505, 32.0629933], [76.8024736, 32.0631459], [76.8021553, 32.0633979], [76.8020169, 32.0637629], [76.8020479, 32.0640786], [76.802164, 32.0643177], [76.8024119, 32.064733], [76.8024705, 32.0647732], [76.8024712, 32.0647737], [76.802708, 32.0649364], [76.8030357, 32.0652164], [76.8030727, 32.0652481], [76.8030824, 32.0652708], [76.8030826, 32.0652711], [76.8031097, 32.0653022], [76.8032362, 32.0655504], [76.8032038, 32.0658299], [76.8030499, 32.0660461], [76.8029221, 32.0663255], [76.8029216, 32.0665645], [76.8029685, 32.0669027], [76.8029883, 32.0675566], [76.803004, 32.0676378], [76.8030825, 32.0681339], [76.8030329, 32.0689815], [76.8028674, 32.0696756], [76.8026117, 32.0703606], [76.8023399, 32.0711853], [76.8021259, 32.0721454], [76.8019978, 32.0726052], [76.8016848, 32.0729023], [76.8015204, 32.0730193], [76.8011815, 32.0730187], [76.8006362, 32.0729683], [76.8000064, 32.0727238], [76.7999752, 32.0726917], [76.7999751, 32.0726916], [76.7999536, 32.0726832], [76.7996577, 32.0723942], [76.7996118, 32.0723433], [76.7995279, 32.0722495], [76.7993982, 32.0721045], [76.7993963, 32.0721023], [76.7993619, 32.0720645], [76.7992879, 32.0719878], [76.7991981, 32.0718523], [76.7990503, 32.0716311], [76.7988665, 32.0709454], [76.7987506, 32.0706341], [76.7986664, 32.0704401], [76.798582, 32.0703542], [76.7984181, 32.0701872], [76.7981007, 32.0700154], [76.797836, 32.0699473], [76.7973277, 32.069951], [76.7968507, 32.07009], [76.7965326, 32.070306], [76.7959913, 32.0708056], [76.7953179, 32.0712149], [76.7946077, 32.0714752], [76.7944911, 32.0714841], [76.7937393, 32.0714603], [76.7929713, 32.0715177], [76.7926535, 32.0715532], [76.7919753, 32.0716919], [76.7914987, 32.0717137], [76.7902964, 32.0717884], [76.7889082, 32.0720882], [76.7881135, 32.0722762], [76.7866953, 32.0726047], [76.7865734, 32.0725484], [76.7864027, 32.0724176], [76.7855938, 32.0718572], [76.78451, 32.0710707], [76.7840606, 32.0707679], [76.7833682, 32.0702076], [76.7828767, 32.0697964], [76.7825861, 32.0695388], [76.7825015, 32.0694576], [76.7824382, 32.0693537], [76.7823017, 32.0688575], [76.7822439, 32.0686725], [76.782218, 32.0684425], [76.782208, 32.0681629], [76.7821932, 32.0676895], [76.7821725, 32.0675091], [76.7821306, 32.0672926], [76.7820938, 32.0671842], [76.7819566, 32.0670037], [76.7818457, 32.0668502], [76.7814758, 32.0665385], [76.7811904, 32.0663215], [76.7811006, 32.0662132], [76.7809898, 32.066028], [76.7806784, 32.0656352], [76.7802556, 32.0653053], [76.7800389, 32.0651156], [76.7796108, 32.0647677], [76.7791296, 32.0645053], [76.7788052, 32.0644868], [76.7787864, 32.0644868], [76.7787643, 32.0644866], [76.7784782, 32.0645627], [76.7781334, 32.0648057], [76.7778787, 32.0650082], [76.7774917, 32.0652284], [76.7770941, 32.0654306], [76.7767969, 32.065651], [76.776457, 32.0660743], [76.7762234, 32.0663308], [76.7761968, 32.0663894], [76.7761541, 32.0667517], [76.776132, 32.0669394], [76.7760734, 32.0670611], [76.7758822, 32.0672817], [76.7757284, 32.0674122], [76.7756753, 32.0674121], [76.7756516, 32.0674077], [76.7755272, 32.0673848], [76.775538, 32.0672811], [76.77436, 32.0661021], [76.7737649, 32.0656044], [76.7731605, 32.065099], [76.7727065, 32.064521], [76.7717556, 32.063622], [76.7715815, 32.0633872], [76.771524, 32.0630715], [76.7714719, 32.0627602], [76.7710853, 32.0627641], [76.7706988, 32.0627724], [76.7696821, 32.0627525], [76.7690784, 32.062765], [76.7689779, 32.0627467], [76.7689249, 32.0627421], [76.7682793, 32.0626102], [76.7678244, 32.0624064], [76.7671005, 32.061828], [76.7663764, 32.0612539], [76.7660856, 32.0611497], [76.7657999, 32.0610409], [76.7656307, 32.060928], [76.7652289, 32.0606792], [76.7651552, 32.0605303], [76.7648704, 32.0600924], [76.7647544, 32.0598982], [76.7645593, 32.0596048], [76.7642794, 32.0592661], [76.7639945, 32.0589319], [76.7637043, 32.058521], [76.7634457, 32.0581508], [76.7628865, 32.0573787], [76.7625857, 32.0569813], [76.7624802, 32.0568053], [76.762338, 32.0565571], [76.7621904, 32.0563087], [76.7621486, 32.0560607], [76.7621711, 32.0555648], [76.7621296, 32.0552445], [76.7620032, 32.0549602], [76.761528, 32.0544949], [76.7612269, 32.0542102], [76.7611323, 32.0541113], [76.7609893, 32.0539618], [76.7608521, 32.0537587], [76.760715, 32.0535554], [76.7606155, 32.0531314], [76.7606002, 32.0529105], [76.7605321, 32.0526353], [76.76048, 32.0522699], [76.7603852, 32.0521119], [76.7601054, 32.0518003], [76.7598518, 32.0515924], [76.7595346, 32.0514204], [76.7589314, 32.0512434], [76.7584022, 32.0511883], [76.7577882, 32.0511195], [76.7573281, 32.0509427], [76.7570691, 32.0507619], [76.7568102, 32.0505856], [76.756414, 32.0502331], [76.7560023, 32.0497724], [76.7558019, 32.0494428], [76.7549423, 32.0482102], [76.7545521, 32.0476368], [76.7541989, 32.0470319], [76.7541415, 32.0467162], [76.7537131, 32.0465801], [76.7529197, 32.0463079], [76.7519147, 32.0459498], [76.751603, 32.0457373], [76.7503981, 32.0449413], [76.7498752, 32.0444532], [76.7493791, 32.0439247], [76.7488406, 32.043351], [76.74799, 32.0427856], [76.747583, 32.0425098], [76.7471713, 32.0420671], [76.7467346, 32.0411103], [76.7465547, 32.0404956], [76.7465405, 32.0404471], [76.7463465, 32.0397839], [76.7460833, 32.0391926], [76.7455453, 32.0385107], [76.7443725, 32.037629], [76.7426657, 32.0365796], [76.7416293, 32.0361536], [76.7408094, 32.0359535], [76.740201, 32.0358035], [76.7398312, 32.0355682], [76.7395309, 32.0350491], [76.7394013, 32.0340748], [76.7390079, 32.0327844], [76.7384699, 32.0321385], [76.7376038, 32.0314243], [76.7368016, 32.0305749], [76.7361534, 32.0295996], [76.7358687, 32.0291932], [76.7356096, 32.0291025], [76.7348322, 32.0288799], [76.7340124, 32.0286257], [76.7333834, 32.0283493], [76.7328861, 32.0282581], [76.7325849, 32.0280726], [76.7320626, 32.0275033], [76.7315449, 32.0271145], [76.7310478, 32.0269872], [76.730444, 32.0271527], [76.729124, 32.0277992], [76.7283913, 32.0286093], [76.7283057, 32.0289022], [76.7283049, 32.0291953], [76.7284994, 32.0296376], [76.7288261, 32.0301163], [76.7291052, 32.0306174], [76.7291397, 32.0307321], [76.7292153, 32.0309829], [76.7290661, 32.0313342], [76.7287212, 32.0316085], [76.7280271, 32.0318145], [76.7267302, 32.0318343], [76.7252173, 32.0315379], [76.7222967, 32.0310807], [76.7202908, 32.0310266], [76.7193744, 32.031223], [76.7178218, 32.0317787], [76.7159612, 32.0326268], [76.714037, 32.0335469], [76.7115339, 32.0349886], [76.710065, 32.0358195], [76.7095668, 32.0360257], [76.7089786, 32.0362093], [76.7081153, 32.0363606], [76.70712, 32.0363944], [76.7064319, 32.0363792], [76.7059343, 32.0363781], [76.7056324, 32.0364135], [76.7054574, 32.0365438], [76.7054143, 32.0367646], [76.7055454, 32.0371528], [76.70565, 32.0375408], [76.7056121, 32.0378338], [76.7054155, 32.0380542], [76.7051341, 32.0382971], [76.7050274, 32.0385539], [76.7050287, 32.0386125], [76.7050398, 32.0390131], [76.7050464, 32.0392528], [76.7049865, 32.0397712], [76.7048108, 32.040082], [76.7046408, 32.0402665], [76.7041007, 32.0403058], [76.7036875, 32.040395], [76.7034912, 32.0405253], [76.7034482, 32.0407281], [76.7036219, 32.0410396], [76.7040805, 32.0416675], [76.7042742, 32.0423488], [76.7043191, 32.0431966], [76.7041255, 32.044116], [76.7041233, 32.0447923], [76.7041696, 32.0452343], [76.7041892, 32.0457304], [76.7042992, 32.0461184], [76.7046896, 32.0465072], [76.7049483, 32.0467422], [76.7050798, 32.0470221], [76.7049468, 32.0472157], [76.7048372, 32.0472527], [76.7046818, 32.0473052], [76.7045615, 32.0472788], [76.70456, 32.0472784], [76.7045466, 32.0472761], [76.7036183, 32.0471133], [76.7033586, 32.0470179], [76.703063, 32.0469092], [76.7027801, 32.046879], [76.7021053, 32.0468046], [76.7020945, 32.0468034], [76.7020936, 32.0468034], [76.7019834, 32.0467939], [76.7015578, 32.0466004], [76.7015552, 32.0465992], [76.7014719, 32.0465636], [76.7012461, 32.0464672], [76.7011688, 32.0464346], [76.7009049, 32.0463224], [76.7008396, 32.0463178], [76.7005432, 32.0462964], [76.7000319, 32.0462898], [76.6996712, 32.0463782], [76.6994112, 32.0465804], [76.6990232, 32.0470259], [76.6984605, 32.0475026], [76.6975543, 32.0477619], [76.6969281, 32.0482249], [76.6968204, 32.0487882], [76.696644, 32.0492703], [76.6965793, 32.0496353], [76.6964726, 32.0498967], [76.6961492, 32.0500266], [76.6950055, 32.0500825], [76.6939458, 32.050319], [76.6936048, 32.0505139], [76.6934896, 32.0505793], [76.6931019, 32.0509482], [76.6924753, 32.0515193], [76.6921302, 32.0517935], [76.6918919, 32.0517975], [76.6916076, 32.0513369], [76.6914132, 32.0508584], [76.6910486, 32.0506726], [76.6902909, 32.0508557], [76.6887537, 32.051375], [76.6876519, 32.0515752], [76.6865924, 32.0517439], [76.6858782, 32.0515798], [76.6846041, 32.0510085], [76.6833944, 32.0502525], [76.6827236, 32.0497729], [76.6821847, 32.0494784], [76.6807136, 32.0492402], [76.6795439, 32.0491336], [76.6787247, 32.0487437], [76.6776202, 32.0481728], [76.6770125, 32.0478602], [76.6758699, 32.0475867], [76.6751979, 32.0474587], [76.6748282, 32.0472188], [76.6746346, 32.0465554], [76.6746554, 32.0451712], [76.6747626, 32.0433318], [76.6747843, 32.0416544], [76.6746969, 32.0409328], [76.6745667, 32.0403417], [76.6741981, 32.0397501], [76.6737868, 32.0392937], [76.6734016, 32.0389409], [76.6728355, 32.0388854], [76.6714945, 32.0393283], [76.6704187, 32.0396412], [76.6696399, 32.0398286], [76.6688834, 32.0396823], [76.667889, 32.0394768], [76.6672179, 32.0391459], [76.6671883, 32.0391276], [76.6669591, 32.0389648], [76.6668705, 32.0385949], [76.6670016, 32.0374499], [76.6670628, 32.0363469], [76.6670639, 32.0363273], [76.6668439, 32.0356954], [76.6663696, 32.0351261], [76.6653344, 32.034483], [76.6644809, 32.0335814], [76.6643588, 32.0334524], [76.6632353, 32.0323807], [76.6622825, 32.0309263], [76.6612655, 32.0296745], [76.6607286, 32.0288299], [76.660534, 32.0285138], [76.6604873, 32.0282747], [76.6605042, 32.0282439], [76.6607697, 32.0277614], [76.6615043, 32.0266], [76.6618434, 32.0258777], [76.6619578, 32.0256408], [76.6621296, 32.0249604], [76.6621082, 32.023594], [76.6622558, 32.0223274], [76.6622108, 32.0215923], [76.6621551, 32.0209068], [76.6621573, 32.0203116], [76.6623614, 32.0194734], [76.6626455, 32.0185317], [76.6630142, 32.0175543], [76.6631339, 32.0173311], [76.6634245, 32.0167888], [76.6634211, 32.0162612], [76.6631212, 32.015787], [76.6626883, 32.0154882], [76.6624037, 32.0151583], [76.6623672, 32.014672], [76.6623432, 32.014351], [76.6624232, 32.0141889], [76.6625954, 32.0133868], [76.6627677, 32.0125846], [76.6629874, 32.0118502], [76.6630384, 32.0116799], [76.6630523, 32.0116205], [76.6630667, 32.0115851], [76.663767, 32.0099359], [76.6639722, 32.0095298], [76.6646656, 32.0087569], [76.6651598, 32.0082081], [76.6656593, 32.0076638], [76.6660897, 32.0057035], [76.6675971, 32.0029568], [76.6675251, 32.002402], [76.6674314, 32.0019374], [76.6673425, 32.0016801], [76.6672534, 32.0014229], [76.6675989, 32.0009909], [76.667975, 32.0008926], [76.6683774, 32.0008216], [76.6687376, 32.0007008], [76.6697014, 32.0004959], [76.669889, 31.9998195], [76.6702141, 31.9991805], [76.6702942, 31.9989643], [76.6705127, 31.99855], [76.6706658, 31.9971481], [76.6708115, 31.9964046], [76.6708221, 31.9963549], [76.6708799, 31.9961068], [76.6709665, 31.9959224], [76.6715251, 31.9950896], [76.6720723, 31.9944372], [76.6725394, 31.9940461], [76.6728308, 31.9939116], [76.6738135, 31.9937252], [76.6741069, 31.9936714], [76.6744721, 31.9936273], [76.6748379, 31.9934208], [76.6752572, 31.9930476], [76.6756242, 31.9925119], [76.6758955, 31.9921113], [76.6762102, 31.9913681], [76.6763871, 31.9908772], [76.6765253, 31.9905211], [76.6765654, 31.9904132], [76.6766642, 31.9901473], [76.6768397, 31.9898907], [76.6770788, 31.9896027], [76.6773919, 31.989315], [76.6777741, 31.9889642], [76.6781298, 31.9886314], [76.6784112, 31.9883481], [76.678693, 31.9879565], [76.6788591, 31.9878309], [76.6788618, 31.9878289], [76.6788744, 31.9878149], [76.6788843, 31.987804], [76.6791491, 31.9876329], [76.6797066, 31.9870843], [76.6798623, 31.9868302], [76.6800025, 31.986607], [76.6800074, 31.9865992], [76.680029, 31.9865618], [76.6802173, 31.9862829], [76.6803614, 31.9859226], [76.6806275, 31.9854453], [76.6807717, 31.9850759], [76.6808982, 31.9848034], [76.6809955, 31.984594], [76.6812563, 31.9841212], [76.6813738, 31.9838104], [76.6814594, 31.9835445], [76.681554, 31.983366], [76.6815549, 31.9833643], [76.6815569, 31.9833602], [76.6816671, 31.9831393], [76.6817577, 31.982941], [76.6820452, 31.9824232], [76.682221, 31.9820539], [76.6824029, 31.9817382], [76.6825297, 31.9815181], [76.6825516, 31.9814423], [76.6826663, 31.9810455], [76.6826719, 31.9810176], [76.682728, 31.9808131], [76.6828542, 31.9805689], [76.6828725, 31.9805342], [76.683007, 31.9803319], [76.6831429, 31.9801488], [76.6835091, 31.9797981], [76.6838432, 31.9795373], [76.6843732, 31.9792411], [76.6844719, 31.9791659], [76.6845165, 31.9791332], [76.6845487, 31.979007], [76.6845768, 31.9783313], [76.6845779, 31.9783157], [76.6845781, 31.9783154], [76.6846416, 31.9781279], [76.6847215, 31.9778936], [76.6848335, 31.9777046], [76.6851165, 31.9769298], [76.6852608, 31.9765243], [76.6854418, 31.976173], [76.6855006, 31.9759837], [76.6855809, 31.9756998], [76.6856295, 31.9754249], [76.685551, 31.9751542], [76.6854092, 31.9748833], [76.685104, 31.9743956], [76.6850413, 31.9741519], [76.6850375, 31.9739229], [76.6850389, 31.9738907], [76.6850473, 31.9738768], [76.6850637, 31.9738003], [76.6852177, 31.9736247], [76.6855093, 31.9734451], [76.6858909, 31.9732116], [76.6861376, 31.9730647], [76.6861399, 31.9730633], [76.6861404, 31.973063], [76.6861665, 31.9730454], [76.686516, 31.9729426], [76.6867176, 31.9729038], [76.6867242, 31.9729025], [76.686726, 31.9729015], [76.6870394, 31.972724], [76.6870618, 31.9727097], [76.6872048, 31.9726331], [76.687305, 31.9725483], [76.6873958, 31.9724713], [76.6875269, 31.9723215], [76.6875283, 31.97232], [76.6875288, 31.9723174], [76.6875822, 31.972075], [76.6876146, 31.9719172], [76.6874736, 31.9713397], [76.6873693, 31.9709065], [76.687403, 31.9703159], [76.6877232, 31.9695051], [76.6879838, 31.9690638], [76.6882922, 31.9684944], [76.6882922, 31.9684943], [76.6882251, 31.968131], [76.6881998, 31.9677748], [76.6878496, 31.9665339], [76.6877613, 31.9665427], [76.687368, 31.9665823], [76.6864527, 31.9666747], [76.6854675, 31.9667381], [76.6853734, 31.9667442], [76.6852418, 31.9665365], [76.6850269, 31.9659633], [76.6848065, 31.9654577], [76.6845673, 31.9642397], [76.6845126, 31.9632295], [76.6846158, 31.9624226], [76.6848338, 31.9620805], [76.6850218, 31.9612512], [76.685104, 31.9604263], [76.685501, 31.9587724], [76.6858743, 31.9578534], [76.6866291, 31.9567506], [76.6873252, 31.9557828], [76.6880274, 31.9545896], [76.6884543, 31.9534859], [76.6886181, 31.9519712], [76.6888868, 31.9506823], [76.6890449, 31.9492577], [76.6890732, 31.9491851], [76.6890734, 31.9491847], [76.6893117, 31.9485685], [76.689476, 31.946869], [76.689257, 31.9459531], [76.6885039, 31.9450313], [76.6881263, 31.944115], [76.688341, 31.9431507], [76.6889306, 31.9423675], [76.6896307, 31.9417695], [76.6909237, 31.9409429], [76.6917813, 31.9406655], [76.6923218, 31.9403421], [76.6929154, 31.9399287], [76.693826, 31.9396062], [76.6943662, 31.9393325], [76.6946372, 31.9389634], [76.6949039, 31.9382741], [76.6947953, 31.9374938], [76.6949571, 31.9365743], [76.6952244, 31.9357002], [76.6957088, 31.9346912], [76.6959233, 31.9337719], [76.695278, 31.9322552], [76.6950048, 31.9317045], [76.6940393, 31.9310619], [76.6922584, 31.930742], [76.6904304, 31.9303272], [76.6893004, 31.929869], [76.6887089, 31.9296872], [76.6886102, 31.9294117], [76.6886016, 31.9293875], [76.6884941, 31.9290869], [76.6884385, 31.9283068], [76.6884935, 31.9276666], [76.6882207, 31.9270662], [76.6878446, 31.92569], [76.6873075, 31.9250483], [76.6864441, 31.923946], [76.6857436, 31.9231642], [76.6853419, 31.9222667], [76.6853134, 31.9221981], [76.6849893, 31.9210971], [76.684936, 31.9196721], [76.6849873, 31.9185675], [76.684828, 31.9172368], [76.6843415, 31.9141559], [76.6841798, 31.9135152], [76.6836439, 31.9125489], [76.6828892, 31.9121818], [76.6819712, 31.9116293], [76.6811145, 31.9102068], [76.6806259, 31.9092902], [76.6804118, 31.9085547], [76.6794945, 31.9078174], [76.6782599, 31.907174], [76.6773455, 31.9071311], [76.6757291, 31.9068069], [76.6746511, 31.9066733], [76.6741704, 31.9063978], [76.6741291, 31.9063728], [76.6736857, 31.9061208], [76.6729856, 31.9052938], [76.6729833, 31.904419], [76.6735773, 31.9038703], [76.6743289, 31.9035927], [76.6748689, 31.9033642], [76.6753507, 31.9031354], [76.6758332, 31.9027217], [76.6763163, 31.9021233], [76.6771231, 31.9011559], [76.6779297, 31.900238], [76.6799124, 31.8985791], [76.6805066, 31.8979358], [76.6808838, 31.8973416], [76.6806123, 31.8963759], [76.6795899, 31.8955482], [76.6786748, 31.8957352], [76.6784623, 31.8960549], [76.6781898, 31.8968839], [76.6778709, 31.8973881], [76.6778166, 31.8978028], [76.6769016, 31.8979853], [76.6761454, 31.8980781], [76.6757706, 31.8979374], [76.6753928, 31.8971608], [76.6753945, 31.8966784], [76.6753962, 31.8961959], [76.6752837, 31.8951359], [76.6757152, 31.8941269], [76.6765765, 31.8926998], [76.6768965, 31.8918753], [76.6770579, 31.8910461], [76.6769505, 31.8900357], [76.6765725, 31.8892998], [76.6763047, 31.8887941], [76.6754414, 31.8878315], [76.6754117, 31.8877472], [76.6751213, 31.8871407], [76.674585, 31.8863593], [76.6740479, 31.8858078], [76.6731857, 31.8845205], [76.6729189, 31.8837397], [76.6728059, 31.882824], [76.6729718, 31.8822247], [76.6734512, 31.8811663], [76.6738826, 31.8802024], [76.6750119, 31.8791456], [76.6757117, 31.8785477], [76.6766766, 31.8776303], [76.6783991, 31.8761602], [76.6795799, 31.8754686], [76.6803323, 31.8748708], [76.6810329, 31.8739978], [76.6813017, 31.8726637], [76.6809774, 31.871698], [76.6801141, 31.8707354], [76.6791485, 31.8703226], [76.6777492, 31.8700485], [76.6760838, 31.8703238], [76.6724722, 31.8710631], [76.6701089, 31.8714313], [76.6677838, 31.8714649], [76.6669331, 31.8714771], [76.6644082, 31.8712], [76.6627391, 31.8710197], [76.6616633, 31.8704217], [76.6609999, 31.8699682], [76.6595128, 31.8689504], [76.6577345, 31.8683098], [76.6555838, 31.8683537], [76.6537583, 31.8690432], [76.6520912, 31.8697331], [76.6503694, 31.8709278], [76.6491881, 31.8717091], [76.648707, 31.8718936], [76.6482197, 31.8720807], [76.6469288, 31.872492], [76.6449354, 31.8728156], [76.6431645, 31.873], [76.6414417, 31.8730448], [76.6391669, 31.8735795], [76.633501, 31.8638542], [76.6329002, 31.8586055], [76.6343593, 31.8553978], [76.6322135, 31.8523359], [76.6325998, 31.8496747], [76.6292095, 31.8460657], [76.6281795, 31.8411806], [76.6280372, 31.8357077], [76.6281795, 31.8297324], [76.6313551, 31.822294], [76.6268062, 31.8126667], [76.6258192, 31.8114267], [76.6256904, 31.8092021], [76.6237592, 31.8082174], [76.6231584, 31.8054821], [76.6241884, 31.8035309], [76.6239095, 31.8013972], [76.6215277, 31.8001754], [76.6206908, 31.7987164]]]}, "properties": {"place_id": 244637088, "osm_type": "relation", "osm_id": 364161, "place_rank": 10, "category": "boundary", "type": "administrative", "importance": 0.40855121186406457, "addresstype": "state_district", "name": "Mandi", "display_name": "Mandi, Himachal Pradesh, India", "_source": "nominatim_osm", "_fetched_at": "2026-09-27T11:10:33.879791+00:00", "zone_id": "Z-HIMACHAL-MANDI-01"}}, {"type": "Feature", "geometry": {"type": "Polygon", "coordinates": [[[79.2247992, 30.5038333], [79.2248709, 30.5033657], [79.2250708, 30.5029026], [79.2253645, 30.502083], [79.2255227, 30.5017031], [79.2256389, 30.501426], [79.2259863, 30.5008209], [79.226413, 30.5001743], [79.2264655, 30.5001152], [79.2265114, 30.5000524], [79.2265452, 30.4999901], [79.2265686, 30.499924], [79.2265745, 30.4998668], [79.2264555, 30.4991152], [79.2262501, 30.4981484], [79.2262482, 30.4981395], [79.2302227, 30.4936882], [79.2312097, 30.4925788], [79.2316389, 30.4896573], [79.2287206, 30.486255], [79.2275619, 30.4823348], [79.2274332, 30.4797089], [79.2263603, 30.4777487], [79.2262315, 30.4752337], [79.2292785, 30.4727555], [79.2318105, 30.4673922], [79.2387628, 30.4619546], [79.2419815, 30.4606599], [79.2465734, 30.4592912], [79.2515945, 30.4586253], [79.2542123, 30.4588473], [79.2570018, 30.4577005], [79.2591047, 30.4561837], [79.2616796, 30.4532612], [79.2638683, 30.4493027], [79.2636108, 30.443753], [79.2623233, 30.4412741], [79.2611646, 30.4380551], [79.2586326, 30.4323938], [79.2569589, 30.424771], [79.2553281, 30.4215144], [79.2533969, 30.4186648], [79.2527103, 30.415149], [79.2521524, 30.4104487], [79.2554998, 30.4044157], [79.2632675, 30.4000851], [79.2639541, 30.3839452], [79.2651557, 30.3808354], [79.2676448, 30.3777995], [79.2688036, 30.3745414], [79.2709493, 30.3719126], [79.273653, 30.3712831], [79.2778158, 30.3699872], [79.2806053, 30.3694318], [79.2822361, 30.3675434], [79.2834377, 30.3621003], [79.2851972, 30.3596933], [79.2876005, 30.3584343], [79.2903471, 30.3576566], [79.293437, 30.3576937], [79.2959261, 30.3578788], [79.3001747, 30.3571752], [79.3019342, 30.354583], [79.3018055, 30.3516574], [79.3006038, 30.3491021], [79.2965269, 30.3473985], [79.2952823, 30.3443245], [79.2941236, 30.3369911], [79.2932711, 30.3355467], [79.2929649, 30.335028], [79.2915916, 30.3329908], [79.2910337, 30.3291385], [79.2921924, 30.326101], [79.2948103, 30.3228782], [79.2975139, 30.3219892], [79.3013334, 30.3220633], [79.3019483, 30.3227457], [79.3028354, 30.3237302], [79.3050241, 30.3259158], [79.306612, 30.3275827], [79.3103456, 30.328694], [79.3138647, 30.3273234], [79.3163967, 30.3256195], [79.3187141, 30.3238043], [79.3222761, 30.3219151], [79.3260097, 30.3208408], [79.3273401, 30.3180624], [79.3269538, 30.31458], [79.3266534, 30.3121348], [79.3269538, 30.3099489], [79.3291854, 30.307763], [79.3318891, 30.3052806], [79.3442058, 30.3050583], [79.348669, 30.30554], [79.3510294, 30.3068368], [79.3527031, 30.3075037], [79.3559217, 30.3062439], [79.3591833, 30.3032428], [79.361372, 30.3027982], [79.363861, 30.302687], [79.3666505, 30.3011308], [79.3683242, 30.2989447], [79.3711566, 30.2949058], [79.3745899, 30.2935348], [79.3786668, 30.2933495], [79.3838596, 30.2930531], [79.3878507, 30.2888286], [79.3891811, 30.2867534], [79.391756, 30.283937], [79.3950605, 30.2818987], [79.3983221, 30.2803792], [79.4009399, 30.2788227], [79.404416, 30.2774885], [79.4042873, 30.2758578], [79.4041517, 30.2756403], [79.4030857, 30.2739305], [79.400897, 30.2735599], [79.3984508, 30.2715956], [79.39682, 30.2668884], [79.3946313, 30.2652204], [79.3921852, 30.2648497], [79.3913, 30.2640763], [79.3901097, 30.2630365], [79.3884515, 30.2615879], [79.3834519, 30.2552306], [79.3810271, 30.2527655], [79.3818854, 30.2501705], [79.3801733, 30.2480576], [79.3764781, 30.2434973], [79.376049, 30.2411245], [79.3791389, 30.2368979], [79.3810271, 30.2348216], [79.3817138, 30.2300014], [79.381628, 30.2243651], [79.3831729, 30.2201378], [79.3864345, 30.2163552], [79.3919276, 30.2128692], [79.3981933, 30.2127951], [79.4043731, 30.2131659], [79.4103812, 30.2132401], [79.4162177, 30.2144268], [79.4258308, 30.2099023], [79.4322681, 30.2054518], [79.435358, 30.2021879], [79.4373321, 30.198108], [79.4381904, 30.1948439], [79.4394286, 30.192543], [79.439907, 30.1916539], [79.4417094, 30.1918022], [79.4427724, 30.1929762], [79.4432544, 30.1935085], [79.445486, 30.194102], [79.4460868, 30.1912087], [79.4460849, 30.1911111], [79.446001, 30.1868315], [79.446516, 30.1819348], [79.4498633, 30.177854], [79.456644, 30.173773], [79.4620513, 30.1703597], [79.4673728, 30.1703597], [79.4721929, 30.1707037], [79.4731235, 30.1703597], [79.4763173, 30.1696146], [79.4785308, 30.1690982], [79.4823932, 30.1696919], [79.4849681, 30.1711018], [79.4920062, 30.1733278], [79.4925478, 30.1734449], [79.4961261, 30.1742182], [79.5017909, 30.1757022], [79.5050755, 30.1764366], [79.5067691, 30.1768152], [79.5095157, 30.175257], [79.5137214, 30.1736246], [79.5198154, 30.1751828], [79.530115, 30.1837155], [79.5337199, 30.1879444], [79.538269, 30.1912087], [79.5411872, 30.1935827], [79.546337, 30.1956599], [79.552431, 30.196105], [79.5565509, 30.1980338], [79.5597266, 30.2007043], [79.564619, 30.2027814], [79.569168, 30.2042649], [79.5749187, 30.2041166], [79.5809268, 30.2075287], [79.5833301, 30.2110891], [79.5871912, 30.2141874], [79.5881366, 30.214946], [79.5981788, 30.2191736], [79.6050452, 30.2195444], [79.6062501, 30.2203311], [79.6082932, 30.2216649], [79.6089076, 30.2220661], [79.6090326, 30.2221505], [79.6119142, 30.2240957], [79.6144008, 30.2257742], [79.6146098, 30.2259279], [79.615416, 30.2265208], [79.6166108, 30.2273994], [79.6184348, 30.2287407], [79.6247005, 30.2268125], [79.6284699, 30.2307244], [79.6307166, 30.2330459], [79.6381759, 30.2346733], [79.6438407, 30.2345991], [79.6495055, 30.2328194], [79.6539687, 30.2332643], [79.6608352, 30.2337834], [79.6700191, 30.2317812], [79.6774863, 30.2311879], [79.687786, 30.2323744], [79.6913909, 30.2334126], [79.6937661, 30.2368897], [79.6944808, 30.237936], [79.6974849, 30.2452769], [79.7001456, 30.2469081], [79.7044372, 30.2469081], [79.7075271, 30.245351], [79.7116469, 30.2437939], [79.7173976, 30.2454993], [79.7228049, 30.2469081], [79.7300147, 30.2480944], [79.7340488, 30.2518016], [79.7378253, 30.2543966], [79.7440051, 30.2569173], [79.7496699, 30.2573621], [79.7602271, 30.2574363], [79.7649479, 30.2584557], [79.765377, 30.2585483], [79.769411, 30.2610689], [79.7728442, 30.2644791], [79.7727584, 30.2692976], [79.771943, 30.2799345], [79.7714281, 30.2863087], [79.7720718, 30.291015], [79.7740501, 30.2948313], [79.7726726, 30.2975367], [79.771471, 30.2995746], [79.7703552, 30.3014273], [79.767394, 30.304095], [79.7646904, 30.3049472], [79.7606134, 30.3060587], [79.7570085, 30.3081706], [79.7546053, 30.3098378], [79.753232, 30.3119866], [79.7536611, 30.313839], [79.7544336, 30.3159507], [79.7546053, 30.3172844], [79.7528028, 30.3220633], [79.7525453, 30.3247304], [79.7532749, 30.3266567], [79.7551202, 30.3292126], [79.7546053, 30.3306943], [79.7536182, 30.332287], [79.7529316, 30.3351762], [79.7525024, 30.3402875], [79.7524595, 30.3428431], [79.7489833, 30.3443616], [79.7441768, 30.3451393], [79.7382974, 30.3464726], [79.7322034, 30.347954], [79.726324, 30.3485465], [79.719332, 30.3484802], [79.7173118, 30.352324], [79.7176551, 30.3567308], [79.7162818, 30.3603228], [79.7160244, 30.364359], [79.7188543, 30.3694597], [79.7134924, 30.3699502], [79.7099304, 30.371172], [79.7064113, 30.3732085], [79.7011327, 30.3758742], [79.700489, 30.3805021], [79.6946954, 30.3874251], [79.6896743, 30.3948288], [79.6861982, 30.4004552], [79.6828508, 30.4017137], [79.6798896, 30.4075618], [79.6785593, 30.4116701], [79.6750831, 30.4142978], [79.6701049, 30.4144088], [79.6668005, 30.4178877], [79.6654272, 30.4211814], [79.6601915, 30.4240679], [79.6529388, 30.4263252], [79.6486044, 30.4271023], [79.6449136, 30.4282865], [79.6419096, 30.4269173], [79.6381759, 30.424956], [79.6350431, 30.4235498], [79.6311807, 30.4216254], [79.6294212, 30.4201822], [79.6270608, 30.4182578], [79.6213102, 30.4202562], [79.6136283, 30.4219955], [79.6082639, 30.4232537], [79.6042299, 30.424734], [79.6010541, 30.4260662], [79.5980072, 30.4257331], [79.5942735, 30.4241789], [79.5920419, 30.4234758], [79.589467, 30.4236978], [79.5875787, 30.4265102], [79.5814418, 30.4337629], [79.576292, 30.4398311], [79.572258, 30.444049], [79.568696, 30.4461579], [79.5638036, 30.4470828], [79.546895, 30.4471568], [79.5426893, 30.444419], [79.540286, 30.4417181], [79.5391702, 30.4393501], [79.5368957, 30.4382771], [79.5329904, 30.4381661], [79.5294714, 30.4377221], [79.5270681, 30.4359461], [79.5253086, 30.4332079], [79.5212745, 30.4288045], [79.5189571, 30.4257701], [79.5166826, 30.4237718], [79.5110607, 30.4221805], [79.5089149, 30.4210703], [79.5077991, 30.4184058], [79.5061683, 30.4162593], [79.5034217, 30.4141868], [79.4949245, 30.4083391], [79.4908905, 30.4077099], [79.4847965, 30.4074508], [79.4823932, 30.4076729], [79.4791746, 30.4111519], [79.4720077, 30.4177396], [79.4587807, 30.4316246], [79.4483183, 30.4426062], [79.4278906, 30.4630275], [79.4181059, 30.4707213], [79.4169043, 30.4744201], [79.4182776, 30.4812254], [79.4193075, 30.488474], [79.4196509, 30.4951305], [79.4182776, 30.4997158], [79.4124411, 30.5063714], [79.4042013, 30.5082941], [79.3971632, 30.5062235], [79.3913267, 30.5037092], [79.3853186, 30.502526], [79.3770788, 30.5037092], [79.3690108, 30.5074067], [79.3626593, 30.5118435], [79.3592261, 30.5182026], [79.3578528, 30.5251528], [79.3568228, 30.5307717], [79.3542479, 30.5353553], [79.3535612, 30.5406779], [79.360256, 30.549844], [79.3630026, 30.5635914], [79.3671225, 30.5760068], [79.370899, 30.5937403], [79.371929, 30.5984687], [79.3693541, 30.6096977], [79.3541226, 30.6253637], [79.3538628, 30.6252303], [79.3529852, 30.6251169], [79.3521372, 30.624891], [79.3501914, 30.6246261], [79.3492452, 30.6243725], [79.3481963, 30.6238787], [79.3479436, 30.6235978], [79.3479359, 30.6228883], [79.3480805, 30.6217796], [79.3480273, 30.62092], [79.3480257, 30.6190512], [79.3476574, 30.6172098], [79.3470625, 30.6155197], [79.3467475, 30.6146249], [79.3465021, 30.6139276], [79.3463581, 30.6135186], [79.3463477, 30.6130911], [79.3465599, 30.6122698], [79.3473036, 30.6114833], [79.3480473, 30.6106968], [79.3480833, 30.6104371], [79.3480519, 30.6098274], [79.3475167, 30.6083662], [79.3468641, 30.6072643], [79.3461283, 30.6065718], [79.3451776, 30.6061155], [79.3439599, 30.6059035], [79.342158, 30.6058163], [79.3417776, 30.6056448], [79.3415237, 30.6053459], [79.341301, 30.6040539], [79.340768, 30.6021929], [79.3404305, 30.6005226], [79.3400671, 30.5993619], [79.3394968, 30.5982652], [79.3386728, 30.5966803], [79.3376139, 30.5958341], [79.3359091, 30.5949177], [79.3331208, 30.5935672], [79.3323134, 30.593334], [79.3317705, 30.5933218], [79.3302085, 30.5937651], [79.3270518, 30.5942918], [79.323261, 30.5949241], [79.3216664, 30.5946592], [79.3202945, 30.5941438], [79.3188363, 30.593856], [79.3169384, 30.5931304], [79.3158335, 30.5924062], [79.3141949, 30.5920795], [79.3115768, 30.5913289], [79.3110022, 30.5907868], [79.3102449, 30.5898841], [79.3100895, 30.5896989], [79.309519, 30.5895512], [79.3076831, 30.5894035], [79.3069606, 30.5893454], [79.3068293, 30.58921], [79.306848, 30.5890341], [79.3072616, 30.5883524], [79.3076289, 30.5867449], [79.3074982, 30.5851102], [79.3071613, 30.5836447], [79.306219, 30.5823926], [79.3053817, 30.5817383], [79.3044856, 30.5808749], [79.3040165, 30.5800834], [79.3038961, 30.5789236], [79.3039786, 30.5777612], [79.3042589, 30.5760767], [79.3039173, 30.5752058], [79.3033773, 30.5747038], [79.3024834, 30.5734706], [79.3019277, 30.5720967], [79.3012479, 30.5707652], [79.3004495, 30.5696141], [79.3002224, 30.5689435], [79.3001793, 30.5684036], [79.3002544, 30.5673845], [79.3002918, 30.5668772], [79.2999602, 30.5663338], [79.299386, 30.5657616], [79.2984878, 30.565288], [79.2973156, 30.5646698], [79.2964877, 30.5637222], [79.2959073, 30.5621486], [79.2955954, 30.5613031], [79.295279, 30.5609365], [79.2949564, 30.5608052], [79.2947479, 30.5607203], [79.2943436, 30.5609225], [79.293636, 30.5614691], [79.2918294, 30.5623108], [79.2902685, 30.5626038], [79.2889531, 30.5623882], [79.2876378, 30.5621726], [79.2867247, 30.5622785], [79.2856239, 30.5628934], [79.2847307, 30.5635591], [79.2836413, 30.5639488], [79.2830078, 30.5639113], [79.2819473, 30.5635668], [79.2806203, 30.5633611], [79.2797422, 30.5634172], [79.2779965, 30.5636993], [79.2767607, 30.5637038], [79.2758028, 30.5635796], [79.2750056, 30.563636], [79.2740333, 30.5640015], [79.2722936, 30.5652131], [79.2704237, 30.5662695], [79.2677807, 30.5666321], [79.2653315, 30.566731], [79.2628988, 30.5664668], [79.2610155, 30.5661418], [79.2582314, 30.5662391], [79.2564802, 30.5663002], [79.2560496, 30.5660592], [79.2558188, 30.5656629], [79.2551736, 30.5638664], [79.2541962, 30.5631723], [79.2522724, 30.5623539], [79.2509652, 30.5617414], [79.2485135, 30.5605235], [79.2485128, 30.5605232], [79.2484729, 30.5604968], [79.2475973, 30.5599626], [79.2468894, 30.5595834], [79.2462994, 30.5592713], [79.2458881, 30.559087], [79.2456142, 30.5589192], [79.245478, 30.5587124], [79.24543, 30.5583235], [79.2454513, 30.5578438], [79.2455697, 30.5572218], [79.2456266, 30.5569127], [79.2459107, 30.5561646], [79.2461951, 30.5553768], [79.2465817, 30.5543594], [79.2466694, 30.5535192], [79.246662, 30.5532217], [79.2465633, 30.5528882], [79.2464231, 30.5525941], [79.246214, 30.5523155], [79.2458149, 30.5516514], [79.2454161, 30.5509437], [79.2451022, 30.5505774], [79.2447056, 30.5502504], [79.2438157, 30.5496792], [79.2433316, 30.5494311], [79.2423988, 30.5491214], [79.2417909, 30.5488846], [79.2415675, 30.5487051], [79.2414457, 30.5483992], [79.241448, 30.5480305], [79.2415698, 30.5475988], [79.2417103, 30.5471037], [79.2419195, 30.5466209], [79.2421973, 30.5461543], [79.2427291, 30.5453597], [79.2432464, 30.5446998], [79.2435845, 30.5441066], [79.243743, 30.543675], [79.2437271, 30.5432745], [79.2435782, 30.5421634], [79.243559, 30.5415764], [79.2436533, 30.5411406], [79.2440247, 30.5403453], [79.2444733, 30.5396692], [79.2450505, 30.5389422], [79.2452951, 30.5386499], [79.2453787, 30.5384679], [79.2454498, 30.5380875], [79.2454472, 30.5377623], [79.2451498, 30.5369599], [79.2447684, 30.5364148], [79.2444447, 30.5361476], [79.244084, 30.5359596], [79.2435815, 30.5357272], [79.242732, 30.5352989], [79.2417133, 30.5348382], [79.2407174, 30.5343854], [79.2393054, 30.5337959], [79.2381484, 30.5334732], [79.2378609, 30.5332894], [79.2374374, 30.5328869], [79.2369783, 30.5323137], [79.2361263, 30.5315602], [79.2353841, 30.5308469], [79.2344305, 30.5302237], [79.2331343, 30.5294681], [79.2322033, 30.5289006], [79.2309891, 30.5282128], [79.2298881, 30.5277317], [79.22908, 30.5273035], [79.2288986, 30.5270132], [79.2286914, 30.526453], [79.2284706, 30.525869], [79.2282514, 30.5250431], [79.2279764, 30.5243319], [79.2278295, 30.523665], [79.2277264, 30.5232996], [79.2275628, 30.5230966], [79.2270803, 30.5226184], [79.226635, 30.5220492], [79.2265491, 30.5218585], [79.2265416, 30.5215927], [79.2266628, 30.5212721], [79.227014, 30.520782], [79.2271762, 30.5204893], [79.2272095, 30.5202951], [79.2272219, 30.5197796], [79.2272756, 30.5192604], [79.2273794, 30.518781], [79.2277698, 30.5178866], [79.2279882, 30.5173998], [79.2281952, 30.5165323], [79.2282121, 30.5160446], [79.2281002, 30.5156276], [79.2277018, 30.5148881], [79.2270171, 30.5137903], [79.2265965, 30.5129356], [79.226309, 30.5120459], [79.226021, 30.5112315], [79.225923, 30.5108027], [79.2256965, 30.5104091], [79.2255702, 30.5100912], [79.2254908, 30.5096109], [79.2255081, 30.5090598], [79.2256679, 30.5084061], [79.2257911, 30.5077643], [79.2258745, 30.5068882], [79.2259778, 30.5064881], [79.2265321, 30.5057452], [79.2266991, 30.5054247], [79.2267137, 30.505286], [79.2264496, 30.5050349], [79.2253995, 30.5045104], [79.2249617, 30.5042227], [79.2247992, 30.5038333]]]}, "properties": {"place_id": 243901532, "osm_type": "relation", "osm_id": 9990700, "place_rank": 12, "category": "boundary", "type": "administrative", "importance": 0.24003750133516438, "addresstype": "county", "name": "Chamoli Tehsil", "display_name": "Chamoli Tehsil, Chamoli, Uttarakhand, India", "address": {"county": "Chamoli Tehsil", "state_district": "Chamoli", "state": "Uttarakhand", "ISO3166-2-lvl4": "IN-UK", "country": "India", "country_code": "in"}, "_source": "nominatim_osm_reverse", "_fetched_at": "2026-09-27T11:10:39.569374+00:00", "zone_id": "Z-UTTARAKHAND-GOPESHWAR-01"}}, {"type": "Feature", "geometry": {"type": "Polygon", "coordinates": [[[76.0813139, 11.6012698], [76.0813637, 11.6011821], [76.0815976, 11.6010894], [76.0816972, 11.6010845], [76.0819361, 11.6014161], [76.0819013, 11.6014527], [76.0814707, 11.6014503], [76.0813462, 11.6013527], [76.0813139, 11.6012698]]]}, "properties": {"place_id": 253404268, "osm_type": "way", "osm_id": 839464171, "place_rank": 30, "category": "amenity", "type": "bank", "importance": 4.7064164187030097e-05, "addresstype": "amenity", "name": "Bank of India", "display_name": "Bank of India, Wayanad Road, Kalpetta, Vythiri, Wayanad, Kerala, 673121, India", "_source": "nominatim_osm", "_fetched_at": "2026-09-27T11:10:44.110361+00:00", "zone_id": "Z-KERALA-KALPETTA-01"}}], "_not_found_in_osm": []}